date,symbol,open,high,low,close,adjusted_close,volume,rate_1year,rate_3month,rate_10year,cpi_core,cpi_headline,ppi_final,gdp_growth,vix,unemployment,dividend_per_share,dividend_growth_pct,return_outlier_flag,volume_outlier_flag,daily_return,log_return,volatility_10d,volatility_21d,volatility_63d,vix_change,vix_jpm_corr_21d,vix_jpm_corr_63d,term_spread_10y_3m,rate_10y_momentum_5d,rate_3m_momentum_5d,rate_10y_momentum_21d,rate_3m_momentum_21d,dividend_growth_yoy,gdp_growth_rate_qoq
2018-01-02,JPM,107.62999725341795,108.0199966430664,106.80999755859376,107.9499969482422,85.90127563476562,13578800,1.83,1.44,2.46,255.711,249.529,115.1,20304.874,9.77,4.1,0.56,0.1200000000000001,True,False,,,,,,,,,1.02,,,,,,
2018-01-03,JPM,107.86000061035156,108.48999786376952,107.4800033569336,108.05999755859376,85.98881530761719,11901000,1.81,1.41,2.44,255.711,249.529,115.1,20304.874,9.15,4.1,0.56,0.1200000000000001,False,False,0.0010190730254548974,0.0010185541230423383,,,,-0.06345957011258951,,,1.03,,,,,,
2018-01-04,JPM,108.36000061035156,110.02999877929688,108.1999969482422,109.04000091552734,87.22065734863281,12953700,1.82,1.41,2.46,255.711,249.529,115.1,20304.874,9.22,4.1,0.56,0.0,False,False,0.014325607773625126,0.014223965826288447,,,,0.007650273224043769,,,1.05,,,,,,
2018-01-05,JPM,109.26000213623048,109.5500030517578,107.77999877929688,108.33999633789062,86.66072845458984,14155000,1.8,1.39,2.47,255.711,249.529,115.1,20304.874,9.22,4.1,0.56,0.0,False,False,-0.0064196821150390715,-0.00644037689106896,,,,0.0,,,1.0800000000000003,,,,,,
2018-01-08,JPM,108.1500015258789,108.68000030517578,107.6999969482422,108.5,86.78871154785156,12466500,1.79,1.45,2.49,255.711,249.529,115.1,20304.874,9.52,4.1,0.56,0.0,False,False,0.0014768291883073825,0.0014757397485607073,,,,0.03253796095444672,,,1.0400000000000003,,,,,,
2018-01-09,JPM,108.72000122070312,109.62999725341795,108.48999786376952,109.0500030517578,87.2286376953125,13292300,1.78,1.44,2.55,255.711,249.529,115.1,20304.874,10.08,4.1,0.56,0.0,False,False,0.00506893280952081,0.005056129019081879,,,,0.05882352941176472,,,1.1099999999999999,0.08999999999999986,0.0,,,,
2018-01-10,JPM,109.47000122070312,110.6999969482422,109.38999938964844,110.25,88.18850708007812,15834500,1.78,1.42,2.55,255.711,249.529,115.1,20304.874,9.82,4.1,0.56,0.0,False,False,0.01100406254329478,0.010943958371798714,,,,-0.025793650793650813,,,1.13,0.10999999999999988,0.010000000000000009,,,,
2018-01-11,JPM,110.66999816894533,110.93000030517578,110.0500030517578,110.83999633789062,88.66045379638672,13676800,1.77,1.43,2.54,255.711,249.529,115.1,20304.874,9.88,4.1,0.56,0.0,False,False,0.005351567136520963,0.00533729838526148,,,,0.006109979633401208,,,1.11,0.08000000000000007,0.020000000000000018,,,,
2018-01-12,JPM,111.6500015258789,112.8499984741211,110.83999633789062,112.66999816894533,90.12427520751952,18884200,1.78,1.43,2.55,255.711,249.529,115.1,20304.874,10.16,4.1,0.56,0.0,False,False,0.01651042091995758,0.016375605799536806,,,,0.028340080971659853,,,1.1199999999999999,0.07999999999999963,0.040000000000000036,,,,
2018-01-16,JPM,111.51000213623048,113.43000030517578,111.06999969482422,112.2699966430664,89.80431365966797,22703300,1.79,1.45,2.54,255.711,249.529,115.1,20304.874,11.66,4.1,0.56,0.0,False,False,-0.003550226030831438,-0.003556543038902503,,,,0.1476377952755905,,,1.09,0.04999999999999982,0.0,,,,
2018-01-17,JPM,111.88999938964844,113.3000030517578,111.30999755859376,112.98999786376952,90.3802261352539,14940300,1.79,1.44,2.57,255.711,249.529,115.1,20304.874,11.91,4.1,0.56,0.0,False,False,0.006412971182748306,0.006392495576080177,0.11643388126602158,,,0.021440823327615766,,,1.13,0.020000000000000018,0.0,,,,
2018-01-18,JPM,112.76000213623048,113.72000122070312,112.2699966430664,113.26000213623048,90.59620666503906,14572900,1.79,1.45,2.62,255.711,249.529,115.1,20304.874,12.22,4.1,0.56,0.0,False,False,0.002389687866701573,0.0023868371033711993,0.11529362054748941,,,0.02602854743912686,,,1.1700000000000002,0.07000000000000028,0.030000000000000027,,,,
2018-01-19,JPM,113.94000244140624,114.33999633789062,112.8000030517578,113.01000213623048,90.39623260498048,18785500,1.79,1.44,2.64,255.711,249.529,115.1,20304.874,11.27,4.1,0.56,0.0,False,False,-0.002207311623961705,-0.002209751327048821,0.10868125716684583,,,-0.07774140752864167,,,1.2000000000000002,0.10000000000000009,0.010000000000000009,,,,
2018-01-22,JPM,112.66000366210938,114.38999938964844,112.5,114.33000183105467,91.45207977294922,12475700,1.79,1.44,2.66,255.711,249.529,115.1,20304.874,11.03,4.1,0.56,0.0,False,False,0.011680212078999386,0.011612524958659021,0.09948947925380489,,,-0.021295474711623852,,,1.2200000000000002,0.11000000000000032,0.010000000000000009,,,,
2018-01-23,JPM,113.66999816894533,114.63999938964844,113.3499984741211,114.20999908447266,91.35612487792967,12320800,1.78,1.44,2.63,255.711,249.529,115.1,20304.874,11.1,4.1,0.56,0.0,False,False,-0.0010492368818486586,-0.0010497877162032965,0.10301101521625806,,,0.006346328195829587,,,1.19,0.08999999999999986,-0.010000000000000009,,,,
2018-01-24,JPM,114.86000061035156,116.0,114.66000366210938,115.66999816894533,92.5239486694336,15904500,1.79,1.43,2.65,255.711,249.529,115.1,20304.874,11.47,4.1,0.56,0.0,False,False,0.012783201926136467,0.012702186494297578,0.10978782954825582,,,0.03333333333333344,,,1.22,0.08000000000000007,-0.010000000000000009,,,,
2018-01-25,JPM,116.04000091552734,116.16999816894533,115.08000183105467,115.6999969482422,92.54795837402344,13510000,1.8,1.42,2.63,255.711,249.529,115.1,20304.874,11.58,4.1,0.56,0.0,False,False,0.0002594971889453568,0.00025946352537343045,0.1091251577810706,,,0.009590235396687019,,,1.21,0.009999999999999787,-0.030000000000000027,,,,
2018-01-26,JPM,115.6999969482422,116.31999969482422,114.95999908447266,116.31999969482422,93.04387664794922,13883900,1.8,1.41,2.66,255.711,249.529,115.1,20304.874,11.08,4.1,0.56,0.0,False,False,0.005358500421171586,0.005344194739701155,0.1091260697268189,,,-0.04317789291882557,,,1.2500000000000002,0.020000000000000018,-0.030000000000000027,,,,
2018-01-29,JPM,116.0199966430664,117.3499984741211,116.0199966430664,116.1999969482422,92.94789123535156,11679900,1.8,1.44,2.7,255.711,249.529,115.1,20304.874,13.84,4.1,0.56,0.0,False,False,-0.0010316145033469892,-0.0010321469838299728,0.09102544073819673,,,0.2490974729241877,,,1.2600000000000002,0.040000000000000036,0.0,,,,
2018-01-30,JPM,115.52999877929688,116.5999984741211,114.9800033569336,115.11000061035156,92.07601165771484,14279100,1.88,1.44,2.73,255.711,249.529,115.1,20304.874,14.79,4.1,0.56,0.0,False,False,-0.009380305094055852,-0.009424577230824576,0.10646982128065677,,,0.0686416184971097,,,1.29,0.10000000000000009,0.0,,,,
2018-01-31,JPM,115.6500015258789,116.66000366210938,115.16000366210938,115.66999816894533,92.5239486694336,13141400,1.9,1.46,2.72,255.711,249.529,115.1,20304.874,13.54,4.1,0.56,0.0,False,False,0.0048648611473738335,0.004853065949580011,0.10516567122137085,,,-0.08451656524678841,,,1.2600000000000002,0.07000000000000028,0.030000000000000027,,,,
2018-02-01,JPM,115.7699966430664,116.98999786376952,115.4800033569336,116.87000274658205,93.48382568359376,13800600,1.89,1.48,2.78,255.711,249.529,115.1,20304.874,13.47,4.1,0.56,0.0,False,False,0.01037436283215265,0.010320918446560728,0.11253929584338847,0.10988111734554126,,-0.005169867060561217,-0.24151437221834812,,1.2999999999999998,0.1499999999999999,0.06000000000000005,0.31999999999999984,0.040000000000000036,,
2018-02-02,JPM,116.48999786376952,116.91999816894533,114.08999633789062,114.27999877929688,91.41209411621094,16477300,1.88,1.48,2.84,255.711,249.529,115.1,20304.874,17.31,4.1,0.56,0.0,False,False,-0.022161390510427204,-0.022410643536585374,0.17028743565684085,0.14296104805567825,,0.285077951002227,-0.565918276430058,,1.3599999999999999,0.17999999999999972,0.07000000000000006,0.3999999999999999,0.07000000000000006,,
2018-02-05,JPM,113.0,114.58999633789062,103.9800033569336,108.8000030517578,87.0286865234375,30097600,1.85,1.51,2.77,255.711,249.529,115.1,20304.874,37.32,4.1,0.56,0.0,True,True,-0.04795216251364809,-0.0491399959927799,0.2937723874155119,0.22484613261351924,,1.1559792027729636,-0.8608882007220617,,1.26,0.06999999999999984,0.07000000000000006,0.31000000000000005,0.10000000000000009,,
2018-02-06,JPM,106.8499984741211,112.4800033569336,106.61000061035156,112.11000061035156,89.67630767822266,33114800,1.87,1.52,2.79,255.711,249.529,115.1,20304.874,29.98,4.1,0.56,0.0,False,True,0.030422395885201903,0.029968811268783455,0.34254451586449,0.24627318168643583,,-0.19667738478027863,-0.8710489457822753,,1.27,0.06000000000000005,0.08000000000000007,0.31999999999999984,0.13000000000000012,,
2018-02-07,JPM,111.5500030517578,114.4499969482422,111.1500015258789,112.87000274658205,90.28424835205078,21878300,1.91,1.55,2.84,255.711,249.529,115.1,20304.874,27.73,4.1,0.56,0.0,False,False,0.0067792786028784136,0.0067564026239158425,0.33671993773468734,0.2469103692609372,,-0.07505003335557037,-0.8717102468534818,,1.2899999999999998,0.11999999999999966,0.09000000000000008,0.34999999999999964,0.10000000000000009,,
2018-02-08,JPM,113.11000061035156,113.11000061035156,107.83999633789062,107.87999725341795,86.29275512695312,27425800,1.91,1.55,2.85,255.711,249.529,115.1,20304.874,33.46,4.1,0.56,0.0,True,True,-0.044210294685440465,-0.045217363648794445,0.3982413152572453,0.2954156320120738,,0.20663541291020548,-0.7837009925442976,,1.3,0.07000000000000028,0.07000000000000006,0.30000000000000027,0.1100000000000001,,
2018-02-09,JPM,109.0999984741211,111.0500030517578,106.2300033569336,110.04000091552734,88.02053833007812,28188000,1.89,1.55,2.83,255.711,249.529,115.1,20304.874,29.06,4.1,0.56,0.0,False,True,0.020022343713363977,0.019824532657592764,0.4169993603121809,0.3012986535663575,,-0.1315002988643157,-0.7891630695104764,,1.28,-0.009999999999999787,0.07000000000000006,0.28000000000000025,0.13000000000000012,,
2018-02-12,JPM,111.16999816894533,112.7300033569336,110.06999969482422,111.73999786376952,89.38038635253906,18043300,1.93,1.62,2.86,255.711,249.529,115.1,20304.874,25.61,4.1,0.56,0.0,False,False,0.01544921274352462,0.015331088718257398,0.42985566277881,0.3055264575024581,,-0.11871988988300064,-0.7940994230660942,,1.2399999999999998,0.08999999999999986,0.1100000000000001,0.31999999999999984,0.19000000000000017,,
2018-02-13,JPM,111.31999969482422,113.0500030517578,110.8000030517578,112.43000030517578,89.93229675292969,16358200,1.95,1.59,2.83,255.711,249.529,115.1,20304.874,24.97,4.1,0.56,0.0,False,False,0.006174849124211068,0.006155862861476889,0.4313756994487427,0.30080156485813786,,-0.02499023818820778,-0.8039474330944418,,1.24,0.040000000000000036,0.07000000000000006,0.28000000000000025,0.16000000000000014,,
2018-02-14,JPM,112.62999725341795,115.2699966430664,112.52999877929688,115.02999877929688,92.01201629638672,15186900,1.98,1.58,2.91,255.711,249.529,115.1,20304.874,19.26,4.1,0.56,0.0,False,False,0.023125391194785516,0.022862051496064476,0.4489187494364992,0.3107357822541304,,-0.22867440929114924,-0.8144563595329369,,1.33,0.07000000000000028,0.030000000000000027,0.3700000000000001,0.13000000000000012,,
2018-02-15,JPM,115.73999786376952,115.98999786376952,114.22000122070312,115.51000213623048,92.3959732055664,12130200,1.99,1.58,2.9,255.711,249.529,115.1,20304.874,19.13,4.1,0.56,0.0,False,False,0.0041728996345749,0.00416421723437055,0.44579542229655045,0.31035833055271356,,-0.006749740394600301,-0.8150034164607234,,1.3199999999999998,0.04999999999999982,0.030000000000000027,0.33000000000000007,0.14000000000000012,,
2018-02-16,JPM,114.5500030517578,116.06999969482422,114.5,114.68000030517578,91.7320785522461,13214300,2.0,1.62,2.87,255.711,249.529,115.1,20304.874,19.46,4.1,0.56,0.0,False,False,-0.007185320207010015,-0.007211258947036254,0.43182915604219546,0.31161598501911664,,0.01725039205436496,-0.8087477639084494,,1.25,0.040000000000000036,0.07000000000000006,0.25,0.17000000000000015,,
2018-02-20,JPM,114.6500015258789,115.38999938964844,113.97000122070312,114.70999908447266,91.75605010986328,13461500,2.01,1.66,2.88,255.711,249.529,115.1,20304.874,20.6,4.1,0.56,0.0,False,False,0.0002613214264357566,0.0002612872879390837,0.3332650134587393,0.31145344201114145,,0.058581706063720373,-0.8170390294923643,,1.22,0.020000000000000018,0.039999999999999813,0.23999999999999977,0.21999999999999997,,
2018-02-21,JPM,115.0,117.4499969482422,114.66999816894533,115.19000244140624,92.1400146484375,14212500,2.03,1.64,2.94,255.711,249.529,115.1,20304.874,20.02,4.1,0.56,0.0,False,False,0.004184623663665565,0.0041758924754118415,0.303617686319723,0.30923115480301566,,-0.028155339805825297,-0.8176904350539459,,1.3,0.10999999999999988,0.04999999999999982,0.2799999999999998,0.19999999999999996,,
2018-02-22,JPM,115.5,116.43000030517578,114.76000213623048,114.9800033569336,91.9720458984375,17070400,2.02,1.63,2.92,255.711,249.529,115.1,20304.874,18.72,4.1,0.56,0.0,False,False,-0.0018229729031505881,-0.0018246365404046014,0.30347151674224043,0.30928721019802596,,-0.06493506493506496,-0.8127098657551087,,1.29,0.009999999999999787,0.04999999999999982,0.29000000000000004,0.18999999999999995,,
2018-02-23,JPM,115.30999755859376,117.38999938964844,115.30999755859376,117.30999755859376,93.8357925415039,12162500,2.02,1.64,2.88,255.711,249.529,115.1,20304.874,16.49,4.1,0.56,0.0,False,False,0.020264272963162133,0.020061684878221558,0.16556706070136343,0.3140142084016169,,-0.11912393162393164,-0.8208382930515549,,1.24,-0.020000000000000018,0.05999999999999983,0.22999999999999998,0.20999999999999996,,
2018-02-26,JPM,118.13999938964844,118.9000015258789,117.31999969482422,118.7699966430664,95.00363159179688,16511200,2.03,1.66,2.86,255.711,249.529,115.1,20304.874,15.8,4.1,0.56,0.0,False,False,0.012445560682789791,0.012368751326173716,0.15503210026255093,0.3166056471422475,,-0.04184354154032732,-0.8213145516719654,,1.2,-0.010000000000000231,0.039999999999999813,0.22999999999999998,0.24,,
2018-02-27,JPM,118.91000366210938,119.33000183105467,117.3499984741211,117.36000061035156,93.8757781982422,17563300,2.08,1.66,2.9,255.711,249.529,115.1,20304.874,18.59,4.1,0.56,0.0,False,False,-0.011871687162452238,-0.011942718373750993,0.17613907447607183,0.31943754632949684,,0.1765822784810125,-0.8226811921378927,,1.24,0.020000000000000018,0.0,0.23999999999999977,0.25,,
2018-02-28,JPM,117.81999969482422,118.48999786376952,115.33999633789062,115.5,92.3879623413086,17735600,2.07,1.65,2.87,255.711,249.529,115.1,20304.874,19.85,4.1,0.56,0.0,False,False,-0.015848772553359924,-0.015975707308920804,0.20450045163801175,0.32445087257405414,,0.06777837547068333,-0.8201475003659026,,1.2200000000000002,-0.06999999999999984,0.010000000000000009,0.16999999999999993,0.20999999999999996,,
2018-03-01,JPM,115.4800033569336,116.63999938964844,112.6500015258789,113.43000030517578,90.73217010498048,18690000,2.05,1.63,2.81,256.271,249.577,115.3,20304.874,22.47,4.0,0.56,0.0,False,False,-0.01792216425567572,-0.018084711300012667,0.19448875839631252,0.3288804145097107,,0.1319899244332492,-0.8184837422694952,,1.1800000000000002,-0.10999999999999988,0.0,0.08000000000000007,0.18999999999999995,,
2018-03-02,JPM,112.38999938964844,113.55999755859376,111.12000274658205,113.31999969482422,90.6441879272461,18353700,2.06,1.65,2.86,256.271,249.577,115.3,20304.874,19.59,4.0,0.56,0.0,False,False,-0.0009696910988967744,-0.000970161553465408,0.19206805021235948,0.328259566546513,,-0.1281708945260347,-0.8100619356836856,,1.21,-0.020000000000000018,0.010000000000000009,0.13999999999999968,0.18999999999999995,,
2018-03-05,JPM,112.0500030517578,115.93000030517578,111.88999938964844,115.05999755859376,92.03602600097656,13933000,2.06,1.7,2.88,256.271,249.577,115.3,20304.874,18.73,4.0,0.56,0.0,False,False,0.015354962138858896,0.015238267750190545,0.207198185874772,0.330824069075856,,-0.04389994895354765,-0.8096274848328656,,1.18,0.020000000000000018,0.040000000000000036,0.10000000000000009,0.21999999999999997,,
2018-03-06,JPM,115.63999938964844,115.81999969482422,114.31999969482422,115.16000366210938,92.11602020263672,10674400,2.06,1.68,2.88,256.271,249.577,115.3,20304.874,18.36,4.0,0.56,0.0,False,False,0.0008691618395095801,0.0008687843370825835,0.2072149215686244,0.32130476886201376,,-0.019754404698344996,-0.8008198923267208,,1.2,-0.020000000000000018,0.020000000000000018,0.040000000000000036,0.19999999999999996,,
2018-03-07,JPM,113.75,115.0999984741211,113.11000061035156,114.7300033569336,91.7720718383789,13006500,2.05,1.68,2.89,256.271,249.577,115.3,20304.874,17.76,4.0,0.56,0.0,False,False,-0.0037338604457856084,-0.003740848703576297,0.20697749899087436,0.2670820137178886,,-0.03267973856209139,-0.8776644040983209,,1.2100000000000002,0.020000000000000018,0.030000000000000027,0.1200000000000001,0.16999999999999993,,
2018-03-08,JPM,115.11000061035156,115.2300033569336,113.20999908447266,114.73999786376952,91.78005981445312,11173700,2.05,1.67,2.86,256.271,249.577,115.3,20304.874,16.54,4.0,0.56,0.0,False,False,8.70414703972866e-05,8.703768250830283e-05,0.20683152472958577,0.247757362668439,,-0.06869369369369382,-0.8540201470164084,,1.19,0.04999999999999982,0.040000000000000036,0.06999999999999984,0.1499999999999999,,
2018-03-09,JPM,116.5500030517578,118.08000183105467,115.66999816894533,118.04000091552734,94.41970825195312,15366600,2.03,1.67,2.9,256.271,249.577,115.3,20304.874,14.64,4.0,0.56,0.0,False,False,0.028760587461333476,0.02835476453463754,0.2322204878286272,0.26468462102174745,,-0.11487303506650537,-0.8496391283501005,,1.23,0.040000000000000036,0.020000000000000018,0.06000000000000005,0.11999999999999988,,
2018-03-12,JPM,118.0,118.75,117.25,117.66000366210938,94.1157455444336,12339300,2.05,1.71,2.87,256.271,249.577,115.3,20304.874,15.78,4.0,0.56,0.0,False,False,-0.003219271835795401,-0.003224464839493884,0.22314737401300241,0.20276082276822666,,0.07786885245901631,-0.7993022152833256,,1.1600000000000001,-0.009999999999999787,0.010000000000000009,0.020000000000000018,0.15999999999999992,,
2018-03-13,JPM,118.1999969482422,118.47000122070312,115.83000183105467,116.25,92.98789978027344,13312300,2.03,1.73,2.84,256.271,249.577,115.3,20304.874,16.35,4.0,0.56,0.0,False,False,-0.011983603356015338,-0.012055985578471151,0.22330443383090576,0.20174599546836253,,0.03612167300380231,-0.787588007174235,,1.1099999999999999,-0.040000000000000036,0.050000000000000044,0.009999999999999787,0.17999999999999994,,
2018-03-14,JPM,116.55999755859376,116.58999633789062,114.5999984741211,114.9499969482422,91.94803619384766,12905100,2.05,1.76,2.81,256.271,249.577,115.3,20304.874,17.23,4.0,0.56,0.0,False,False,-0.01118278387707361,-0.011245781302727643,0.21551979640600266,0.20164440546729895,,0.05382262996941889,-0.7827476948579558,,1.05,-0.08000000000000007,0.08000000000000007,-0.04999999999999982,0.1399999999999999,,
2018-03-15,JPM,115.87000274658205,116.0,114.83000183105467,115.23999786376952,92.18001556396484,8748000,2.07,1.77,2.82,256.271,249.577,115.3,20304.874,16.59,4.0,0.56,0.0,False,False,0.0025229399095390015,0.002519762639564196,0.1919140186202855,0.20094437119404335,,-0.037144515380150955,-0.7835323477041624,,1.0499999999999998,-0.040000000000000036,0.10000000000000009,-0.010000000000000231,0.17999999999999994,,
2018-03-16,JPM,115.33999633789062,116.5999984741211,115.33999633789062,115.44000244140624,92.3399658203125,19888900,2.08,1.78,2.85,256.271,249.577,115.3,20304.874,15.8,4.0,0.56,0.0,False,False,0.0017351945035923855,0.0017336907928455223,0.19138603266988993,0.18490234705653025,,-0.04761904761904756,-0.7351502189279158,,1.07,-0.04999999999999982,0.1100000000000001,-0.06000000000000005,0.19999999999999996,,
2018-03-19,JPM,115.0999984741211,115.4499969482422,113.3000030517578,114.52999877929688,91.61207580566406,13214900,2.08,1.8,2.85,256.271,249.577,115.3,20304.874,19.02,4.0,0.56,0.0,False,False,-0.007882719125810178,-0.007913951997796957,0.1810602200741425,0.18634261131401134,,0.20379746835443036,-0.7059252657102599,,1.05,-0.020000000000000018,0.09000000000000008,-0.04999999999999982,0.21999999999999997,,
2018-03-20,JPM,114.87000274658205,115.4499969482422,114.4499969482422,114.63999938964844,91.70006561279295,9921200,2.08,1.81,2.89,256.271,249.577,115.3,20304.874,18.2,4.0,0.56,0.0,False,False,0.0009604607946613886,0.0009599998473166387,0.18107956584178317,0.18472530082078495,,-0.04311251314405895,-0.7058000977372878,,1.08,0.050000000000000266,0.08000000000000007,0.020000000000000018,0.18999999999999995,,
2018-03-21,JPM,114.80999755859376,116.62999725341795,114.20999908447266,114.73999786376952,91.78005981445312,13633000,2.06,1.74,2.89,256.271,249.577,115.3,20304.874,17.86,4.0,0.56,0.0,False,False,0.0008723461769148955,0.0008719659041256464,0.1802126463577897,0.1847489882643569,,-0.018681318681318726,-0.713665443527759,,1.1500000000000001,0.08000000000000007,-0.020000000000000018,0.010000000000000231,0.08000000000000007,,
2018-03-22,JPM,113.1999969482422,113.5999984741211,109.54000091552734,109.9499969482422,87.94855499267578,22550400,2.05,1.72,2.83,256.271,249.577,115.3,20304.874,23.34,4.0,0.56,0.0,True,False,-0.04174659320906193,-0.04264301950635948,0.2798227478980748,0.23563561600597865,,0.30683090705487115,-0.8165822337000066,,1.11,0.010000000000000231,-0.050000000000000044,-0.10999999999999988,0.08000000000000007,,
2018-03-23,JPM,110.2699966430664,110.91999816894533,106.76000213623048,107.01000213623048,85.59683990478516,23081500,2.04,1.74,2.82,256.271,249.577,115.3,20304.874,24.87,4.0,0.56,0.0,False,False,-0.026739667162086644,-0.02710367570959125,0.23345817622516826,0.2508835287105417,,0.06555269922879181,-0.8050323623510822,,1.0799999999999998,-0.03000000000000025,-0.040000000000000036,-0.10000000000000009,0.1100000000000001,,
2018-03-26,JPM,109.19000244140624,111.16000366210938,108.6500015258789,110.30999755859376,88.23649597167969,20217500,2.06,1.79,2.85,256.271,249.577,115.3,20304.874,21.03,4.0,0.56,0.0,False,False,0.03083824204060326,0.030372298487616224,0.30876763940666674,0.2651785030911472,,-0.15440289505428229,-0.8130493507998409,,1.06,0.0,-0.010000000000000009,-0.029999999999999805,0.15000000000000013,,
2018-03-27,JPM,111.06999969482422,111.69000244140624,107.3000030517578,108.16999816894533,86.52471160888672,18039900,2.1,1.77,2.78,256.271,249.577,115.3,20304.874,22.5,4.0,0.56,0.0,False,False,-0.01939995853124521,-0.019590607475840485,0.31485434290037856,0.26505728806102313,,0.06990014265335232,-0.8101365604455191,,1.0099999999999998,-0.11000000000000032,-0.040000000000000036,-0.08000000000000007,0.1100000000000001,,
2018-03-28,JPM,108.27999877929688,109.16999816894533,106.6500015258789,108.0,86.38875579833984,19189300,2.12,1.73,2.77,256.271,249.577,115.3,20304.874,22.87,4.0,0.56,0.0,False,False,-0.0015712945818464608,-0.0015725303598617781,0.31512186220528,0.2637958097213472,,0.016444444444444484,-0.8214903489900148,,1.04,-0.1200000000000001,-0.010000000000000009,-0.1299999999999999,0.07000000000000006,,
2018-03-29,JPM,108.5,110.77999877929688,107.77999877929688,109.97000122070312,87.96453094482422,13274600,2.09,1.73,2.74,256.271,249.577,115.3,20304.874,19.97,4.0,0.56,0.0,False,False,0.018240512112047913,0.018076149665554406,0.3361969602516409,0.27053645360108525,,-0.12680367293397476,-0.8329077628045719,,1.0100000000000002,-0.08999999999999986,0.010000000000000009,-0.1299999999999999,0.08000000000000007,,
2018-04-02,JPM,109.95999908447266,110.7300033569336,106.08000183105467,107.8499984741211,86.26876831054688,18822500,2.08,1.77,2.73,256.271,249.577,115.3,20304.874,23.62,4.0,0.56,0.0,False,False,-0.019277799995784828,-0.019466039943759065,0.34167032377146955,0.27158987904894744,,0.18277416124186296,-0.8321019117392507,,0.96,-0.08999999999999986,0.030000000000000027,-0.08000000000000007,0.14000000000000012,,
2018-04-03,JPM,108.36000061035156,109.5,107.26000213623048,109.33000183105467,87.45262145996094,14050700,2.09,1.75,2.79,256.271,249.577,115.3,20304.874,21.1,4.0,0.56,0.0,False,False,0.013722847475374556,0.013629541847473961,0.3564992450579011,0.2772105893777671,,-0.1066892464013548,-0.8653748316054933,,1.04,-0.06000000000000005,-0.040000000000000036,-0.06999999999999984,0.10000000000000009,,
2018-04-04,JPM,107.0999984741211,111.20999908447266,107.0199966430664,110.98999786376952,88.78044128417969,15302600,2.07,1.71,2.79,256.271,249.577,115.3,20304.874,20.06,4.0,0.56,0.0,False,False,0.015183304994770053,0.015069192242207055,0.36951063472239026,0.2770809550116325,0.2560824763226972,-0.04928909952606653,-0.8668277842447895,-0.7411660339979098,1.08,0.010000000000000231,-0.06000000000000005,-0.08999999999999986,0.010000000000000009,,0.0
2018-04-05,JPM,111.62999725341795,112.83000183105467,111.38999938964844,111.87999725341795,89.9461669921875,16627000,2.07,1.72,2.83,256.271,249.577,115.3,20304.874,18.94,4.0,0.56,0.0,False,False,0.013130433811163522,0.013044976909744698,0.37824916505605505,0.28168379683496886,0.2573036960514212,-0.05583250249252236,-0.8684219805662419,-0.7431363904853063,1.11,0.06000000000000005,-0.010000000000000009,-0.04999999999999982,0.040000000000000036,,0.0
2018-04-06,JPM,110.5500030517578,111.5500030517578,107.81999969482422,109.08999633789062,87.70314025878906,18906000,2.06,1.73,2.77,256.271,249.577,115.3,20304.874,21.49,4.0,0.56,0.0,False,False,-0.024937435450620882,-0.02525364127442327,0.33336493220775876,0.29378901959020565,0.26096672654680847,0.13463569165786682,-0.8813378077749439,-0.7446603320068726,1.04,0.029999999999999805,0.0,-0.1200000000000001,0.050000000000000044,,0.0
2018-04-09,JPM,110.01000213623048,112.9800033569336,109.88999938964844,110.4000015258789,88.75634002685547,15974300,2.08,1.76,2.78,256.271,249.577,115.3,20304.874,21.77,4.0,0.56,0.0,False,False,0.012008689369145564,0.011937157161559245,0.3014899648006986,0.2977716767636152,0.26168559023480104,0.013029315960912058,-0.8790349556947888,-0.7444583378590293,1.0199999999999998,0.04999999999999982,-0.010000000000000009,-0.08000000000000007,0.09000000000000008,,0.0
2018-04-10,JPM,112.12999725341795,112.87000274658205,111.41999816894533,112.51000213623048,90.45266723632812,13951400,2.09,1.74,2.8,256.271,249.577,115.3,20304.874,20.47,4.0,0.56,0.0,False,False,0.019112180706858606,0.018931837196799705,0.27759354263846425,0.2874397452617756,0.2642986942278319,-0.05971520440973821,-0.8729112806041602,-0.7440789613199772,1.0599999999999998,0.009999999999999787,-0.010000000000000009,-0.10000000000000009,0.07000000000000006,,0.0
2018-04-11,JPM,111.66000366210938,111.80999755859376,110.5199966430664,110.62000274658205,88.93319702148438,14503300,2.09,1.73,2.79,256.271,249.577,115.3,20304.874,20.24,4.0,0.56,0.0,False,False,-0.016798511987200837,-0.016941207292890142,0.27195667937272733,0.2920401540322799,0.26646308507240113,-0.011235955056179803,-0.8507046104012518,-0.7355676134539462,1.06,0.0,0.020000000000000018,-0.08000000000000007,0.020000000000000018,,0.0
2018-04-12,JPM,111.55999755859376,114.38999938964844,111.5,113.37000274658205,91.14405822753906,16435500,2.11,1.75,2.83,256.271,249.577,115.3,20304.874,18.49,4.0,0.56,0.0,False,False,0.024859796792423783,0.024555819617491863,0.291283518436332,0.30452898897086406,0.27003829151050757,-0.08646245059288538,-0.8557783959058011,-0.7350379936029656,1.08,0.0,0.030000000000000027,-0.009999999999999787,0.020000000000000018,,0.0
2018-04-13,JPM,115.0199966430664,115.1500015258789,109.0500030517578,110.3000030517578,88.67595672607422,39152800,2.12,1.76,2.82,256.271,249.577,115.3,20304.874,17.41,4.0,0.56,0.0,False,True,-0.027079126708438706,-0.027452522516584817,0.32350712363971307,0.31637507372934065,0.2755688401934585,-0.058409951325040455,-0.7727771971320957,-0.7076458843372554,1.0599999999999998,0.04999999999999982,0.030000000000000027,0.009999999999999787,0.0,,0.0
2018-04-16,JPM,110.94000244140624,111.47000122070312,109.79000091552734,110.20999908447266,88.60356903076172,16580500,2.12,1.79,2.83,256.271,249.577,115.3,20304.874,16.56,4.0,0.56,0.0,False,False,-0.000816317049006976,-0.0008166504172043347,0.30372766918756877,0.31602189537647973,0.27355488012517665,-0.04882251579551988,-0.7690420664931763,-0.7124804391512488,1.04,0.050000000000000266,0.030000000000000027,0.010000000000000231,0.020000000000000018,,0.0
2018-04-17,JPM,111.37000274658205,111.91999816894533,109.98999786376952,110.20999908447266,88.60356903076172,15501400,2.16,1.8,2.82,256.271,249.577,115.3,20304.874,15.25,4.0,0.56,0.0,False,False,0.0,0.0,0.2976023958217254,0.3158288115839399,0.27347368019370966,-0.07910628019323662,-0.7627039349332416,-0.7117280408628222,1.0199999999999998,0.020000000000000018,0.06000000000000005,-0.03000000000000025,0.020000000000000018,,0.0
2018-04-18,JPM,110.52999877929688,111.06999969482422,108.88999938964844,109.31999969482422,87.88805389404297,16081400,2.17,1.81,2.87,256.271,249.577,115.3,20304.874,15.6,4.0,0.56,0.0,False,False,-0.008075466310734414,-0.008108249501121522,0.29024585955778665,0.3158756239033647,0.27358769285631906,0.022950819672131084,-0.8001961978225783,-0.7118159132997256,1.06,0.08000000000000007,0.08000000000000007,0.020000000000000018,0.010000000000000009,,0.0
2018-04-19,JPM,109.52999877929688,111.87000274658205,109.5,111.72000122070312,89.81755065917969,17911000,2.21,1.82,2.92,256.271,249.577,115.3,20304.874,15.96,4.0,0.56,0.0,False,False,0.021954027648204644,0.021716508038061275,0.30489815074414117,0.3263176321301375,0.2771092893252743,0.023076923076923217,-0.76044704064607,-0.7019283139483066,1.0999999999999999,0.08999999999999986,0.07000000000000006,0.029999999999999805,0.010000000000000009,,0.0
2018-04-20,JPM,112.3000030517578,112.73999786376952,110.87999725341795,111.47000122070312,89.61654663085938,15584400,2.22,1.81,2.96,256.271,249.577,115.3,20304.874,16.88,4.0,0.56,0.0,False,False,-0.002237914826725085,-0.002240422700414682,0.27193388559567516,0.3262722470495134,0.27711022858368545,0.05764411027568905,-0.7569606901128834,-0.7047198256006065,1.15,0.14000000000000012,0.050000000000000044,0.06999999999999984,0.07000000000000006,,0.0
2018-04-23,JPM,111.56999969482422,111.9499969482422,110.62999725341795,110.93000030517578,89.18241882324219,11285800,2.25,1.87,2.98,256.271,249.577,115.3,20304.874,16.34,4.0,0.56,0.0,False,False,-0.0048442818200238325,-0.004856053385105554,0.2680642442343872,0.28993706570139643,0.2762280156557336,-0.03199052132701419,-0.6733843367000376,-0.7031779415673306,1.1099999999999999,0.1499999999999999,0.08000000000000007,0.1499999999999999,0.15000000000000013,,0.0
2018-04-24,JPM,111.75,112.9000015258789,109.58999633789062,110.41000366210938,88.76437377929688,16453100,2.25,1.87,3.0,256.271,249.577,115.3,20304.874,18.02,4.0,0.56,0.0,False,False,-0.004687527535823688,-0.004698548447060323,0.24801452129305387,0.27278163296048824,0.27635932430603605,0.10281517747858016,-0.647255619975676,-0.7035859381274848,1.13,0.18000000000000016,0.07000000000000006,0.18000000000000016,0.13000000000000012,,0.0
2018-04-25,JPM,110.2699966430664,110.52999877929688,108.5999984741211,109.98999786376952,88.42671203613281,13548200,2.26,1.85,3.03,256.271,249.577,115.3,20304.874,17.84,4.0,0.56,0.0,False,False,-0.003804023267303447,-0.003811276965146051,0.2340607858190984,0.25250561417906,0.27513416438131577,-0.009988901220865709,-0.5852101760410047,-0.7070394449343199,1.1799999999999997,0.1599999999999997,0.040000000000000036,0.17999999999999972,0.06000000000000005,,0.0
2018-04-26,JPM,109.97000122070312,110.81999969482422,109.33999633789062,110.0999984741211,88.51512908935547,10299500,2.25,1.82,3.0,256.271,249.577,115.3,20304.874,16.24,4.0,0.56,0.0,False,False,0.0009998907704102944,0.0009993912126083431,0.18873681723077132,0.24213284797236329,0.27514883862418954,-0.08968609865470856,-0.5456713540196444,-0.7058647464922128,1.18,0.08000000000000007,0.0,0.2200000000000002,0.050000000000000044,,0.0
2018-04-27,JPM,109.5500030517578,110.16000366210938,109.12999725341795,109.4000015258789,87.95237731933594,9384000,2.24,1.82,2.96,256.271,249.577,115.3,20304.874,15.41,4.0,0.56,0.0,False,False,-0.006357690214194189,-0.006377986396917178,0.1336756294796406,0.24336599087105365,0.27509977162298654,-0.05110837438423632,-0.5274575679463113,-0.7019093666979236,1.14,0.0,0.010000000000000009,0.18999999999999995,0.09000000000000008,,0.0
2018-04-30,JPM,109.75,110.3000030517578,108.75,108.77999877929688,87.45392608642578,13744900,2.24,1.87,2.95,256.271,249.577,115.3,20304.874,15.93,4.0,0.56,0.0,False,False,-0.005667285502703234,-0.0056834054984507614,0.13588713561675345,0.2359866794709685,0.27526654781019183,0.03374432186891618,-0.491383136467901,-0.7109455869360158,1.08,-0.029999999999999805,0.0,0.20999999999999996,0.14000000000000012,,0.0
2018-05-01,JPM,108.4499969482422,108.97000122070312,107.54000091552734,108.77999877929688,87.45392608642578,10503400,2.26,1.85,2.97,257.145,250.792,115.9,20304.874,15.49,3.8,0.56,0.0,False,False,0.0,0.0,0.13588713561675345,0.22544149581330525,0.27473443981008083,-0.02762084118016317,-0.4112574145079087,-0.7102963632095556,1.12,-0.029999999999999805,-0.020000000000000018,0.2400000000000002,0.08000000000000007,,0.0
2018-05-02,JPM,108.11000061035156,109.48999786376952,107.7300033569336,107.91999816894533,86.76251220703125,12162100,2.24,1.84,2.97,257.145,250.792,115.9,20304.874,15.97,3.8,0.56,0.0,False,False,-0.007906035901821595,-0.007937454309933903,0.13565024309884202,0.2221511182894335,0.2748523380651746,0.030987734021949764,-0.383825881309173,-0.7093494052875733,1.1300000000000001,-0.05999999999999961,-0.010000000000000009,0.18000000000000016,0.09000000000000008,,0.0
2018-05-03,JPM,107.58999633789062,107.7699966430664,105.18000030517578,107.23999786376952,86.21583557128906,15379100,2.24,1.84,2.94,257.145,250.792,115.9,20304.874,15.9,3.8,0.56,0.0,False,False,-0.006300839173924766,-0.006320773239414429,0.04571527565223151,0.21567435650730432,0.2740753759217178,-0.004383218534752653,-0.36335545717839446,-0.7096667021280958,1.0999999999999999,-0.06000000000000005,0.020000000000000018,0.1499999999999999,0.13000000000000012,,0.0
2018-05-04,JPM,106.43000030517578,108.73999786376952,105.9800033569336,108.43000030517578,87.17254638671875,11967900,2.24,1.84,2.95,257.145,250.792,115.9,20304.874,14.77,3.8,0.56,0.0,False,False,0.011096694813548691,0.011035578208230399,0.08892971199163649,0.21408559770644867,0.27175001035171564,-0.0710691823899372,-0.36785198240809064,-0.7022958693890546,1.11,-0.009999999999999787,0.020000000000000018,0.1200000000000001,0.1200000000000001,,0.0
2018-05-07,JPM,108.76000213623048,109.68000030517578,108.36000061035156,109.37000274658205,87.92823028564453,9356700,2.25,1.86,2.95,257.145,250.792,115.9,20304.874,14.75,3.8,0.56,0.0,False,False,0.008668829009231604,0.008631470459039777,0.10446709218219831,0.19829387820104377,0.2539189011975749,-0.0013540961408259333,-0.18179290169832887,-0.7767613426009446,1.09,0.0,-0.010000000000000009,0.18000000000000016,0.13000000000000012,,0.0
2018-05-08,JPM,109.52999877929688,111.33999633789062,109.27999877929688,110.98999786376952,89.23063659667969,12543200,2.26,1.87,2.97,257.145,250.792,115.9,20304.874,14.71,3.8,0.56,0.0,False,False,0.014812151988094602,0.014703523432915458,0.1297438101129745,0.20058901968045922,0.2484115315503247,-0.0027118644067796183,-0.19217927760278053,-0.7566092528651861,1.1,0.0,0.020000000000000018,0.1900000000000004,0.1100000000000001,,0.0
2018-05-09,JPM,111.44000244140624,113.63999938964844,111.02999877929688,113.41000366210938,91.1762237548828,11368100,2.27,1.88,3.0,257.145,250.792,115.9,20304.874,13.42,3.8,0.56,0.0,False,False,0.02180402642421031,0.02156971842765237,0.16402870769683306,0.2038653273900944,0.2518117176801665,-0.08769544527532291,-0.23639799256854466,-0.7586898374666888,1.12,0.029999999999999805,0.039999999999999813,0.20000000000000018,0.1399999999999999,,0.0
2018-05-10,JPM,113.19000244140624,114.44000244140624,112.75,114.29000091552734,91.8836898803711,9159700,2.27,1.9,2.97,257.145,250.792,115.9,20304.874,13.23,3.8,0.56,0.0,False,False,0.007759326898536978,0.007729378143271305,0.16513460193939308,0.1951833072970787,0.23472024176750272,-0.014157973174366623,-0.2342576205971743,-0.7328874884884286,1.0700000000000003,0.03000000000000025,0.05999999999999983,0.18000000000000016,0.16999999999999993,,0.0
2018-05-11,JPM,114.48999786376952,114.7300033569336,113.66999816894533,113.86000061035156,91.53802490234376,10253000,2.28,1.92,2.97,257.145,250.792,115.9,20304.874,12.65,3.8,0.56,0.0,False,False,-0.0037619840744028687,-0.0037690781339057462,0.16113181425682263,0.17693459057721792,0.23175230702416272,-0.04383975812547236,-0.11161405493639659,-0.7219929181465936,1.0500000000000003,0.020000000000000018,0.07999999999999985,0.14000000000000012,0.16999999999999993,,0.0
2018-05-14,JPM,114.11000061035156,114.6999969482422,113.73999786376952,113.9000015258789,91.57014465332033,8710700,2.28,1.93,3.0,257.145,250.792,115.9,20304.874,12.93,3.8,0.56,0.0,False,False,0.00035088970961338894,0.00035082816221637724,0.15365624652231993,0.1456152600449728,0.22981636521862278,0.02213438735177853,-0.2699655735462559,-0.7160154901538971,1.07,0.04999999999999982,0.06999999999999984,0.18000000000000016,0.16999999999999993,,0.0
2018-05-15,JPM,113.91000366210938,113.91000366210938,112.56999969482422,113.02999877929688,90.87071228027344,11536200,2.31,1.92,3.08,257.145,250.792,115.9,20304.874,14.63,3.8,0.56,0.0,False,False,-0.007638214132945853,-0.0076675346904044855,0.16451942771361322,0.14890278513393898,0.2300681189083484,0.131477184841454,-0.3496722084135366,-0.7144171974678443,1.1600000000000001,0.10999999999999988,0.04999999999999982,0.25,0.1299999999999999,,0.0
2018-05-16,JPM,112.88999938964844,113.69000244140624,112.62999725341795,113.33999633789062,91.11992645263672,7571100,2.32,1.92,3.09,257.145,250.792,115.9,20304.874,13.42,3.8,0.56,0.0,False,False,0.0027425136890599777,0.002738759860111225,0.1513342621992064,0.14892620102599138,0.22547336930618167,-0.08270676691729328,-0.3672300968544062,-0.6979366482470197,1.17,0.08999999999999986,0.040000000000000036,0.27,0.11999999999999988,,0.0
2018-05-17,JPM,113.1999969482422,113.41000366210938,112.1999969482422,112.95999908447266,90.81443786621094,8617200,2.32,1.92,3.11,257.145,250.792,115.9,20304.874,13.43,3.8,0.56,0.0,False,False,-0.003352599133018108,-0.0033582316861434426,0.14581374123205584,0.14601225549464317,0.22538963988208624,0.0007451564828613311,-0.3543132202552757,-0.6980242936680344,1.19,0.13999999999999968,0.020000000000000018,0.23999999999999977,0.10999999999999988,,0.0
2018-05-18,JPM,112.75,112.8000030517578,110.83999633789062,111.12999725341795,89.34320068359375,11806300,2.32,1.91,3.06,257.145,250.792,115.9,20304.874,13.42,3.8,0.56,0.0,False,False,-0.016200476677338815,-0.016333139147685884,0.17660204154951173,0.1391601248593249,0.22726137577946603,-0.0007446016381236209,-0.44485691918935677,-0.6911406206372466,1.1500000000000001,0.08999999999999986,-0.010000000000000009,0.14000000000000012,0.08999999999999986,,0.0
2018-05-21,JPM,112.0500030517578,112.54000091552734,111.91999816894533,112.1500015258789,90.16323852539062,9441900,2.35,1.93,3.06,257.145,250.792,115.9,20304.874,13.08,3.8,0.56,0.0,False,False,0.009178514263228799,0.00913664768816563,0.1771138471034037,0.14264905351851556,0.2280611562375359,-0.025335320417287588,-0.4480383325167024,-0.6942364521870416,1.1300000000000001,0.06000000000000005,0.0,0.10000000000000009,0.11999999999999988,,0.0
2018-05-22,JPM,112.3499984741211,114.29000091552734,112.29000091552734,113.01000213623048,90.85466003417967,11507600,2.34,1.93,3.06,257.145,250.792,115.9,20304.874,13.22,3.8,0.56,0.0,False,False,0.007668552284691321,0.007639298399069468,0.16674290220908264,0.14353423626450126,0.22844094675944612,0.01070336391437321,-0.4436837927653841,-0.6906062313431934,1.1300000000000001,-0.020000000000000018,0.010000000000000009,0.08000000000000007,0.05999999999999983,,0.0
2018-05-23,JPM,112.51000213623048,112.7699966430664,111.12000274658205,112.48999786376952,90.43656158447266,11453900,2.29,1.92,3.01,257.145,250.792,115.9,20304.874,12.58,3.8,0.56,0.0,False,False,-0.004601838249680634,-0.004612459304094763,0.1268736809500324,0.14349234654290058,0.22858838777503107,-0.04841149773071107,-0.4005147416408036,-0.6901752582752404,1.0899999999999999,-0.08000000000000007,0.0,0.009999999999999787,0.04999999999999982,,0.0
2018-05-24,JPM,112.13999938964844,112.1500015258789,110.12000274658205,111.2300033569336,89.42361450195312,14084800,2.28,1.91,2.98,257.145,250.792,115.9,20304.874,12.53,3.8,0.56,0.0,False,False,-0.011200636830640542,-0.01126383632285071,0.12688631938269437,0.14879255012413545,0.2258342788380252,-0.003974562798092274,-0.3979754635080011,-0.6767639609598466,1.07,-0.1299999999999999,-0.010000000000000009,-0.04999999999999982,0.05999999999999983,,0.0
2018-05-25,JPM,110.45999908447266,111.08000183105467,110.1999969482422,110.66000366210938,88.96537017822266,8283500,2.27,1.9,2.93,257.145,250.792,115.9,20304.874,13.22,3.8,0.56,0.0,False,False,-0.00512442184631734,-0.005137596724308414,0.1273899579099403,0.15006390758556587,0.22440594042523457,0.055067837190742264,-0.43541699654817195,-0.6759069550372293,1.0300000000000002,-0.1299999999999999,-0.010000000000000009,-0.06999999999999984,0.07999999999999985,,0.0
2018-05-29,JPM,109.18000030517578,109.1999969482422,104.95999908447266,105.93000030517578,85.16268157958984,30643800,2.17,1.93,2.77,257.145,250.792,115.9,20304.874,17.02,3.8,0.56,0.0,True,True,-0.042743469633352404,-0.04368386664053615,0.23916003050730272,0.21317376224028503,0.23916645700850486,0.28744326777609674,-0.7712309786897819,-0.7216127326669692,0.8400000000000001,-0.29000000000000004,0.0,-0.18999999999999995,0.10999999999999988,,0.0
2018-05-30,JPM,107.63999938964844,108.5999984741211,106.6500015258789,108.3499984741211,87.10819244384766,17490800,2.23,1.94,2.84,257.145,250.792,115.9,20304.874,14.94,3.8,0.56,0.0,False,False,0.022844640729632326,0.02258760909218306,0.2820720174404484,0.2282071722234879,0.24212745989939805,-0.12220916568742657,-0.7972047829025417,-0.7279611280327521,0.8999999999999999,-0.2200000000000002,0.010000000000000009,-0.11000000000000032,0.06999999999999984,,0.0
2018-05-31,JPM,107.9499969482422,108.19000244140624,106.41999816894533,107.01000213623048,86.03092193603516,19808200,2.23,1.93,2.83,257.145,250.792,115.9,20304.874,15.43,3.8,0.56,0.0,False,False,-0.012367040086464165,-0.012444148319992578,0.28186828031164407,0.23211558218499848,0.24076248357596863,0.03279785809906288,-0.7978764778134716,-0.7216451272726214,0.9000000000000001,-0.17999999999999972,0.010000000000000009,-0.14000000000000012,0.07999999999999985,,0.0
2018-06-01,JPM,108.33999633789062,108.94000244140624,107.8000030517578,108.4000015258789,87.1484146118164,13594200,2.28,1.92,2.89,257.399,251.018,116.3,20304.874,13.46,4.0,0.56,0.0,False,False,0.012989430435397686,0.012905791288516998,0.2971383886659458,0.23522779542081182,0.2423274033533316,-0.1276733635774464,-0.8034499365799834,-0.7376621640430645,0.9700000000000002,-0.08999999999999986,0.010000000000000009,-0.08000000000000007,0.07999999999999985,,0.0
2018-06-04,JPM,108.98999786376952,109.26000213623048,108.2699966430664,108.4499969482422,87.18860626220703,9415400,2.3,1.94,2.94,257.399,251.018,116.3,20304.874,12.74,4.0,0.56,0.0,False,False,0.0004611862484205087,0.0004610799347283286,0.2896776563347585,0.23402496442723864,0.24018858395542614,-0.05349182763744431,-0.8016832225187047,-0.7364040432950697,1.0,0.009999999999999787,0.040000000000000036,0.0,0.09999999999999987,,0.0
2018-06-05,JPM,108.23999786376952,108.30999755859376,107.06999969482422,107.83999633789062,86.6982192993164,10415200,2.32,1.94,2.92,257.399,251.018,116.3,20304.874,12.4,4.0,0.56,0.0,False,False,-0.005624438604005855,-0.005640315318535094,0.2825509533577725,0.23171473914971163,0.24035102777858772,-0.026687598116169498,-0.7871363982594033,-0.7339265315562201,0.98,0.1499999999999999,0.010000000000000009,-0.03000000000000025,0.09999999999999987,,0.0
2018-06-06,JPM,108.66000366210938,110.73999786376952,108.4800033569336,110.36000061035156,88.72415924072266,15453600,2.32,1.95,2.97,257.399,251.018,116.3,20304.874,11.64,4.0,0.56,0.0,False,False,0.02336772263351694,0.02309887754568722,0.30961930002534876,0.24381337830929248,0.24503844836571365,-0.06129032258064515,-0.7878591128737498,-0.7351973911607728,1.0200000000000002,0.13000000000000034,0.010000000000000009,0.020000000000000018,0.08999999999999986,,0.0
2018-06-07,JPM,111.18000030517578,111.5,110.02999877929688,110.8000030517578,89.07789611816406,13444400,2.31,1.94,2.93,257.399,251.018,116.3,20304.874,12.13,4.0,0.56,0.0,False,False,0.003986928481132912,0.003979001743681117,0.31088051774032727,0.23867839053792458,0.24520225577387245,0.04209621993127155,-0.7946821524370372,-0.7339312094746475,0.9900000000000002,0.10000000000000009,0.010000000000000009,-0.040000000000000036,0.06999999999999984,,0.0
2018-06-08,JPM,110.62000274658205,111.13999938964844,110.05999755859376,111.11000061035156,89.32714080810547,10383200,2.3,1.93,2.93,257.399,251.018,116.3,20304.874,12.18,4.0,0.56,0.0,False,False,0.002798053173716397,0.002794145909726264,0.30651453384591065,0.2257287034937523,0.23821697093746022,0.004122011541632276,-0.7843031142226727,-0.7251987897879372,1.0000000000000002,0.040000000000000036,0.010000000000000009,-0.06999999999999984,0.050000000000000044,,0.0
2018-06-11,JPM,111.12000274658205,111.91000366210938,110.7699966430664,110.83000183105467,89.10203552246094,12642900,2.32,1.94,2.96,257.399,251.018,116.3,20304.874,12.35,4.0,0.56,0.0,False,False,-0.0025200099724238534,-0.0025231905420561632,0.30559291404404243,0.22353021182615979,0.2381930472143082,0.013957307060755264,-0.7878382937569441,-0.727585649952335,1.02,0.020000000000000018,0.0,-0.010000000000000231,0.040000000000000036,,0.0
2018-06-12,JPM,111.13999938964844,111.52999877929688,109.5199966430664,110.19000244140624,88.58749389648438,15294100,2.31,1.92,2.96,257.399,251.018,116.3,20304.874,12.34,4.0,0.56,0.0,False,False,-0.005774746030878908,-0.005791484347530683,0.19117606670092194,0.22390248101554405,0.23732511620671398,-0.0008097165991902688,-0.7955377598787563,-0.7261977501894972,1.04,0.040000000000000036,-0.020000000000000018,-0.010000000000000231,0.0,,0.0
2018-06-13,JPM,110.45999908447266,111.4499969482422,109.58000183105467,109.97000122070312,88.41062927246094,14979700,2.35,1.94,2.98,257.399,251.018,116.3,20304.874,12.94,4.0,0.56,0.0,False,False,-0.001996496528393843,-0.001998492184243502,0.16158721725554862,0.2237977112298655,0.23638473410958838,0.04862236628849259,-0.7938170727792053,-0.7232625362539189,1.04,0.009999999999999787,-0.010000000000000009,-0.020000000000000018,0.010000000000000009,,0.0
2018-06-14,JPM,110.27999877929688,110.36000061035156,107.77999877929688,108.02999877929688,86.85095977783203,20487300,2.35,1.94,2.94,257.399,251.018,116.3,20304.874,12.12,4.0,0.56,0.0,False,False,-0.01764119888596616,-0.017798659445395715,0.1760947541334352,0.22988641693590892,0.2387677836059405,-0.06336939721792889,-0.7366916384562294,-0.699887172284771,1.0,0.009999999999999787,0.0,-0.14000000000000012,0.020000000000000018,,0.0
2018-06-15,JPM,107.8000030517578,108.37999725341795,106.2699966430664,107.9000015258789,86.7464599609375,26028600,2.35,1.94,2.93,257.399,251.018,116.3,20304.874,11.98,4.0,0.56,0.0,False,True,-0.0012032085444058094,-0.001203932980963615,0.16302894606659685,0.22923378885567466,0.23870609579172922,-0.011551155115511413,-0.7392021096596532,-0.7000224888772457,0.9900000000000002,0.0,0.010000000000000009,-0.1599999999999997,0.020000000000000018,,0.0
2018-06-18,JPM,107.26000213623048,108.4000015258789,106.69000244140624,108.18000030517578,86.97154235839844,9786800,2.35,1.94,2.92,257.399,251.018,116.3,20304.874,12.31,4.0,0.56,0.0,False,False,0.0025947156525152337,0.002591355189565228,0.16371606920778875,0.229827267213927,0.23839235254302749,0.027545909849749695,-0.7291910549932724,-0.713195402012844,0.98,-0.040000000000000036,0.0,-0.18999999999999995,0.020000000000000018,,0.0
2018-06-19,JPM,106.9000015258789,107.87999725341795,106.5999984741211,107.5500030517578,86.46504974365234,12707200,2.34,1.94,2.89,257.399,251.018,116.3,20304.874,13.35,4.0,0.56,0.0,False,False,-0.005823659107468737,-0.005840682735548571,0.16390379391671012,0.22442688676778202,0.23857331061943096,0.08448415922014618,-0.7440080137760635,-0.7125798062079022,0.9500000000000002,-0.06999999999999984,0.020000000000000018,-0.16999999999999993,0.030000000000000027,,0.0
2018-06-20,JPM,108.18000030517578,108.63999938964844,107.44000244140624,107.54000091552734,86.45703125,8876900,2.36,1.94,2.93,257.399,251.018,116.3,20304.874,12.79,4.0,0.56,0.0,False,False,-9.273681882004947e-05,-9.274111914469957e-05,0.10034603613936115,0.22113783462560946,0.23855144501468786,-0.04194756554307122,-0.7422035252502979,-0.7115982794393099,0.9900000000000002,-0.04999999999999982,0.0,-0.1299999999999999,0.010000000000000009,,0.0
2018-06-21,JPM,107.0999984741211,108.20999908447266,106.52999877929688,107.51000213623048,86.43292999267578,11048700,2.34,1.94,2.9,257.399,251.018,116.3,20304.874,14.64,4.0,0.56,0.0,False,False,-0.00027876572877605366,-0.00027880459116432616,0.09465858022208297,0.2184746070669266,0.22299527703680463,0.14464425332290864,-0.6977899108227664,-0.6419150453654358,0.96,-0.040000000000000036,0.0,-0.16000000000000014,0.010000000000000009,,0.0
2018-06-22,JPM,108.16000366210938,108.37000274658205,105.51000213623048,105.75,85.0179443359375,19478900,2.33,1.93,2.9,257.399,251.018,116.3,20304.874,13.77,4.0,0.56,0.0,False,False,-0.016370909291842706,-0.016506393326988517,0.10986187267708979,0.22382833058813098,0.21878073307255558,-0.05942622950819676,-0.646113761685103,-0.6140423349728548,0.97,-0.03000000000000025,-0.010000000000000009,-0.10999999999999988,0.010000000000000009,,0.0
2018-06-25,JPM,105.66000366210938,105.6999969482422,103.95999908447266,104.79000091552734,84.24614715576172,16907600,2.34,1.93,2.87,257.399,251.018,116.3,20304.874,17.33,4.0,0.56,0.0,False,False,-0.009078050359887846,-0.00911950694643857,0.11077804163904532,0.22294533517193127,0.2105193968586312,0.25853304284676826,-0.6140087449870641,-0.5672635239924608,0.9400000000000002,-0.04999999999999982,-0.010000000000000009,-0.10999999999999988,0.020000000000000018,,0.0
2018-06-26,JPM,104.70999908447266,105.20999908447266,103.11000061035156,104.86000061035156,84.30242919921875,17086800,2.33,1.93,2.88,257.399,251.018,116.3,20304.874,15.92,4.0,0.56,0.0,False,False,0.0006680666755356501,0.0006678436183333631,0.1151318851219015,0.2230985029353525,0.2070139925997217,-0.08136180034622031,-0.6102305683284591,-0.5570573168976393,0.95,-0.010000000000000231,-0.010000000000000009,-0.050000000000000266,0.030000000000000027,,0.0
2018-06-27,JPM,104.68000030517578,105.91999816894533,103.2300033569336,103.23999786376952,83.0000228881836,16276800,2.33,1.93,2.83,257.399,251.018,116.3,20304.874,17.91,4.0,0.56,0.0,False,False,-0.015449214493658103,-0.015569797158416582,0.12508992143035305,0.1735658988526257,0.2092138203794257,0.125,-0.42690628384449203,-0.5686740891662608,0.9000000000000001,-0.10000000000000009,-0.010000000000000009,0.06000000000000005,0.0,,0.0
2018-06-28,JPM,103.68000030517578,105.45999908447266,103.51000213623048,104.93000030517578,84.35869598388672,14491300,2.33,1.93,2.84,257.399,251.018,116.3,20304.874,16.85,4.0,0.56,0.0,False,False,0.016369550855829473,0.016237014179461436,0.15150007781464866,0.16370171253198187,0.20857662988862188,-0.05918481295365707,-0.3641098022973772,-0.558278750091399,0.9099999999999999,-0.06000000000000005,-0.010000000000000009,0.0,-0.010000000000000009,,0.0
2018-06-29,JPM,106.68000030517578,106.9000015258789,104.1500015258789,104.1999969482422,83.77181243896484,18972400,2.33,1.93,2.85,257.399,251.018,116.3,20304.874,16.09,4.0,0.56,0.0,False,False,-0.006957001149401121,-0.00698131391011813,0.15244975146096904,0.16016712816062423,0.20547390837115703,-0.045103857566765715,-0.337828451034952,-0.5304730234580446,0.9200000000000002,-0.04999999999999982,0.0,0.020000000000000018,0.0,,0.0
2018-07-02,JPM,103.72000122070312,105.08999633789062,103.37999725341795,105.08000183105467,84.47929382324219,11130000,2.34,1.98,2.87,257.399,251.018,116.3,20304.874,15.6,4.0,0.56,0.0,False,False,0.008445339353172043,0.008409876995983083,0.16147873644248872,0.15585350586631272,0.20428023002900056,-0.03045369794903663,-0.2730794495734617,-0.5209808611572604,0.8900000000000001,0.0,0.050000000000000044,-0.020000000000000018,0.06000000000000005,,0.0
2018-07-03,JPM,105.41000366210938,105.77999877929688,103.5199966430664,103.61000061035156,83.2974853515625,8311700,2.33,1.98,2.83,257.399,251.018,116.3,20304.874,16.14,4.0,0.56,0.0,False,False,-0.013989327066966428,-0.014088099962392572,0.17071676138642738,0.16161165380326728,0.20354153468408093,0.034615384615384714,-0.2743801590529809,-0.5190228880744859,0.8500000000000001,-0.04999999999999982,0.050000000000000044,-0.10999999999999988,0.040000000000000036,,0.0
2018-07-05,JPM,104.12999725341795,104.37999725341795,103.52999877929688,103.72000122070312,83.83905792236328,10723400,2.32,1.96,2.84,257.399,251.018,116.3,20304.874,14.97,4.0,0.56,0.0,False,False,0.006501667709595704,0.0064806230358254256,0.17768735139315725,0.16377598556465156,0.20211734181556745,-0.07249070631970256,-0.3146459863754312,-0.5174009160655628,0.8799999999999999,0.009999999999999787,0.030000000000000027,-0.08000000000000007,0.020000000000000018,,0.0
2018-07-06,JPM,103.12000274658205,104.5,102.1999969482422,104.05999755859376,84.11389923095703,12173700,2.34,1.97,2.82,257.399,251.018,116.3,20304.874,13.37,4.0,0.56,0.0,False,False,0.0032782012990681952,0.0032728397115695286,0.18012991022199026,0.13856781084256736,0.196237442827839,-0.10688042752171023,-0.28308466842124774,-0.48980333629043427,0.8499999999999999,-0.020000000000000018,0.040000000000000036,-0.15000000000000036,0.020000000000000018,,0.0
2018-07-09,JPM,104.70999908447266,107.45999908447266,104.70999908447266,107.27999877929688,86.71669006347656,13900800,2.34,1.98,2.86,257.399,251.018,116.3,20304.874,12.69,4.0,0.56,0.0,False,False,0.03094364732008059,0.03047454526756233,0.22758857172662547,0.17882536161226129,0.20440754386320392,-0.05086013462976813,-0.3226926640281703,-0.4951581280831942,0.8799999999999999,0.009999999999999787,0.050000000000000044,-0.07000000000000028,0.040000000000000036,,0.0
2018-07-10,JPM,108.0199966430664,108.4000015258789,106.52999877929688,106.62000274658205,86.18319702148438,14575900,2.36,1.99,2.87,257.399,251.018,116.3,20304.874,12.64,4.0,0.56,0.0,False,False,-0.0061521379748428195,-0.006171140352594897,0.22401620184541762,0.1789489784676612,0.20090916353060853,-0.003940110323088941,-0.3198382847894045,-0.4884714335048796,0.8800000000000001,0.0,0.010000000000000009,-0.06000000000000005,0.06000000000000005,,0.0
2018-07-11,JPM,106.30999755859376,107.05999755859376,106.20999908447266,106.38999938964844,85.9972915649414,10186500,2.36,1.97,2.85,257.399,251.018,116.3,20304.874,13.63,4.0,0.56,0.0,False,False,-0.002157096313062379,-0.0021594261964391643,0.22503082317420275,0.1789324887323847,0.19822975581487542,0.07832278481012667,-0.3163295999307561,-0.494689420166683,0.8800000000000001,0.020000000000000018,-0.010000000000000009,-0.10999999999999988,0.030000000000000027,,0.0
2018-07-12,JPM,107.41999816894533,107.55999755859376,105.97000122070312,106.8499984741211,86.36911010742188,12456800,2.39,1.98,2.85,257.399,251.018,116.3,20304.874,12.58,4.0,0.56,0.0,False,False,0.004323607589428402,0.004314287652311822,0.202605057670863,0.17943679168502755,0.19184817557722406,-0.07703595011005138,-0.3334034864757065,-0.48255882535284844,0.8700000000000001,0.010000000000000231,0.020000000000000018,-0.10999999999999988,0.06000000000000005,,0.0
2018-07-13,JPM,107.3000030517578,107.8000030517578,105.13999938964844,106.36000061035156,85.97303009033203,21289100,2.37,1.98,2.83,257.399,251.018,116.3,20304.874,12.18,4.0,0.56,0.0,False,False,-0.004585899016410155,-0.0045964465101521225,0.1941268826496829,0.1798063679658421,0.1842644949516247,-0.031796502384737746,-0.3262576139283759,-0.5275788743047086,0.8500000000000001,0.010000000000000231,0.010000000000000009,-0.1499999999999999,0.040000000000000036,,0.0
2018-07-16,JPM,107.0500030517578,110.7699966430664,106.9800033569336,110.58000183105467,89.38414764404297,24662600,2.39,2.01,2.85,257.399,251.018,116.3,20304.874,12.83,4.0,0.56,0.0,True,True,0.039676600326019384,0.03890970356983288,0.26065953253811136,0.21768735510710074,0.20040231016036736,0.05336617405582933,-0.23842748099328245,-0.44767730181677606,0.8400000000000003,-0.009999999999999787,0.029999999999999805,-0.08999999999999986,0.06999999999999984,,0.0
2018-07-17,JPM,110.69000244140624,110.93000030517578,109.75,110.5,89.31946563720703,14821900,2.39,2.02,2.86,257.399,251.018,116.3,20304.874,12.06,4.0,0.56,0.0,False,False,-0.0007236406962621844,-0.0007239026505723178,0.26279459900368385,0.21762220726810075,0.2004095839729025,-0.06001558846453625,-0.23182320990449257,-0.4485816538856525,0.8399999999999999,-0.010000000000000231,0.030000000000000027,-0.07000000000000028,0.08000000000000007,,0.0
2018-07-18,JPM,110.41999816894533,112.12000274658205,110.1999969482422,111.52999877929688,90.15204620361328,14244900,2.43,2.0,2.88,257.399,251.018,116.3,20304.874,12.1,4.0,0.56,0.0,False,False,0.009321378721498075,0.00927820276974315,0.23894606781025549,0.21931281599598823,0.2005221262367854,0.0033167495854062867,-0.2314342125794475,-0.44473659003406285,0.8799999999999999,0.029999999999999805,0.030000000000000027,-0.040000000000000036,0.06000000000000005,,0.0
2018-07-19,JPM,111.05999755859376,111.08999633789062,109.7300033569336,109.88999938964844,88.82642364501953,16775300,2.4,2.0,2.84,257.399,251.018,116.3,20304.874,12.87,4.0,0.56,0.0,False,False,-0.0147042980655121,-0.014813477852923257,0.26499792072141437,0.2253256181672816,0.19803528513160618,0.06363636363636371,-0.24234781585729268,-0.47284707580284674,0.8399999999999999,-0.010000000000000231,0.020000000000000018,-0.050000000000000266,0.06000000000000005,,0.0
2018-07-20,JPM,110.0,111.73999786376952,109.77999877929688,111.27999877929688,89.949951171875,13578100,2.41,1.99,2.89,257.399,251.018,116.3,20304.874,12.86,4.0,0.56,0.0,False,False,0.012648573259523177,0.012569248255191283,0.26664078708260336,0.22859693354491836,0.19961653982513253,-0.0007770007770007137,-0.24499674462199558,-0.46903056906284185,0.9000000000000001,0.06000000000000005,0.010000000000000009,-0.040000000000000036,0.050000000000000044,,0.0
2018-07-23,JPM,111.05999755859376,114.23999786376952,110.93000030517578,113.3499984741211,91.62320709228516,18140000,2.42,1.99,2.96,257.399,251.018,116.3,20304.874,12.62,4.0,0.56,0.0,False,False,0.018602077028512465,0.018431174567517822,0.24232963748256944,0.23544985400568774,0.20269563657297526,-0.018662519440124425,-0.2508761663969556,-0.4699421955909176,0.97,0.10999999999999988,-0.019999999999999796,0.06000000000000005,0.050000000000000044,,0.0
2018-07-24,JPM,113.5500030517578,114.77999877929688,113.41999816894533,114.1500015258789,92.2698745727539,14000400,2.42,2.02,2.95,257.399,251.018,116.3,20304.874,12.41,4.0,0.56,0.0,False,False,0.007057900514412463,0.0070331101116919365,0.23341897534369807,0.22504920101653178,0.20284745283509162,-0.016640253565768592,-0.31392040407773425,-0.46894911950977974,0.9300000000000002,0.0900000000000003,0.0,0.050000000000000266,0.09000000000000008,,0.0
2018-07-25,JPM,113.87999725341795,115.5199966430664,113.37999725341795,115.18000030517578,93.10242462158205,13329100,2.42,2.01,2.94,257.399,251.018,116.3,20304.874,12.29,4.0,0.56,0.0,False,False,0.009022988843142787,0.008982524900966739,0.22805145698687593,0.22054748049039127,0.2033260860388058,-0.00966962127316684,-0.23813313630833627,-0.46927058778001535,0.9300000000000002,0.06000000000000005,0.009999999999999787,0.06999999999999984,0.07999999999999985,,0.0
2018-07-26,JPM,115.41999816894533,115.58999633789062,114.58000183105467,114.8499984741211,92.835693359375,11897800,2.41,1.99,2.98,257.399,251.018,116.3,20304.874,12.14,4.0,0.56,0.0,False,False,-0.0028649228340850152,-0.0028690345806097607,0.2340206496118541,0.2217115813870127,0.20345920495052622,-0.012205044751830596,-0.2632934042457017,-0.4730724813658499,0.99,0.14000000000000012,-0.010000000000000009,0.10000000000000009,0.06000000000000005,,0.0
2018-07-27,JPM,115.18000030517578,116.3000030517578,114.80999755859376,116.02999877929688,93.78948974609376,12802700,2.43,2.0,2.96,257.399,251.018,116.3,20304.874,13.03,4.0,0.56,0.0,False,False,0.010274026640018086,0.010221607559283362,0.22470745077147355,0.20984449621307333,0.20380166865818372,0.0733113673805601,-0.06771700461958065,-0.4649975427399596,0.96,0.06999999999999984,0.010000000000000009,0.1299999999999999,0.07000000000000006,,0.0
2018-07-30,JPM,116.27999877929688,117.61000061035156,116.05999755859376,116.7300033569336,94.35529327392578,13411600,2.43,2.04,2.98,257.399,251.018,116.3,20304.874,14.26,4.0,0.56,0.0,False,False,0.006032696513903257,0.006014572654259012,0.14871282927804605,0.2064100596850681,0.20358056497773014,0.09439754412893331,-0.02523448352733086,-0.44947564249481925,0.94,0.020000000000000018,0.050000000000000044,0.14000000000000012,0.1100000000000001,,0.0
2018-07-31,JPM,117.08000183105467,117.08000183105467,114.81999969482422,114.9499969482422,92.91650390625,15843800,2.44,2.03,2.96,257.399,251.018,116.3,20304.874,12.83,4.0,0.56,0.0,False,False,-0.015248634366476832,-0.015366090350135501,0.18041553724823967,0.21459427011428467,0.2062525430526895,-0.10028050490883589,0.0671371364588678,-0.41236067255848485,0.9300000000000002,0.009999999999999787,0.009999999999999787,0.10999999999999988,0.09999999999999987,,0.0
2018-08-01,JPM,115.75,116.69000244140624,115.27999877929688,115.66000366210938,93.49044036865234,13531600,2.45,2.03,3.0,257.891,251.663,116.5,20304.874,13.15,3.8,0.56,0.0,False,False,0.006176905482597972,0.006157906597997799,0.1785042582678538,0.21427617053981812,0.20570645296205076,0.02494154325798914,0.0743183211330507,-0.4071388290316322,0.9700000000000002,0.06000000000000005,0.020000000000000018,0.1299999999999999,0.04999999999999982,,0.0
2018-08-02,JPM,114.56999969482422,116.25,114.33000183105467,116.1500015258789,93.8865203857422,11058100,2.45,2.02,2.98,257.891,251.663,116.5,20304.874,12.19,3.8,0.56,0.0,False,False,0.004236583072322997,0.004227634020954936,0.14603936836403794,0.20300196306514925,0.20522322611947566,-0.07300380228136893,0.13650963339639707,-0.40907436750997583,0.96,0.0,0.030000000000000027,0.1499999999999999,0.040000000000000036,,0.0
2018-08-03,JPM,116.0,117.12999725341795,115.94000244140624,117.08999633789062,94.64630126953124,11016100,2.43,2.01,2.95,257.891,251.663,116.5,20304.874,11.64,3.8,0.56,0.0,False,False,0.008092544921969536,0.008059975873318352,0.14165079860597912,0.2031523014886796,0.20473831449708976,-0.04511894995898269,0.1366166847092787,-0.40551234746285886,0.9400000000000004,-0.009999999999999787,0.009999999999999787,0.11000000000000032,0.04999999999999982,,0.0
2018-08-06,JPM,116.79000091552734,117.52999877929688,116.18000030517578,117.12000274658205,94.67057037353516,9857400,2.44,2.05,2.94,257.891,251.663,116.5,20304.874,11.27,3.8,0.56,0.0,False,False,0.0002564189374374415,0.0002563860677205284,0.12169602975776384,0.20388758643326624,0.20420478810308154,-0.03178694158075612,0.13782416714652698,-0.40550927218227617,0.8900000000000001,-0.040000000000000036,0.009999999999999787,0.1200000000000001,0.07999999999999985,,0.0
2018-08-07,JPM,117.73999786376952,118.29000091552734,117.33000183105467,117.5500030517578,95.01815032958984,10562100,2.45,2.06,2.98,257.891,251.663,116.5,20304.874,10.93,3.8,0.56,0.0,False,False,0.003671467856201316,0.003664744469532004,0.11994315738157575,0.18278465068199534,0.20241747513388467,-0.030168589174800364,0.25067829577399753,-0.40958646955214284,0.9199999999999999,0.020000000000000018,0.03000000000000025,0.1200000000000001,0.08000000000000007,,0.0
2018-08-08,JPM,117.33000183105467,118.2699966430664,117.27999877929688,117.79000091552734,95.21215057373048,8997100,2.44,2.06,2.96,257.891,251.663,116.5,20304.874,10.85,3.8,0.56,0.0,False,False,0.0020417177504268302,0.002039636277445991,0.11510783985213989,0.1790016200987799,0.19807189106960496,-0.007319304666056681,0.257855300905944,-0.39287993467291565,0.8999999999999999,-0.040000000000000036,0.03000000000000025,0.08999999999999986,0.07000000000000006,,0.0
2018-08-09,JPM,117.51000213623048,117.72000122070312,116.6999969482422,116.87999725341795,94.47657012939452,9694200,2.44,2.06,2.93,257.891,251.663,116.5,20304.874,11.27,3.8,0.56,0.0,False,False,-0.007725699292616461,-0.007755697110022963,0.12349041031052542,0.18273209278529753,0.1982554003493944,0.03870967741935494,0.26623441410399795,-0.3955476018106655,0.8700000000000001,-0.04999999999999982,0.040000000000000036,0.08000000000000007,0.09000000000000008,,0.0
2018-08-10,JPM,115.5,115.9499969482422,114.68000030517578,115.7300033569336,93.54700469970705,12630600,2.42,2.05,2.87,257.891,251.663,116.5,20304.874,13.16,3.8,0.56,0.0,False,False,-0.009839110674893736,-0.009887834587743036,0.12610594129806407,0.1893937160355986,0.19915924219134865,0.16770186335403725,0.05429828728334999,-0.411492563247424,0.8200000000000003,-0.08000000000000007,0.040000000000000036,0.020000000000000018,0.06999999999999984,,0.0
2018-08-13,JPM,115.55999755859376,115.87999725341795,113.81999969482422,113.88999938964844,92.0596923828125,10336300,2.42,2.06,2.88,257.891,251.663,116.5,20304.874,14.78,3.8,0.56,0.0,False,False,-0.015899090747682698,-0.01602683713461288,0.14283567313922504,0.1996418111109413,0.20183281639551678,0.12310030395136762,-0.1054037273023767,-0.4291216498381561,0.8199999999999998,-0.06000000000000005,0.010000000000000231,0.04999999999999982,0.08000000000000007,,0.0
2018-08-14,JPM,114.2699966430664,115.04000091552734,113.6500015258789,114.6500015258789,92.67399597167967,10597600,2.44,2.08,2.89,257.891,251.663,116.5,20304.874,13.31,3.8,0.56,0.0,False,False,0.006672883353908032,0.006650718216727336,0.12926230283901774,0.1528456312730567,0.20162894867471917,-0.09945872801082534,-0.2914596807192832,-0.42707309226738505,0.81,-0.08999999999999986,0.020000000000000018,0.040000000000000036,0.07000000000000028,,0.0
2018-08-15,JPM,113.81999969482422,114.33000183105467,112.97000122070312,113.6999969482422,91.90608978271484,10152100,2.45,2.07,2.86,257.891,251.663,116.5,20304.874,14.64,3.8,0.56,0.0,False,False,-0.008286102060382716,-0.00832062263029811,0.12956332965521017,0.15659625489769935,0.20230000896336653,0.09992486851990989,-0.35502622453588784,-0.43427523514853017,0.79,-0.10000000000000009,0.009999999999999787,0.0,0.04999999999999982,,0.0
2018-08-16,JPM,114.3499984741211,115.30999755859376,114.3000030517578,114.7699966430664,92.77101135253906,10118600,2.45,2.07,2.87,257.891,251.663,116.5,20304.874,13.45,3.8,0.56,0.0,False,False,0.00941092774014285,0.009366920841393242,0.1384227719417451,0.15665307364365705,0.20300620637871844,-0.08128415300546454,-0.38776483922391175,-0.4410903982583792,0.8000000000000003,-0.06000000000000005,0.009999999999999787,-0.009999999999999787,0.06999999999999984,,0.0
2018-08-17,JPM,114.63999938964844,115.06999969482422,114.3000030517578,114.7699966430664,92.77101135253906,8505100,2.44,2.05,2.87,257.891,251.663,116.5,20304.874,12.64,3.8,0.56,0.0,False,False,0.0,0.0,0.12892053953332563,0.1453772349821237,0.2001626553637892,-0.06022304832713743,-0.33628564490813445,-0.4455574923228693,0.8200000000000003,0.0,0.0,0.03000000000000025,0.04999999999999982,,0.0
2018-08-20,JPM,114.58999633789062,115.0500030517578,114.11000061035156,114.62000274658205,92.64976501464844,8618700,2.43,2.06,2.82,257.891,251.663,116.5,20304.874,12.49,3.8,0.56,0.0,False,False,-0.001306942072991757,-0.001307796866641196,0.1283916075080021,0.14061818324048306,0.19944032178977728,-0.011867088607595,-0.3425248966193532,-0.4433286868536584,0.7599999999999998,-0.06000000000000005,0.0,-0.07000000000000028,0.07000000000000006,,0.0
2018-08-21,JPM,115.37000274658205,116.38999938964844,114.87999725341795,115.31999969482422,93.2155990600586,10976700,2.45,2.08,2.85,257.891,251.663,116.5,20304.874,12.86,3.8,0.56,0.0,False,False,0.006107236702874497,0.006088663116631747,0.1319954420779879,0.12769831103988255,0.19923656386148586,0.029623698959167166,-0.33536563332182817,-0.44197219861209885,0.77,-0.040000000000000036,0.0,-0.10999999999999988,0.09000000000000008,,0.0
2018-08-22,JPM,115.30999755859376,115.41000366210938,114.77999877929688,114.97000122070312,92.93267822265624,8314700,2.43,2.09,2.82,257.891,251.663,116.5,20304.874,12.25,3.8,0.56,0.0,False,False,-0.00303512330827882,-0.0030397386361189637,0.130184486084,0.12628310689664413,0.19910029451874708,-0.04743390357698285,-0.310028290162745,-0.44363423387251516,0.73,-0.040000000000000036,0.020000000000000018,-0.13000000000000034,0.06999999999999984,,0.0
2018-08-23,JPM,114.95999908447266,115.1500015258789,114.43000030517578,114.7300033569336,92.73866271972656,9265400,2.43,2.08,2.82,257.891,251.663,116.5,20304.874,12.41,3.8,0.56,0.0,False,False,-0.002087699468477977,-0.0020898817508421433,0.1267479371369651,0.12250452340452424,0.19775069914874135,0.013061224489795853,-0.3122803093121167,-0.44831914730694056,0.7399999999999998,-0.050000000000000266,0.010000000000000231,-0.1200000000000001,0.07000000000000028,,0.0
2018-08-24,JPM,114.9800033569336,115.22000122070312,114.4499969482422,114.68000030517578,92.69824981689452,8845700,2.44,2.09,2.82,257.891,251.663,116.5,20304.874,11.99,3.8,0.56,0.0,False,False,-0.00043577189541954553,-0.00043586687158492894,0.11859766945032811,0.12212254105706644,0.19742167843001868,-0.03384367445608383,-0.3142207479346429,-0.44438918604476296,0.73,-0.050000000000000266,0.040000000000000036,-0.16000000000000014,0.09999999999999987,,0.0
2018-08-27,JPM,115.22000122070312,117.27999877929688,115.16999816894533,116.70999908447266,94.33914184570312,13768000,2.47,2.12,2.85,257.891,251.663,116.5,20304.874,12.16,3.8,0.56,0.0,False,False,0.017701434838843566,0.017546589098653493,0.11853938670095393,0.1321272277252806,0.1786165117749476,0.014178482068390341,-0.3373508937384638,-0.2957588696830049,0.73,0.03000000000000025,0.06000000000000005,-0.10999999999999988,0.1200000000000001,,0.0
2018-08-28,JPM,117.0,117.02999877929688,115.97000122070312,116.13999938964844,93.87840270996094,8302600,2.47,2.13,2.88,257.891,251.663,116.5,20304.874,12.5,3.8,0.56,0.0,False,False,-0.004883859729143514,-0.004895824744939486,0.12121243209335401,0.13156325921819584,0.1739014976199932,0.02796052631578938,-0.4148723954226577,-0.2616728381799567,0.75,0.029999999999999805,0.04999999999999982,-0.10000000000000009,0.08999999999999986,,0.0
2018-08-29,JPM,116.3499984741211,116.37000274658205,115.36000061035156,115.76000213623048,93.57125091552734,7221700,2.48,2.13,2.89,257.891,251.663,116.5,20304.874,12.25,3.8,0.56,0.0,False,False,-0.0032718046490687325,-0.0032771687051910193,0.11233316188812545,0.12022879338613537,0.17193606056444335,-0.020000000000000018,-0.6177759237402286,-0.25366492293702597,0.7600000000000002,0.07000000000000028,0.040000000000000036,-0.06999999999999984,0.10000000000000009,,0.0
2018-08-30,JPM,115.58999633789062,116.04000091552734,114.9800033569336,115.19000244140624,93.11051177978516,8991800,2.47,2.11,2.86,257.891,251.663,116.5,20304.874,13.53,3.8,0.56,0.0,False,False,-0.004923939043607772,-0.004936101572921187,0.1082111926631685,0.11959853023146552,0.1707540363251938,0.10448979591836727,-0.6506523273197355,-0.23962699474944618,0.75,0.040000000000000036,0.029999999999999805,-0.14000000000000012,0.08000000000000007,,0.0
2018-08-31,JPM,114.83000183105467,114.83999633789062,113.81999969482422,114.58000183105467,92.61741638183594,13065700,2.46,2.11,2.86,257.891,251.663,116.5,20304.874,12.86,3.8,0.56,0.0,False,False,-0.005295808051355544,-0.005309880548297345,0.11193208369278881,0.1197191760192693,0.17122442208402977,-0.049519586104951996,-0.6011931502692042,-0.23294089303727622,0.75,0.040000000000000036,0.020000000000000018,-0.1200000000000001,0.08999999999999986,,0.0
2018-09-04,JPM,114.33999633789062,115.23999786376952,113.62999725341795,115.1500015258789,93.0781707763672,10174200,2.49,2.13,2.9,257.891,251.663,116.5,20304.874,13.16,3.8,0.56,0.0,False,False,0.004974813728680472,0.004962480230520714,0.1145361667558408,0.11733751032857334,0.17087627146376985,0.023328149300155587,-0.5673082721163322,-0.2361079660355266,0.77,0.04999999999999982,0.009999999999999787,-0.050000000000000266,0.1200000000000001,,0.0
2018-09-05,JPM,115.0,115.6999969482422,114.25,114.58999633789062,92.62550354003906,11462400,2.49,2.14,2.9,257.891,251.663,116.5,20304.874,13.91,3.8,0.56,0.0,False,False,-0.004863301809139853,-0.0048751661435727555,0.11266176303546885,0.11810186521409226,0.16532531908823153,0.05699088145896658,-0.5756986003989395,-0.2195309041888095,0.7599999999999998,0.020000000000000018,0.010000000000000231,-0.040000000000000036,0.0900000000000003,,0.0
2018-09-06,JPM,114.5,114.6999969482422,113.5,114.0999984741211,92.22942352294922,9877600,2.5,2.13,2.88,257.891,251.663,116.5,20304.874,14.65,3.8,0.56,0.0,False,False,-0.004276144279406036,-0.0042853131319148564,0.1135759718241251,0.11731985746970774,0.16548181756447766,0.05319913731128678,-0.5713554394167489,-0.22673743322681408,0.75,-0.010000000000000231,0.0,-0.10000000000000009,0.06999999999999984,,0.0
2018-09-07,JPM,114.5,114.7699966430664,113.62999725341795,114.31999969482422,92.40726470947266,10955600,2.53,2.14,2.94,257.891,251.663,116.5,20304.874,14.88,3.8,0.56,0.0,False,False,0.0019282478381661416,0.0019263911546842567,0.11404734240091469,0.11727844674045654,0.16544312294083993,0.015699658703071773,-0.5655219884142831,-0.2263936012787635,0.7999999999999998,0.08000000000000007,0.03000000000000025,-0.020000000000000018,0.08000000000000007,,0.0
2018-09-10,JPM,114.8499984741211,114.97000122070312,113.66000366210938,113.70999908447266,91.91419219970705,8276900,2.54,2.14,2.94,257.891,251.663,116.5,20304.874,14.16,3.8,0.56,0.0,False,False,-0.005335863054878098,-0.005350149615564784,0.11677676774433353,0.11593033216508541,0.16575205428809286,-0.048387096774193616,-0.5223332284718456,-0.21761751831799173,0.7999999999999998,0.08000000000000007,0.03000000000000025,0.009999999999999787,0.08000000000000007,,0.0
2018-09-11,JPM,113.54000091552734,114.58000183105467,113.18000030517578,114.43000030517578,92.49620819091795,9333800,2.55,2.15,2.98,257.891,251.663,116.5,20304.874,13.22,3.8,0.56,0.0,False,False,0.006332166744677847,0.006312202809160788,0.0724150835427658,0.11439864155503358,0.16565439877357335,-0.06638418079096042,-0.4941853559516099,-0.22529120623252408,0.8300000000000001,0.08000000000000007,0.020000000000000018,0.10999999999999988,0.10000000000000009,,0.0
2018-09-12,JPM,114.25,114.87999725341795,112.8499984741211,113.08000183105467,91.40493774414062,10800800,2.56,2.16,2.97,257.891,251.663,116.5,20304.874,13.14,3.8,0.56,0.0,False,False,-0.011798001973495786,-0.011868150687787224,0.08723689163949494,0.1080340877916266,0.16747043643708157,-0.00605143721633894,-0.3241916662639111,-0.21860363400950472,0.81,0.07000000000000028,0.020000000000000018,0.0900000000000003,0.10000000000000009,,0.0
2018-09-13,JPM,113.37000274658205,114.12999725341795,112.66999816894533,113.5199966430664,91.76060485839844,12470800,2.55,2.15,2.97,257.891,251.663,116.5,20304.874,12.37,3.8,0.56,0.0,False,False,0.0038911148898037595,0.0038835640832931176,0.09305370432002681,0.10618746973598923,0.16339071819621193,-0.05859969558599709,-0.28536740660425874,-0.25468477831765374,0.8200000000000003,0.0900000000000003,0.020000000000000018,0.08000000000000007,0.06999999999999984,,0.0
2018-09-14,JPM,113.80999755859376,114.48999786376952,113.2300033569336,113.5,91.74445343017578,10337900,2.56,2.16,2.99,257.891,251.663,116.5,20304.874,12.07,3.8,0.56,0.0,False,False,-0.0001760170200226785,-0.00017603251283637326,0.09184259761914722,0.10227825238772638,0.16335054286989714,-0.02425222312045261,-0.19279496406986715,-0.2545517252932928,0.8300000000000001,0.050000000000000266,0.020000000000000018,0.13000000000000034,0.0900000000000003,,0.0
2018-09-17,JPM,113.79000091552734,114.43000030517578,113.3000030517578,113.83999633789062,92.01927185058594,9561300,2.57,2.16,2.99,257.891,251.663,116.5,20304.874,13.68,3.8,0.56,0.0,False,False,0.0029954772210760705,0.002990999718461357,0.09159811431472609,0.09710915587306548,0.16336942389076503,0.13338856669428334,-0.00015755117536908543,-0.2434876829287764,0.8300000000000001,0.050000000000000266,0.020000000000000018,0.1200000000000001,0.0900000000000003,,0.0
2018-09-18,JPM,114.33000183105467,114.66000366210938,113.55999755859376,114.3000030517578,92.39110565185548,7944200,2.58,2.17,3.05,257.891,251.663,116.5,20304.874,12.79,3.8,0.56,0.0,False,False,0.004040825294437278,0.004032683086696391,0.09011034759390348,0.09830926364851968,0.1629074866319063,-0.06505847953216382,-0.04056935175347074,-0.23741303412925516,0.8799999999999999,0.06999999999999984,0.020000000000000018,0.17999999999999972,0.1200000000000001,,0.0
2018-09-19,JPM,114.44000244140624,118.05999755859376,114.44000244140624,117.62000274658205,95.0747299194336,16052800,2.58,2.16,3.08,257.891,251.663,116.5,20304.874,11.75,3.8,0.56,0.0,False,False,0.029046348657093102,0.028632498264251183,0.16928039955240723,0.13993738516799237,0.17196524810511463,-0.08131352619233767,-0.2577569010721262,-0.27021231386407474,0.9199999999999999,0.10999999999999988,0.0,0.26000000000000023,0.10000000000000009,,0.0
2018-09-20,JPM,118.5,119.23999786376952,118.08000183105467,118.62999725341795,95.89112854003906,15590000,2.58,2.17,3.07,257.891,251.663,116.5,20304.874,11.8,3.8,0.56,0.0,False,False,0.008586914959393344,0.00855025710755651,0.16688738450238266,0.14126768363701192,0.17249811746700738,0.004255319148936287,-0.2676303985606029,-0.2717902660755515,0.8999999999999999,0.09999999999999964,0.020000000000000018,0.21999999999999975,0.08999999999999986,,0.0
2018-09-21,JPM,119.12999725341795,119.2300033569336,117.73999786376952,117.8499984741211,95.26065063476562,24788200,2.58,2.18,3.07,257.891,251.663,116.5,20304.874,11.68,3.8,0.56,0.0,False,True,-0.006574934666768284,-0.0065966447636740125,0.17498807762929566,0.1431838926518476,0.16936920939310393,-0.01016949152542379,-0.28129407449958477,-0.29894123847331183,0.8899999999999997,0.07999999999999963,0.020000000000000018,0.25,0.0900000000000003,,0.0
2018-09-24,JPM,117.76000213623048,118.45999908447266,116.43000030517578,116.72000122070312,94.34725189208984,12492500,2.6,2.22,3.08,257.891,251.663,116.5,20304.874,12.2,3.8,0.56,0.0,False,False,-0.009588415957579421,-0.00963468079304557,0.18192519987830674,0.14766876939169765,0.16950735585688512,0.044520547945205546,-0.30975172023191355,-0.28093443491569065,0.8599999999999999,0.08999999999999986,0.06000000000000005,0.26000000000000023,0.14000000000000012,,0.0
2018-09-25,JPM,117.04000091552734,117.97000122070312,116.31999969482422,116.38999938964844,94.08050537109376,9308300,2.59,2.21,3.1,257.891,251.663,116.5,20304.874,12.42,3.8,0.56,0.0,False,False,-0.002827284479903769,-0.0028312887980141642,0.1825083356349661,0.1481575679220233,0.16974643011834117,0.0180327868852459,-0.32092871997667727,-0.2883051887200272,0.8900000000000001,0.050000000000000266,0.040000000000000036,0.28000000000000025,0.1200000000000001,,0.0
2018-09-26,JPM,116.75,116.87000274658205,114.66000366210938,115.0199966430664,92.97306060791016,14023600,2.58,2.2,3.06,257.891,251.663,116.5,20304.874,12.89,3.8,0.56,0.0,False,False,-0.011771245900682348,-0.011841075544591547,0.18245202508353653,0.1408608883148715,0.16835893405812863,0.037842190016103006,-0.3930314537467241,-0.2586770617854137,0.8599999999999999,-0.020000000000000018,0.040000000000000036,0.20999999999999996,0.08000000000000007,,0.0
2018-09-27,JPM,115.41999816894533,115.76000213623048,114.16000366210938,114.5199966430664,92.56893157958984,13283000,2.58,2.18,3.06,257.891,251.663,116.5,20304.874,12.41,3.8,0.56,0.0,False,False,-0.004346732544652121,-0.00435620705196057,0.1843707798074778,0.14067037422273393,0.1662060103876616,-0.03723816912335143,-0.36563878839789893,-0.23723126684899143,0.8799999999999999,-0.009999999999999787,0.010000000000000231,0.18000000000000016,0.050000000000000266,,0.0
2018-09-28,JPM,113.6500015258789,114.23999786376952,112.5199966430664,112.83999633789062,91.2109375,15815100,2.59,2.19,3.05,257.891,251.663,116.5,20304.874,12.12,3.8,0.56,0.0,False,False,-0.014670084837505648,-0.014778754638414058,0.2005676474117969,0.14876684460049006,0.16853366880366225,-0.023368251410153196,-0.31916044562612295,-0.23537385980112907,0.8599999999999999,-0.020000000000000018,0.009999999999999787,0.1599999999999997,0.06000000000000005,,0.0
2018-10-01,JPM,113.37000274658205,114.61000061035156,113.04000091552734,113.5,91.74445343017578,10146300,2.6,2.23,3.09,258.917,252.772,117.5,20304.874,12.0,3.8,0.56,0.0,False,False,0.005849253881156313,0.00583221341273464,0.20248332058408894,0.15004572868759938,0.16817328051571173,-0.009900990099009799,-0.3102977790542357,-0.23213491468317757,0.8599999999999999,0.009999999999999787,0.009999999999999787,0.22999999999999998,0.1200000000000001,,0.0
2018-10-02,JPM,113.36000061035156,114.12000274658205,112.80999755859376,113.97000122070312,92.1243667602539,13753100,2.61,2.23,3.05,258.917,252.772,117.5,20304.874,12.05,3.8,0.56,0.0,False,False,0.0041409950778905635,0.0041324447542109306,0.20254368932520112,0.14995870254871374,0.16531660169750875,0.004166666666666652,-0.3364973366121233,-0.22154786877053026,0.8199999999999998,-0.050000000000000266,0.020000000000000018,0.18999999999999995,0.1200000000000001,,0.0
2018-10-03,JPM,114.94000244140624,115.66000366210938,114.4800033569336,115.04000091552734,92.98927307128906,17142000,2.62,2.23,3.15,258.917,252.772,117.5,20304.874,11.61,3.8,0.56,0.0,False,False,0.00938846411054306,0.009344666396804646,0.13841994125685855,0.15262416699867362,0.16575900913052952,-0.036514522821576856,-0.3749120876170568,-0.2208817809941726,0.9199999999999999,0.08999999999999986,0.029999999999999805,0.25,0.10000000000000009,,0.0
2018-10-04,JPM,114.5500030517578,116.80999755859376,114.20999908447266,115.2699966430664,93.82764434814452,16357400,2.63,2.22,3.19,258.917,252.772,117.5,20304.874,14.22,3.8,0.8,0.4285714285714286,False,False,0.009015784822973272,0.008975385275838072,0.1393592272745988,0.1546301172833516,0.16637795019335644,0.22480620155038777,-0.10503531714607585,-0.16043215376177195,0.9699999999999998,0.1299999999999999,0.040000000000000036,0.29000000000000004,0.08000000000000007,,0.0
2018-10-05,JPM,115.83000183105467,116.0999984741211,114.0199966430664,114.62000274658205,93.29856872558594,13777600,2.64,2.23,3.23,258.917,252.772,117.5,20304.874,14.82,3.8,0.8,0.4285714285714286,False,False,-0.005638803214492505,-0.005654761283218761,0.13860068291954797,0.15524836630741826,0.15640380681883392,0.04219409282700415,-0.1050976335039287,-0.13773136911467962,1.0,0.18000000000000016,0.040000000000000036,0.3500000000000001,0.10000000000000009,,0.0
2018-10-08,JPM,114.25,115.77999877929688,113.3499984741211,115.31999969482422,93.8683624267578,14370900,2.645,2.24,3.2199999999999998,258.917,252.772,117.5,20304.874,15.69,3.8,0.8,0.4285714285714286,False,False,0.006107207312555429,0.006088633904716332,0.1370740029200152,0.15637914219444315,0.15598914335403982,0.05870445344129549,-0.08286540717338181,-0.13252241941256127,0.9799999999999995,0.1299999999999999,0.010000000000000231,0.2799999999999998,0.10000000000000009,,0.0
2018-10-09,JPM,114.66999816894533,115.02999877929688,113.66999816894533,114.5199966430664,93.2171630859375,14069500,2.65,2.25,3.21,258.917,252.772,117.5,20304.874,15.95,3.8,0.8,0.4285714285714286,False,False,-0.006937367649599846,-0.006961543058564739,0.1405572131296381,0.15726787461702835,0.1567229345570141,0.016571064372211675,-0.11301455662425672,-0.12916014587133526,0.96,0.16000000000000014,0.020000000000000018,0.27,0.10999999999999988,,0.0
2018-10-10,JPM,114.6999969482422,114.9499969482422,111.47000122070312,111.47000122070312,90.7345199584961,23086400,2.67,2.27,3.22,258.917,252.772,117.5,20304.874,22.96,3.8,0.8,0.4285714285714286,False,False,-0.026632897261126054,-0.026993978395029337,0.18656933726804686,0.18250882517622638,0.16646491358297213,0.43949843260188093,-0.4576346022655286,-0.30712363681558036,0.9500000000000002,0.07000000000000028,0.040000000000000036,0.2400000000000002,0.1200000000000001,,0.0
2018-10-11,JPM,110.97000122070312,111.47000122070312,107.37999725341795,108.12999725341795,88.01582336425781,33705600,2.66,2.27,3.14,258.917,252.772,117.5,20304.874,24.98,3.8,0.8,0.4285714285714286,False,True,-0.029963200284543023,-0.030421270353344042,0.23394393343058703,0.20630264733742212,0.17750350568975548,0.08797909407665494,-0.4706650760022047,-0.33056980576137135,0.8700000000000001,-0.04999999999999982,0.04999999999999982,0.16999999999999993,0.10999999999999988,,0.0
2018-10-12,JPM,110.37000274658205,110.83000183105467,105.5999984741211,106.9499969482422,87.05531311035156,32075700,2.66,2.28,3.15,258.917,252.772,117.5,20304.874,21.31,3.8,0.8,0.4285714285714286,False,True,-0.010912926985084614,-0.010972909763750333,0.23026064678069358,0.20756164028816704,0.16072946127745028,-0.14691753402722185,-0.379637311928679,-0.35412394106230677,0.8700000000000001,-0.08000000000000007,0.04999999999999982,0.17999999999999972,0.1299999999999999,,0.0
2018-10-15,JPM,107.1999969482422,108.8499984741211,106.31999969482422,106.33999633789062,86.55880737304688,18903200,2.67,2.31,3.16,258.917,252.772,117.5,20304.874,21.3,3.8,0.8,0.4285714285714286,False,False,-0.005703336414117688,-0.005719662542438669,0.22269558052564972,0.20766567453050938,0.1610781511922874,-0.000469263256686947,-0.3731552103846329,-0.3544928731482465,0.8500000000000001,-0.05999999999999961,0.06999999999999984,0.16999999999999993,0.1499999999999999,,0.0
2018-10-16,JPM,107.16000366210938,108.77999877929688,106.7300033569336,108.62000274658205,88.41468048095703,19302800,2.66,2.3,3.16,258.917,252.772,117.5,20304.874,17.62,3.8,0.8,0.4285714285714286,False,False,0.021440603957397553,0.02121398767936962,0.25780749170198036,0.22306009564710017,0.16572448574995305,-0.17276995305164322,-0.48012854999739607,-0.4006503042621453,0.8600000000000003,-0.04999999999999982,0.04999999999999982,0.16999999999999993,0.13999999999999968,,0.0
2018-10-17,JPM,108.37999725341795,110.8000030517578,108.2300033569336,109.83000183105467,89.39961242675781,18794500,2.66,2.31,3.19,258.917,252.772,117.5,20304.874,17.4,3.8,0.8,0.4285714285714286,False,False,0.01113991410072357,0.011078322254096192,0.2604739904128923,0.22672748952972396,0.1646003881174001,-0.012485811577752637,-0.4750866255254416,-0.39450579887966847,0.8799999999999999,-0.03000000000000025,0.040000000000000036,0.14000000000000012,0.14000000000000012,,0.0
2018-10-18,JPM,109.0199966430664,109.83999633789062,107.80999755859376,108.08999633789062,87.9832763671875,17582500,2.67,2.32,3.17,258.917,252.772,117.5,20304.874,20.06,3.8,0.8,0.4285714285714286,False,False,-0.01584275391272716,-0.015969591762792022,0.2559105356351961,0.20330692737451303,0.16570713885288388,0.15287356321839085,-0.4739605913699793,-0.42038832246755325,0.8500000000000001,0.029999999999999805,0.04999999999999982,0.08999999999999986,0.1599999999999997,,0.0
2018-10-19,JPM,107.6500015258789,109.22000122070312,107.2699966430664,107.91000366210938,87.83673858642578,15234500,2.67,2.31,3.2,258.917,252.772,117.5,20304.874,19.89,3.8,0.8,0.4285714285714286,False,False,-0.0016655185713948528,-0.001666907089399872,0.2570298986652773,0.19858131230911297,0.161263791945198,-0.008474576271186307,-0.4763987839034082,-0.4220650943030219,0.8900000000000001,0.050000000000000266,0.03000000000000025,0.13000000000000034,0.14000000000000012,,0.0
2018-10-22,JPM,108.1500015258789,108.33999633789062,106.11000061035156,106.36000061035156,86.57508087158203,16199100,2.68,2.34,3.2,258.917,252.772,117.5,20304.874,19.64,3.8,0.8,0.4285714285714286,False,False,-0.014363667585430173,-0.014467823637012272,0.2505188739462493,0.20163777321586815,0.16281530165970762,-0.012569130216188995,-0.4579895516952775,-0.4088200913655515,0.8600000000000003,0.040000000000000036,0.029999999999999805,0.13000000000000034,0.1599999999999997,,0.0
2018-10-23,JPM,104.1999969482422,106.16000366210938,103.6999969482422,105.25,85.67155456542969,21407500,2.67,2.33,3.17,258.917,252.772,117.5,20304.874,20.71,3.8,0.8,0.4285714285714286,False,False,-0.010436332222346523,-0.010491172626286488,0.25070096356126464,0.20193138411221537,0.16261516549629093,0.0544806517311609,-0.45925697326752424,-0.41200139287040083,0.8399999999999999,0.009999999999999787,0.03000000000000025,0.08999999999999986,0.10999999999999988,,0.0
2018-10-24,JPM,104.76000213623048,105.02999877929688,102.91000366210938,103.29000091552734,84.0761489868164,23168900,2.64,2.34,3.1,258.917,252.772,117.5,20304.874,25.23,3.8,0.8,0.4285714285714286,False,False,-0.01862234888471448,-0.018797928037958034,0.23670321347247344,0.20766917662527407,0.16631040214705986,0.21825205214872034,-0.4964924496325675,-0.44591435386510847,0.7600000000000002,-0.08999999999999986,0.029999999999999805,0.0,0.1299999999999999,,0.0
2018-10-25,JPM,104.18000030517578,105.9000015258789,103.72000122070312,104.86000061035156,85.35411834716797,17464700,2.66,2.34,3.14,258.917,252.772,117.5,20304.874,24.22,3.8,0.8,0.4285714285714286,False,False,0.015200141487830887,0.015085776787446908,0.2238572072108672,0.2177730629228377,0.16798859095632337,-0.040031708283789214,-0.5127567338876923,-0.4675414855459902,0.8000000000000003,-0.029999999999999805,0.020000000000000018,0.08000000000000007,0.13999999999999968,,0.0
2018-10-26,JPM,104.0,104.55999755859376,102.7300033569336,103.41999816894533,84.18197631835938,19174900,2.63,2.33,3.08,258.917,252.772,117.5,20304.874,24.16,3.8,0.8,0.4285714285714286,False,False,-0.01373269446754799,-0.013827860175031082,0.22711410510814006,0.22038514867364514,0.16906688483921617,-0.002477291494632494,-0.49911854441753734,-0.474278103302427,0.75,-0.1200000000000001,0.020000000000000018,0.020000000000000018,0.1499999999999999,,0.0
2018-10-29,JPM,104.45999908447266,106.62999725341795,103.6999969482422,104.8499984741211,85.3459701538086,18445200,2.64,2.34,3.08,258.917,252.772,117.5,20304.874,24.7,3.8,0.8,0.4285714285714286,False,False,0.013827114619490821,0.013732392229617394,0.24195369872684186,0.22573286114042349,0.16959987916344224,0.022350993377483475,-0.5171971902370857,-0.5015899502684927,0.7400000000000002,-0.1200000000000001,0.0,0.03000000000000025,0.1499999999999999,,0.0
2018-10-30,JPM,105.70999908447266,106.9800033569336,104.86000061035156,106.6999969482422,86.8518295288086,18019700,2.66,2.33,3.12,258.917,252.772,117.5,20304.874,23.35,3.8,0.8,0.4285714285714286,False,False,0.017644176664535882,0.017490325264148752,0.23275118156584293,0.23500948239032943,0.1731166185617455,-0.054655870445344035,-0.5302510777912921,-0.510998936503258,0.79,-0.04999999999999982,0.0,0.03000000000000025,0.10000000000000009,,0.0
2018-10-31,JPM,108.08000183105467,110.4800033569336,107.79000091552734,109.0199966430664,88.7402572631836,20860000,2.69,2.34,3.15,258.917,252.772,117.5,20304.874,21.23,3.8,0.8,0.4285714285714286,False,False,0.021743096773207515,0.021510087161674497,0.25382866865385745,0.24860759964861978,0.1786680908104972,-0.09079229122055676,-0.5571570886117978,-0.5226345159882743,0.81,0.04999999999999982,0.0,0.10000000000000009,0.10999999999999988,,0.0
2018-11-01,JPM,109.62000274658205,110.22000122070312,108.31999969482422,108.9800033569336,88.70772552490234,13065000,2.67,2.32,3.14,259.439,252.594,117.4,20304.874,19.34,3.8,0.8,0.4285714285714286,False,False,-0.0003665950413549446,-0.00036666225374410523,0.23928463136695902,0.24538629546514446,0.17774395320604922,-0.0890249646726331,-0.5426109537767405,-0.5148463722072419,0.8200000000000003,0.0,-0.020000000000000018,-0.009999999999999787,0.08999999999999986,,0.0
2018-11-02,JPM,109.9000015258789,110.80999755859376,107.48999786376952,108.37999725341795,88.21932983398438,19009200,2.7,2.33,3.22,259.439,252.594,117.4,20304.874,19.51,3.8,0.8,0.4285714285714286,False,False,-0.005505672567164055,-0.0055208846432052905,0.24118078288689232,0.24215160207791858,0.17794963953403797,0.00879007238883145,-0.6352465431862401,-0.5140406561010857,0.8900000000000001,0.14000000000000012,0.0,0.03000000000000025,0.10999999999999988,,0.0
2018-11-05,JPM,108.61000061035156,109.29000091552734,108.41999816894533,109.08999633789062,88.79722595214844,10276400,2.71,2.36,3.2,259.439,252.594,117.4,20304.874,19.96,3.8,0.8,0.4285714285714286,False,False,0.0065506745432273306,0.006529312116196246,0.2274982405137046,0.24409777414492415,0.17835448369995463,0.023065094823167653,-0.6288779430995626,-0.5094210764121002,0.8400000000000003,0.1200000000000001,0.020000000000000018,-0.029999999999999805,0.1299999999999999,,0.0
2018-11-06,JPM,108.66999816894533,109.66999816894533,107.76000213623048,109.5999984741211,89.21238708496094,10825000,2.72,2.35,3.22,259.439,252.594,117.4,20304.874,19.91,3.8,0.8,0.4285714285714286,False,False,0.0046753840377427025,0.004664488377524285,0.215612538487192,0.2435262659200935,0.17861784792551932,-0.0025050100200401104,-0.6432731258868076,-0.5091848478311031,0.8700000000000001,0.10000000000000009,0.020000000000000018,4.440892098500626e-16,0.10999999999999988,,0.0
2018-11-07,JPM,110.37000274658205,111.7300033569336,109.3499984741211,111.4800033569336,90.74267578125,12679600,2.74,2.37,3.22,259.439,252.594,117.4,20304.874,16.36,3.8,0.8,0.4285714285714286,False,False,0.017153320814425665,0.01700786363321033,0.1816144274789145,0.2519082107688721,0.18167001592630422,-0.1783023606228027,-0.6736751104807621,-0.5320284204404151,0.8500000000000001,0.07000000000000028,0.03000000000000025,0.010000000000000231,0.1200000000000001,,0.0
2018-11-08,JPM,111.01000213623048,112.93000030517578,111.0,112.37999725341795,91.47525024414062,11662500,2.74,2.35,3.24,259.439,252.594,117.4,20304.874,16.72,3.8,0.8,0.4285714285714286,False,False,0.008073097432751641,0.00804068431432146,0.17689900891749746,0.23555402917362725,0.181499140447398,0.022004889975550057,-0.6162610724671611,-0.5205105772703025,0.8900000000000001,0.10000000000000009,0.03000000000000025,0.020000000000000018,0.08000000000000007,,0.0
2018-11-09,JPM,112.2300033569336,112.36000061035156,110.83000183105467,111.29000091552734,90.58802795410156,10432200,2.73,2.36,3.19,259.439,252.594,117.4,20304.874,17.36,3.8,0.8,0.4285714285714286,False,False,-0.009699041955841925,-0.00974638402713626,0.16422393389311812,0.21110114773724695,0.1797209755981962,0.038277511961722466,-0.5982290239545979,-0.5083865720993815,0.8300000000000001,-0.03000000000000025,0.029999999999999805,0.04999999999999982,0.08999999999999986,,0.0
2018-11-12,JPM,111.41999816894533,111.94000244140624,108.5999984741211,108.9499969482422,88.68331146240234,13279700,2.725,2.37,3.165,259.439,252.594,117.4,20304.874,20.45,3.8,0.8,0.4285714285714286,False,False,-0.021026139267147803,-0.021250336774520227,0.21277833764499096,0.22142344594743263,0.1839756721485927,0.17799539170506917,-0.7625966243748663,-0.5292225713620169,0.7949999999999999,-0.03500000000000014,0.010000000000000231,0.015000000000000124,0.0900000000000003,,0.0
2018-11-13,JPM,109.0999984741211,111.12000274658205,109.0999984741211,109.58999633789062,89.20425415039062,13746100,2.72,2.38,3.14,259.439,252.594,117.4,20304.874,20.02,3.8,0.8,0.4285714285714286,False,False,0.005874190751313346,0.005857004961717026,0.1994733449970456,0.22070471927091984,0.18377332606387006,-0.02102689486552567,-0.7687613981645799,-0.5258537508774098,0.7600000000000002,-0.08000000000000007,0.029999999999999805,-0.020000000000000018,0.06999999999999984,,0.0
2018-11-14,JPM,110.2300033569336,110.70999908447266,105.9800033569336,107.33000183105467,87.36463165283203,18361400,2.71,2.38,3.12,259.439,252.594,117.4,20304.874,21.25,3.8,0.8,0.4285714285714286,False,False,-0.020622587062464004,-0.020838202122456947,0.20077189779156598,0.22129073688879247,0.18709837089186462,0.06143856143856152,-0.7302831395091752,-0.5209358037040632,0.7400000000000002,-0.10000000000000009,0.009999999999999787,-0.040000000000000036,0.08000000000000007,,0.0
2018-11-15,JPM,108.23999786376952,110.08000183105467,106.80999755859376,110.06999969482422,89.59494018554688,19100000,2.7,2.37,3.11,259.439,252.594,117.4,20304.874,19.98,3.8,0.8,0.4285714285714286,False,False,0.02552873503293185,0.025208318647659763,0.24187717926654892,0.23561149625858427,0.19427542555842525,-0.05976470588235294,-0.7330365824600005,-0.5268634543998791,0.7399999999999998,-0.13000000000000034,0.020000000000000018,-0.08000000000000007,0.06000000000000005,,0.0
2018-11-16,JPM,109.4499969482422,110.76000213623048,108.5500030517578,109.98999786376952,89.52982330322266,13798600,2.68,2.36,3.08,259.439,252.594,117.4,20304.874,18.14,3.8,0.8,0.4285714285714286,False,False,-0.0007267919615702167,-0.0007270562028879862,0.23944606465476087,0.22831286751675453,0.1942697260317484,-0.09209209209209213,-0.6855035422023616,-0.5219738373243586,0.7200000000000002,-0.10999999999999988,0.0,-0.08999999999999986,0.040000000000000036,,0.0
2018-11-19,JPM,109.95999908447266,111.1999969482422,109.52999877929688,110.83000183105467,90.21356201171876,13987000,2.66,2.38,3.06,259.439,252.594,117.4,20304.874,20.1,3.8,0.8,0.4285714285714286,False,False,0.007636993833668226,0.007607979623525523,0.2401438575860415,0.22929349759672607,0.1945041735444869,0.10804851157662632,-0.6339567845213177,-0.5079071897043588,0.6800000000000002,-0.10499999999999998,0.009999999999999787,-0.14000000000000012,0.06999999999999984,,0.0
2018-11-20,JPM,109.77999877929688,110.48999786376952,107.9800033569336,108.4499969482422,88.27631378173828,18936200,2.67,2.39,3.06,259.439,252.594,117.4,20304.874,22.48,3.8,0.8,0.4285714285714286,False,False,-0.021474024379270484,-0.02170794613072107,0.2657894983570574,0.23680410368912957,0.19901839730230966,0.1184079601990049,-0.6939284557905364,-0.524890338199113,0.6699999999999999,-0.08000000000000007,0.010000000000000231,-0.14000000000000012,0.050000000000000266,,0.0
2018-11-21,JPM,109.02999877929688,109.61000061035156,107.63999938964844,107.63999938964844,87.61695861816406,10619600,2.67,2.41,3.06,259.439,252.594,117.4,20304.874,20.8,3.8,0.8,0.4285714285714286,False,False,-0.0074692194919292465,-0.007497253795319497,0.24696055576031092,0.23520694701303047,0.19945245028084416,-0.07473309608540923,-0.6457192770233403,-0.5123985755575128,0.6499999999999999,-0.06000000000000005,0.03000000000000025,-0.10999999999999988,0.08000000000000007,,0.0
2018-11-23,JPM,106.73999786376952,107.38999938964844,106.05999755859376,106.6500015258789,86.81112670898438,6488400,2.67,2.41,3.05,259.439,252.594,117.4,20304.874,21.52,3.8,0.8,0.4285714285714286,False,False,-0.009197213894304612,-0.009239769395012733,0.2394607711859307,0.2272296086762126,0.20014487763056826,0.03461538461538449,-0.6042724123283933,-0.5134725669621751,0.6399999999999997,-0.06000000000000005,0.040000000000000036,-0.050000000000000266,0.07000000000000028,,0.0
2018-11-26,JPM,107.72000122070312,109.9800033569336,107.4499969482422,109.26000213623048,88.9356460571289,13948300,2.7,2.41,3.07,259.439,252.594,117.4,20304.874,18.9,3.8,0.8,0.4285714285714286,False,False,0.024472892228049492,0.024178228832897365,0.2788725230922433,0.2360777168769115,0.20306636525594376,-0.12174721189591087,-0.641048080582318,-0.5424538655651628,0.6599999999999997,-0.010000000000000231,0.050000000000000266,-0.07000000000000028,0.07000000000000028,,0.0
2018-11-27,JPM,108.76000213623048,110.02999877929688,108.62999725341795,109.72000122070312,89.31007385253906,9238200,2.7,2.41,3.06,259.439,252.594,117.4,20304.874,19.02,3.8,0.8,0.4285714285714286,False,False,0.0042100981103756485,0.00420126044360581,0.25774013109821536,0.22904480780422484,0.2031604373472111,0.006349206349206327,-0.6557490480866517,-0.5417815055187744,0.6499999999999999,0.0,0.03000000000000025,-0.020000000000000018,0.08000000000000007,,0.0
2018-11-28,JPM,109.8000030517578,111.4000015258789,108.87000274658205,110.94000244140624,90.30311584472656,13977300,2.69,2.4,3.06,259.439,252.594,117.4,20304.874,18.49,3.8,0.8,0.4285714285714286,False,False,0.011119036737413657,0.011057674687371859,0.2619393676397814,0.22762154745854474,0.20446638629688157,-0.02786540483701372,-0.6815469763150344,-0.5449767633895269,0.6600000000000001,0.0,0.009999999999999787,-0.020000000000000018,0.06000000000000005,,0.0
2018-11-29,JPM,110.2699966430664,110.8000030517578,109.63999938964844,110.05999755859376,89.58679962158203,11144300,2.69,2.37,3.03,259.439,252.594,117.4,20304.874,18.79,3.8,0.8,0.4285714285714286,False,False,-0.007932353346214671,-0.007963981830930186,0.23850136796006463,0.22381248353240762,0.20481889953249915,0.016224986479177916,-0.6775026643840665,-0.5433508860124032,0.6599999999999997,-0.03000000000000025,-0.040000000000000036,-0.0900000000000003,0.040000000000000036,,0.0
2018-11-30,JPM,109.8499984741211,111.31999969482422,109.58000183105467,111.19000244140624,90.5066146850586,18652700,2.7,2.37,3.01,259.439,252.594,117.4,20304.874,18.07,3.8,0.8,0.4285714285714286,False,False,0.010267305756672895,0.010214955002132015,0.2085454385759838,0.21429104747070832,0.2057231843074518,-0.0383182543906333,-0.6594968277170851,-0.5518192211889429,0.6399999999999997,-0.040000000000000036,-0.040000000000000036,-0.14000000000000012,0.03000000000000025,,0.0
2018-12-03,JPM,112.37999725341795,112.88999938964844,111.73999786376952,112.23999786376952,91.36129760742188,16034500,2.72,2.38,2.98,259.439,252.594,117.4,20304.874,16.44,3.8,0.8,0.4285714285714286,False,False,0.00944331997542247,0.00939901056289647,0.21234113437190297,0.21620330771822874,0.20638054089883112,-0.09020475926950744,-0.690168461749619,-0.5587302556025193,0.6000000000000001,-0.08999999999999986,-0.03000000000000025,-0.16000000000000014,0.06000000000000005,,0.0
2018-12-04,JPM,111.5999984741211,111.5999984741211,106.7300033569336,107.2300033569336,87.28325653076172,23555900,2.71,2.42,2.91,259.439,252.594,117.4,20304.874,20.74,3.8,0.8,0.4285714285714286,True,False,-0.044636418083546014,-0.045663296905968584,0.31614394753197306,0.27034335561205913,0.22531328962161382,0.2615571776155716,-0.796556018680514,-0.609973832487947,0.4900000000000002,-0.1499999999999999,0.009999999999999787,-0.31000000000000005,0.08999999999999986,,0.0
2018-12-06,JPM,105.01000213623048,105.36000061035156,102.87999725341795,105.19000244140624,85.62274169921875,27213900,2.7,2.41,2.87,259.439,252.594,117.4,20304.874,21.19,3.8,0.8,0.4285714285714286,False,True,-0.019024437189253396,-0.019207730215580913,0.3122939055107913,0.2765322355424524,0.22817150851160092,0.021697203471552795,-0.7890252200871782,-0.6037414517236919,0.45999999999999996,-0.18999999999999995,0.010000000000000231,-0.33000000000000007,0.050000000000000266,,0.0
2018-12-07,JPM,105.16000366210938,106.9800033569336,102.91000366210938,103.29000091552734,84.0761489868164,19248600,2.68,2.4,2.85,259.439,252.594,117.4,20304.874,23.23,3.8,0.8,0.4285714285714286,False,False,-0.01806287303711107,-0.018227998173430512,0.32109255710551293,0.2811901521840106,0.23060383277151755,0.09627182633317588,-0.7977832763112312,-0.6096882358106219,0.4500000000000002,-0.17999999999999972,0.029999999999999805,-0.3700000000000001,0.04999999999999982,,0.0
2018-12-10,JPM,102.87000274658205,103.48999786376952,99.27999877929688,101.36000061035156,82.50517272949219,23636400,2.69,2.41,2.85,259.439,252.594,117.4,20304.874,22.64,3.8,0.8,0.4285714285714286,False,False,-0.018685159539961305,-0.018861932618948564,0.32892181060091513,0.2767336549723795,0.2330908034874622,-0.02539819199311233,-0.7469653554261392,-0.5998283141860343,0.43999999999999995,-0.1599999999999997,0.040000000000000036,-0.3700000000000001,0.040000000000000036,,0.0
2018-12-11,JPM,103.12999725341795,103.66000366210938,100.20999908447266,100.37000274658205,81.69932556152344,16860700,2.7,2.41,2.89,259.439,252.594,117.4,20304.874,21.76,3.8,0.8,0.4285714285714286,False,False,-0.0097672320572052,-0.009815244355537121,0.2856545985591716,0.27340503808400707,0.2330653029675141,-0.03886925795052998,-0.7419951640160305,-0.5902260986512422,0.48,-0.08999999999999986,0.03000000000000025,-0.3500000000000001,0.06000000000000005,,0.0
2018-12-12,JPM,101.66000366210938,102.9000015258789,100.05999755859376,101.0199966430664,82.2284164428711,22621500,2.7,2.43,2.91,259.439,252.594,117.4,20304.874,21.46,3.8,0.8,0.4285714285714286,False,False,0.006476074039916346,0.00645519436947714,0.28866598851264935,0.2758955099927985,0.23278338304548482,-0.01378676470588236,-0.7414704655366943,-0.5951883531965868,0.48,0.0,0.010000000000000231,-0.2799999999999998,0.07000000000000028,,0.0
2018-12-13,JPM,101.5500030517578,101.97000122070312,100.66999816894533,101.12000274658205,82.30982208251953,17250900,2.69,2.43,2.91,259.439,252.594,117.4,20304.874,20.65,3.8,0.8,0.4285714285714286,False,False,0.000989994009005235,0.000989504288123477,0.2738432606098051,0.2696812540560588,0.23257414590422168,-0.037744641192917205,-0.7311380672924699,-0.5940642634236385,0.48,0.040000000000000036,0.020000000000000018,-0.2549999999999999,0.06000000000000005,,0.0
2018-12-14,JPM,99.98999786376952,101.94000244140624,99.86000061035156,100.29000091552734,81.63420104980469,19879500,2.68,2.42,2.89,259.439,252.594,117.4,20304.874,21.63,3.8,0.8,0.4285714285714286,False,False,-0.008208267441490724,-0.008242140756856293,0.27380972633868583,0.2679003284583423,0.23291500198949042,0.047457627118643986,-0.7310637328938948,-0.5950563804290949,0.4700000000000002,0.040000000000000036,0.020000000000000018,-0.25,0.040000000000000036,,0.0
2018-12-17,JPM,99.7699966430664,100.55999755859376,98.44000244140624,99.01000213623048,80.59231567382812,25113500,2.66,2.4,2.86,259.439,252.594,117.4,20304.874,24.52,3.8,0.8,0.4285714285714286,False,True,-0.01276285383550102,-0.012844998738578231,0.2513495183284756,0.26304082937723267,0.2337282581213953,0.13361072584373557,-0.7234113869722418,-0.613095681752222,0.45999999999999996,0.009999999999999787,-0.010000000000000231,-0.26000000000000023,0.020000000000000018,,0.0
2018-12-18,JPM,99.41999816894533,100.88999938964844,98.12000274658205,98.54000091552734,80.20974731445312,20837200,2.64,2.39,2.82,259.439,252.594,117.4,20304.874,25.58,3.8,0.8,0.4285714285714286,False,False,-0.00474695826985938,-0.004758260859065417,0.2271071358236774,0.24089139863871162,0.2334511386387072,0.04323001631321355,-0.7229134175162765,-0.6119931009708867,0.4299999999999997,-0.07000000000000028,-0.020000000000000018,-0.29000000000000004,0.020000000000000018,,0.0
2018-12-19,JPM,98.41000366210938,100.58000183105467,96.5999984741211,97.29000091552734,79.1922607421875,28767900,2.62,2.4,2.77,259.439,252.594,117.4,20304.874,25.58,3.8,0.8,0.4285714285714286,False,True,-0.012685323247269231,-0.012766468930070001,0.1367795934624356,0.24164016884497977,0.2257518145949315,0.0,-0.7231374266785789,-0.6015932390149219,0.3700000000000001,-0.14000000000000012,-0.03000000000000025,-0.31000000000000005,0.040000000000000036,,0.0
2018-12-20,JPM,96.61000061035156,98.27999877929688,95.69000244140624,96.4499969482422,78.5085220336914,31825200,2.64,2.39,2.79,259.439,252.594,117.4,20304.874,28.38,3.8,0.8,0.4285714285714286,False,True,-0.008633908188604766,-0.008671396309207508,0.12614615761292713,0.23675355491173053,0.22482671560936926,0.10946051602814699,-0.7928807102800836,-0.6042729175134625,0.3999999999999999,-0.1200000000000001,-0.040000000000000036,-0.27,0.010000000000000231,,0.0
2018-12-21,JPM,96.68000030517578,98.43000030517578,93.69000244140624,94.16999816894533,76.65266418457031,41313900,2.62,2.39,2.79,259.439,252.594,117.4,20304.874,30.11,3.8,0.8,0.4285714285714286,False,True,-0.023638934997714856,-0.02392281733144235,0.1406302186891006,0.238649051178436,0.22853840052273763,0.06095842142353769,-0.7782805009177564,-0.6046378200889593,0.3999999999999999,-0.10000000000000009,-0.029999999999999805,-0.27,0.0,,0.0
2018-12-24,JPM,92.88999938964844,94.22000122070312,92.13999938964844,92.13999938964844,75.0002670288086,17009300,2.61,2.45,2.74,259.439,252.594,117.4,20304.874,36.07,3.8,0.8,0.4285714285714286,False,False,-0.021556943562756614,-0.021792688589265297,0.14687358749873916,0.24430417020758147,0.2311543774011741,0.19794088342743277,-0.8049703965294267,-0.6167222707982981,0.29000000000000004,-0.11999999999999966,0.050000000000000266,-0.31999999999999984,0.040000000000000036,,0.0
2018-12-26,JPM,92.69000244140624,95.95999908447266,91.11000061035156,95.95999908447266,78.10964965820312,22542900,2.61,2.44,2.81,259.439,252.594,117.4,20304.874,30.41,3.8,0.8,0.4285714285714286,True,False,0.041458287451165754,0.04062193046189508,0.29136276108510734,0.29531687971349413,0.24753119850282412,-0.1569171056279457,-0.8364630375342632,-0.6383420931933553,0.3700000000000001,-0.009999999999999787,0.04999999999999982,-0.23999999999999977,0.029999999999999805,,0.0
2018-12-27,JPM,94.81999969482422,97.1500015258789,93.5500030517578,97.04000091552734,78.98876953125,20304700,2.58,2.41,2.77,259.439,252.594,117.4,20304.874,29.96,3.8,0.8,0.4285714285714286,False,False,0.01125494579599029,0.011192080153378674,0.2972573540875884,0.2822719553504076,0.24845445280604955,-0.014797763893456106,-0.8133059383349952,-0.6385592250373391,0.3599999999999999,0.0,0.010000000000000231,-0.2999999999999998,0.0,,0.0
2018-12-28,JPM,97.9499969482422,98.31999969482422,96.44000244140624,96.83000183105467,78.81784057617188,17963300,2.57,2.4,2.72,259.439,252.594,117.4,20304.874,28.34,3.8,0.8,0.4285714285714286,False,False,-0.002163965283830671,-0.0021663100399634296,0.2961885913716474,0.28032761824250574,0.2484296867745602,-0.05407209612817088,-0.8084928603592235,-0.6388825890457889,0.3200000000000003,-0.06999999999999984,0.009999999999999787,-0.33999999999999986,-0.010000000000000231,,0.0
2018-12-31,JPM,97.58999633789062,98.80999755859376,96.7699966430664,97.62000274658205,79.46089172363281,13237200,2.63,2.45,2.69,259.439,252.594,117.4,20304.874,25.42,3.8,0.8,0.4285714285714286,False,False,0.008158700400316965,0.008125598129993607,0.3014924094548954,0.27826243384720195,0.24807127503981383,-0.10303458009880018,-0.8132939117177849,-0.6510546212247529,0.23999999999999977,-0.10000000000000009,0.06000000000000005,-0.3700000000000001,0.050000000000000266,,0.0
2019-01-02,JPM,95.9499969482422,99.77999877929688,95.94000244140624,99.30999755859376,80.8365249633789,15670900,2.6,2.42,2.66,259.439,252.594,117.4,20304.874,23.22,3.8,0.8,0.4285714285714286,False,False,0.01731207906060983,0.017163932393599333,0.31070839376658754,0.2895182034695204,0.2505830689557837,-0.0865460267505902,-0.8244376438572723,-0.6568340668006022,0.2400000000000002,-0.08000000000000007,-0.03000000000000025,-0.36999999999999966,0.04999999999999982,,0.0
2019-01-03,JPM,98.63999938964844,98.88999938964844,96.69000244140624,97.11000061035156,79.68769073486328,16286400,2.5,2.41,2.56,259.439,252.594,117.4,20304.874,25.45,3.8,0.8,0.0,False,False,-0.014211821067717567,-0.01431377612757033,0.3186671529021907,0.2858344562800275,0.251459720521541,0.09603789836347976,-0.824112022730912,-0.6600765115028792,0.1499999999999999,-0.25,-0.029999999999999805,-0.44999999999999973,0.040000000000000036,0.4285714285714286,0.0
2019-01-04,JPM,99.11000061035156,100.93000030517578,98.27999877929688,100.69000244140624,82.62541198730469,16935200,2.57,2.42,2.67,259.439,252.594,117.4,20304.874,21.38,3.8,0.8,0.0,True,False,0.03686543336053982,0.036202155504615675,0.3588292018097178,0.3174356621718643,0.26203062273231553,-0.15992141453831044,-0.8446563665172553,-0.6756276836632463,0.25,-0.10000000000000009,0.009999999999999787,-0.31000000000000005,0.040000000000000036,0.4285714285714286,0.0
2019-01-07,JPM,100.43000030517578,101.47000122070312,99.70999908447266,100.76000213623048,82.68283081054688,15430700,2.58,2.45,2.7,259.439,252.594,117.4,20304.874,21.4,3.8,0.8,0.0,False,False,0.0006949293426943282,0.0006946879911070531,0.3524130562780023,0.28071400545864433,0.2611587618277809,0.00093545369504211,-0.7985102070348323,-0.7193561031101581,0.25,-0.020000000000000018,0.050000000000000266,-0.20999999999999996,0.03000000000000025,0.4285714285714286,0.0
2019-01-08,JPM,101.62999725341795,101.81999969482422,99.5500030517578,100.56999969482422,82.52693176269531,13578800,2.6,2.46,2.73,259.439,252.594,117.4,20304.874,20.47,3.8,0.8,0.0,False,False,-0.0018855068981464829,-0.0018872867038537999,0.31704577231712544,0.27412048809902,0.26105356054146256,-0.04345794392523361,-0.8036279219455296,-0.7175720113377229,0.27,0.040000000000000036,0.009999999999999787,-0.14000000000000012,0.04999999999999982,0.4285714285714286,0.0
2019-01-09,JPM,100.80999755859376,101.48999786376952,99.93000030517578,100.4000015258789,82.3874282836914,14230300,2.59,2.45,2.74,259.439,252.594,117.4,20304.874,19.98,3.8,0.8,0.0,False,False,-0.0016903994371806341,-0.0016918297744306999,0.2790290728751261,0.26750387428687766,0.2605433743024254,-0.023937469467513406,-0.7915996168714938,-0.7231541840950264,0.29000000000000004,0.08000000000000007,0.03000000000000025,-0.10999999999999988,0.050000000000000266,0.4285714285714286,0.0
2019-01-10,JPM,100.0199966430664,100.7300033569336,99.2699966430664,100.38999938964844,82.37921142578125,14376100,2.59,2.43,2.74,259.439,252.594,117.4,20304.874,19.5,3.8,0.8,0.0,False,False,-9.973436580468231e-05,-9.973933960725233e-05,0.22007478100845165,0.2594635351011258,0.26038122558391547,-0.024024024024024038,-0.8295616096187862,-0.7233092878734622,0.31000000000000005,0.18000000000000016,0.020000000000000018,-0.10999999999999988,0.020000000000000018,0.4285714285714286,0.0
2019-01-11,JPM,99.88999938964844,100.16999816894533,98.9499969482422,99.91000366210938,81.9853286743164,15439900,2.58,2.43,2.71,259.439,252.594,117.4,20304.874,18.19,3.8,0.8,0.0,False,False,-0.004781336755325771,-0.00479280391273846,0.222749318738127,0.25766443688015395,0.25544531230305906,-0.06717948717948707,-0.8294139868626452,-0.7341287411382871,0.2799999999999998,0.040000000000000036,0.010000000000000231,-0.18000000000000016,0.020000000000000018,0.4285714285714286,0.0
2019-01-14,JPM,98.87000274658205,101.36000061035156,98.66000366210938,100.94000244140624,82.83055114746094,21258500,2.57,2.45,2.71,259.439,252.594,117.4,20304.874,19.07,3.8,0.8,0.0,False,False,0.010309435685769364,0.010256655896969096,0.22228122732385747,0.25916562496060713,0.24968745794965264,0.048378229796591565,-0.7994502627989944,-0.720452619549038,0.2599999999999998,0.009999999999999787,0.0,-0.20000000000000018,0.020000000000000018,0.4285714285714286,0.0
2019-01-15,JPM,98.88999938964844,102.47000122070312,98.5999984741211,101.68000030517578,83.43780517578125,26504900,2.57,2.45,2.72,259.439,252.594,117.4,20304.874,18.6,3.8,0.8,0.0,False,True,0.007331280788404282,0.007304537577851581,0.22199244333873222,0.2602836066351018,0.24938515282575238,-0.024646040901940114,-0.8027500285874543,-0.7553666602063408,0.27,-0.009999999999999787,-0.009999999999999787,-0.18999999999999995,0.020000000000000018,0.4285714285714286,0.0
2019-01-16,JPM,102.25,103.4499969482422,101.8000030517578,102.5,84.11067199707031,18533000,2.57,2.43,2.73,259.439,252.594,117.4,20304.874,19.04,3.8,0.8,0.0,False,False,0.008064291958201908,0.008031949319775826,0.21237261257912804,0.25938338155654667,0.24977050595688563,0.023655913978494425,-0.7889084350035254,-0.7520113318634932,0.2999999999999998,-0.010000000000000231,-0.020000000000000018,-0.16000000000000014,0.010000000000000231,0.4285714285714286,0.0
2019-01-17,JPM,102.11000061035156,103.5,101.91999816894533,102.91999816894533,84.45530700683594,14247600,2.57,2.42,2.75,259.439,252.594,117.4,20304.874,18.06,3.8,0.8,0.0,False,False,0.004097399314294314,0.004089027833466028,0.18653014831797207,0.2542285198700938,0.24605239362032091,-0.05147058823529416,-0.7805261190611884,-0.7428051729318068,0.33000000000000007,0.009999999999999787,-0.010000000000000231,-0.10999999999999988,0.020000000000000018,0.4285714285714286,0.0
2019-01-18,JPM,103.7699966430664,104.9000015258789,102.83000183105467,104.58999633789062,85.82569885253906,16428700,2.6,2.41,2.79,259.439,252.594,117.4,20304.874,17.8,3.8,0.8,0.0,False,False,0.01622623721671168,0.01609599879391724,0.10373873687922817,0.257252192873698,0.2472327318613084,-0.01439645625692132,-0.7656018446565256,-0.7405279913722498,0.3799999999999999,0.08000000000000007,-0.020000000000000018,-0.029999999999999805,0.020000000000000018,0.4285714285714286,0.0
2019-01-22,JPM,103.08000183105467,103.58999633789062,102.12999725341795,102.94000244140624,84.47173309326172,17083700,2.59,2.43,2.74,259.439,252.594,117.4,20304.874,20.8,3.8,0.8,0.0,False,False,-0.01577576154204874,-0.01590152327989856,0.14348804338001583,0.259922718273813,0.2472156226804401,0.1685393258426966,-0.7912826300400957,-0.7395451101664039,0.31000000000000005,0.03000000000000025,-0.020000000000000018,-0.029999999999999805,0.03000000000000025,0.4285714285714286,0.0
2019-01-23,JPM,103.44000244140624,103.6999969482422,101.97000122070312,102.68000030517578,84.25837707519531,12146700,2.59,2.41,2.76,259.439,252.594,117.4,20304.874,19.52,3.8,0.8,0.0,False,False,-0.0025257682097139522,-0.0025289633434840255,0.14402752746753647,0.2572831642041968,0.2472360963083031,-0.06153846153846154,-0.7683552829512629,-0.7350518427837304,0.34999999999999964,0.03999999999999959,-0.040000000000000036,-0.03000000000000025,0.020000000000000018,0.4285714285714286,0.0
2019-01-24,JPM,102.12999725341795,103.08999633789062,101.94000244140624,102.73999786376952,84.30760192871094,11296800,2.58,2.37,2.72,259.439,252.594,117.4,20304.874,18.89,3.8,0.8,0.0,False,False,0.0005842131693527541,0.0005840425832749868,0.1428082865244893,0.23780029437929612,0.24564702258199542,-0.032274590163934413,-0.7629963291383369,-0.742066119616645,0.3500000000000001,-0.009999999999999787,-0.06000000000000005,-0.06999999999999984,-0.020000000000000018,0.4285714285714286,0.0
2019-01-25,JPM,103.51000213623048,104.30999755859376,102.73999786376952,103.38999938964844,84.84099578857422,14369400,2.6,2.39,2.76,259.439,252.594,117.4,20304.874,17.42,3.8,0.8,0.0,False,False,0.006326758769799934,0.006306828848566304,0.14340907727668387,0.21767573966633416,0.24514504033247198,-0.07781895182636311,-0.7043990703449114,-0.7407297601292704,0.36999999999999966,0.009999999999999787,-0.029999999999999805,0.019999999999999574,-0.06000000000000005,0.4285714285714286,0.0
2019-01-28,JPM,102.88999938964844,104.23999786376952,102.58999633789062,103.87999725341795,85.24308776855469,12283100,2.6,2.42,2.75,259.439,252.594,117.4,20304.874,18.87,3.8,0.8,0.0,False,False,0.0047393595070770456,0.004728164101574264,0.1368398447567052,0.17722838485212158,0.24237279984172133,0.08323765786452353,-0.6039822126508196,-0.7266852344517807,0.33000000000000007,-0.040000000000000036,0.009999999999999787,-0.06000000000000005,-0.020000000000000018,0.4285714285714286,0.0
2019-01-29,JPM,103.87999725341795,105.11000061035156,103.7300033569336,104.16999816894533,85.4810562133789,9743300,2.6,2.42,2.72,259.439,252.594,117.4,20304.874,19.13,3.8,0.8,0.0,False,False,0.002791645059483594,0.002787755655290404,0.1321771346833249,0.17540955643818126,0.24054785852546642,0.013778484366719468,-0.6115387985493901,-0.7255369790989105,0.30000000000000027,-0.020000000000000018,-0.010000000000000231,-0.04999999999999982,0.009999999999999787,0.4285714285714286,0.0
2019-01-30,JPM,104.13999938964844,105.23999786376952,103.77999877929688,104.41000366210938,85.6780014038086,12526300,2.57,2.42,2.7,259.439,252.594,117.4,20304.874,17.66,3.8,0.8,0.0,False,False,0.002303962996644149,0.0023013129435348494,0.1301442504450319,0.1741857171334035,0.23893042167937154,-0.076842655514898,-0.6171710907139445,-0.7281336426624175,0.28000000000000025,-0.05999999999999961,0.009999999999999787,-0.020000000000000018,0.020000000000000018,0.4285714285714286,0.0
2019-01-31,JPM,103.41000366210938,103.8000030517578,102.7300033569336,103.5,84.93125915527344,17520600,2.55,2.41,2.63,259.439,252.594,117.4,20304.874,16.57,3.8,0.8,0.0,False,False,-0.008715682395714297,-0.008753886098398332,0.13776214450198374,0.1788680710995527,0.23801516773239428,-0.061721404303510696,-0.5606898271900136,-0.7260780941007587,0.21999999999999975,-0.0900000000000003,0.040000000000000036,-0.06000000000000005,-0.040000000000000036,0.4285714285714286,0.0
2019-02-01,JPM,104.0,104.8499984741211,103.5199966430664,103.87999725341795,85.24308776855469,13000800,2.56,2.4,2.7,261.186,253.319,117.2,20304.874,16.14,3.8,0.8,0.0,False,False,0.003671541154372404,0.003664817499572968,0.13750952395847926,0.17152315796413073,0.23545998914980834,-0.025950512975256523,-0.5335498669804207,-0.7252328364121118,0.30000000000000027,-0.05999999999999961,0.009999999999999787,0.040000000000000036,-0.020000000000000018,0.4285714285714286,0.0
2019-02-04,JPM,103.79000091552734,104.25,103.01000213623048,104.25,85.54670715332031,9871500,2.57,2.42,2.73,261.186,253.319,117.2,20304.874,15.73,3.8,0.8,0.0,False,False,0.0035618065078777406,0.0035554782972009157,0.11054519551977371,0.16021294869952676,0.23140460059968368,-0.025402726146220633,-0.466143641828421,-0.7199176126696393,0.31000000000000005,-0.020000000000000018,0.0,0.16999999999999993,0.009999999999999787,0.4285714285714286,0.0
2019-02-05,JPM,104.5199966430664,104.5500030517578,103.29000091552734,103.79000091552734,85.16922760009766,12763000,2.56,2.42,2.71,261.186,253.319,117.2,20304.874,15.57,3.8,0.8,0.0,False,False,-0.0044125550331951535,-0.004422319087694252,0.07435146762497225,0.10894735817391671,0.23153140389634333,-0.010171646535282908,-0.17986202962484857,-0.724991497793434,0.29000000000000004,-0.010000000000000231,0.0,0.040000000000000036,0.0,0.4285714285714286,0.0
2019-02-06,JPM,103.70999908447266,104.62000274658205,103.47000122070312,103.73999786376952,85.12818908691406,8745000,2.56,2.42,2.7,261.186,253.319,117.2,20304.874,15.38,3.8,0.8,0.0,False,False,-0.0004818467225778944,-0.00048196284801452953,0.07245391149379185,0.10912542185612324,0.23131942583633647,-0.012202954399486154,-0.17885140524235152,-0.725052094281148,0.28000000000000025,0.0,0.0,0.0,-0.03000000000000025,0.4285714285714286,0.0
2019-02-07,JPM,103.25,103.5,101.44000244140624,102.37999725341795,84.01219177246094,13177500,2.55,2.42,2.65,261.186,253.319,117.2,20304.874,16.37,3.8,0.8,0.0,False,False,-0.013109609477463646,-0.01319629888417135,0.10186678492956266,0.11990193315280548,0.23222255781071102,0.06436931079323793,-0.2873920702685987,-0.7317838650757993,0.22999999999999998,0.020000000000000018,0.009999999999999787,-0.08000000000000007,-0.040000000000000036,0.4285714285714286,0.0
2019-02-08,JPM,102.08000183105467,102.33999633789062,100.05999755859376,101.36000061035156,83.17518615722656,12892600,2.54,2.43,2.63,261.186,253.319,117.2,20304.874,15.72,3.8,0.8,0.0,False,False,-0.009962906544580208,-0.010012868418626877,0.10489900506323097,0.12546002999559366,0.23265333814158956,-0.03970678069639588,-0.2430772140495651,-0.7242943593155603,0.19999999999999973,-0.07000000000000028,0.03000000000000025,-0.11000000000000032,-0.020000000000000018,0.4285714285714286,0.0
2019-02-11,JPM,101.76000213623048,102.01000213623048,100.7699966430664,100.87999725341795,82.78132629394531,10978500,2.55,2.45,2.65,261.186,253.319,117.2,20304.874,15.97,3.8,0.8,0.0,False,False,-0.004735304860475242,-0.004746551936137056,0.09851489587163341,0.12674413990158032,0.22981773928632887,0.01590330788804062,-0.25375922171241994,-0.7167931610549256,0.19999999999999973,-0.08000000000000007,0.03000000000000025,-0.0900000000000003,0.020000000000000018,0.4285714285714286,0.0
2019-02-12,JPM,101.9499969482422,102.91999816894533,101.88999938964844,102.5999984741211,84.1927261352539,12852300,2.55,2.43,2.68,261.186,253.319,117.2,20304.874,15.43,3.8,0.8,0.0,False,False,0.017049736993786535,0.01690602146919326,0.13874123971832597,0.13771927301533346,0.23198076474913049,-0.03381340012523493,-0.3129133820269886,-0.7205508928157267,0.25,-0.029999999999999805,0.010000000000000231,-0.029999999999999805,0.0,0.4285714285714286,0.0
2019-02-13,JPM,102.9000015258789,103.8499984741211,102.9000015258789,103.08999633789062,84.59481048583984,10754100,2.55,2.44,2.71,261.186,253.319,117.2,20304.874,15.65,3.8,0.8,0.0,False,False,0.004775761149959701,0.004764393381476109,0.1411697835509812,0.13447716705583662,0.23165272922191912,0.014257939079714843,-0.37017179164050307,-0.7174560194387768,0.27,0.009999999999999787,0.020000000000000018,0.0,-0.010000000000000231,0.4285714285714286,0.0
2019-02-14,JPM,102.47000122070312,103.0999984741211,101.3499984741211,102.41999816894533,84.0450210571289,11518500,2.53,2.43,2.66,261.186,253.319,117.2,20304.874,16.22,3.8,0.8,0.0,False,False,-0.006499091676586577,-0.006520302724540099,0.13827085140882833,0.1348423915769296,0.22829026584121204,0.03642172523961662,-0.3838553707983024,-0.7077670183214466,0.22999999999999998,0.010000000000000231,0.010000000000000231,-0.06000000000000005,-0.020000000000000018,0.4285714285714286,0.0
2019-02-15,JPM,103.9000015258789,105.6999969482422,103.66000366210938,105.5500030517578,86.61347961425781,14716900,2.55,2.43,2.66,261.186,253.319,117.2,20304.874,14.91,3.8,0.8,0.0,False,False,0.030560508223122618,0.03010283696870765,0.20907349825924093,0.16823547200869882,0.2361997759414319,-0.08076448828606653,-0.48200284068141325,-0.7100941364908134,0.22999999999999998,0.03000000000000025,0.0,-0.06999999999999984,0.0,0.4285714285714286,0.0
2019-02-19,JPM,104.91000366210938,105.37000274658205,103.80999755859376,105.18000030517578,86.30986785888672,12764900,2.54,2.45,2.65,261.186,253.319,117.2,20304.874,14.88,3.8,0.8,0.0,False,False,-0.0035053637923710967,-0.0035115219753556887,0.21022452990665572,0.1687620901377228,0.2326414409884537,-0.002012072434607548,-0.47942760495551323,-0.7066348575322066,0.19999999999999973,0.0,0.0,-0.10000000000000009,0.03000000000000025,0.4285714285714286,0.0
2019-02-20,JPM,105.20999908447266,105.8000030517578,104.87999725341795,105.69000244140624,86.7283706665039,10030300,2.54,2.45,2.65,261.186,253.319,117.2,20304.874,14.02,3.8,0.8,0.0,False,False,0.00484884078726,0.004837123021889613,0.20880925513835982,0.16040089022494491,0.22710263066261308,-0.05779569892473124,-0.505021415573172,-0.707553277316017,0.19999999999999973,-0.03000000000000025,0.020000000000000018,-0.14000000000000012,0.040000000000000036,0.4285714285714286,0.0
2019-02-21,JPM,105.4499969482422,105.98999786376952,104.95999908447266,105.47000122070312,86.5478286743164,8400100,2.55,2.45,2.69,261.186,253.319,117.2,20304.874,14.46,3.8,0.8,0.0,False,False,-0.0020816947303406996,-0.0020838644684937897,0.2094562986072069,0.14936233129417043,0.22712396330467127,0.031383737517831856,-0.3814669091820328,-0.71508208475434,0.23999999999999977,-0.020000000000000018,0.010000000000000231,-0.050000000000000266,0.020000000000000018,0.4285714285714286,0.0
2019-02-22,JPM,105.6999969482422,106.08999633789062,104.77999877929688,105.0,86.16215515136719,10647300,2.55,2.46,2.65,261.186,253.319,117.2,20304.874,13.51,3.8,0.8,0.0,False,False,-0.004456189471841343,-0.004466147879525786,0.1962969265704615,0.15011341413215007,0.22664714279685252,-0.0656984785615492,-0.3654240866906734,-0.7334204642076856,0.18999999999999995,-0.010000000000000231,0.029999999999999805,-0.10999999999999988,0.04999999999999982,0.4285714285714286,0.0
2019-02-25,JPM,105.75,107.2699966430664,105.69000244140624,106.0999984741211,87.06481170654297,11230700,2.56,2.47,2.67,261.186,253.319,117.2,20304.874,14.85,3.8,0.8,0.0,False,False,0.010476253218016929,0.01042175755375784,0.18629435434366445,0.15354618034565737,0.2236491368388958,0.09918578830495939,-0.21763046120831714,-0.693215210303993,0.19999999999999973,0.009999999999999787,0.040000000000000036,-0.050000000000000266,0.10000000000000009,0.4285714285714286,0.0
2019-02-26,JPM,104.5,105.47000122070312,103.94000244140624,105.29000091552734,86.40011596679688,15465400,2.55,2.45,2.64,261.186,253.319,117.2,20304.874,15.17,3.8,0.8,0.0,False,False,-0.0076344935079684095,-0.00766378543478456,0.19089815389725964,0.155684583208869,0.22367141019320677,0.02154882154882154,-0.21329792466686318,-0.7078930384246298,0.18999999999999995,-0.009999999999999787,0.0,-0.11999999999999966,0.06000000000000005,0.4285714285714286,0.0
2019-02-27,JPM,105.18000030517578,105.37999725341795,104.51000213623048,105.16000366210938,86.29344177246094,9968800,2.54,2.45,2.69,261.186,253.319,117.2,20304.874,14.7,3.8,0.8,0.0,False,False,-0.0012346533698742723,-0.001235416182283394,0.17862619314698894,0.1551909119499778,0.2229314085886931,-0.030982201713909086,-0.26629390214773774,-0.7052785029467032,0.23999999999999977,0.040000000000000036,0.0,-0.06000000000000005,0.03000000000000025,0.4285714285714286,0.0
2019-02-28,JPM,105.01000213623048,105.20999908447266,104.18000030517578,104.36000061035156,85.63697052001953,15156900,2.54,2.45,2.73,261.186,253.319,117.2,20304.874,14.78,3.8,0.8,0.0,False,False,-0.007607429243260411,-0.007636513330420897,0.18489315247611154,0.15750897651744905,0.21787501684763846,0.0054421768707482165,-0.2838269697634317,-0.6912498920510732,0.2799999999999998,0.040000000000000036,0.0,0.009999999999999787,0.03000000000000025,0.4285714285714286,0.0
2019-03-01,JPM,105.0999984741211,105.91000366210938,104.1999969482422,104.43000030517578,85.69440460205078,13813300,2.55,2.44,2.76,261.567,254.277,117.6,20304.874,13.57,3.8,0.8,0.0,False,False,0.0006706692411291293,0.0006704444430181345,0.1799161818786027,0.15732126904054602,0.21767311529449948,-0.08186738836265217,-0.27088827228809653,-0.6878931142473325,0.31999999999999984,0.10999999999999988,-0.020000000000000018,0.05999999999999961,0.020000000000000018,0.4285714285714286,0.0
2019-03-04,JPM,104.91999816894533,105.91999816894533,103.2699966430664,104.19000244140624,85.49746704101562,12466300,2.54,2.46,2.72,261.567,254.277,117.6,20304.874,14.63,3.8,0.8,0.0,False,False,-0.002298137923353316,-0.0023007826951211893,0.08792992001023674,0.15435241675136585,0.21638710052350071,0.07811348563006626,-0.33452523530690004,-0.6838535025339315,0.26000000000000023,0.050000000000000266,-0.010000000000000231,0.0900000000000003,0.04999999999999982,0.4285714285714286,0.0
2019-03-05,JPM,104.12999725341795,104.5500030517578,103.26000213623048,104.11000061035156,85.43182373046875,10856600,2.54,2.46,2.72,261.567,254.277,117.6,20304.874,14.74,3.8,0.8,0.0,False,False,-0.0007677807637901379,-0.0007680756583933584,0.08706948414078579,0.1539039561691881,0.2159060394254746,0.007518796992481258,-0.33008906671833194,-0.6837098798899729,0.26000000000000023,0.08000000000000007,0.009999999999999787,0.020000000000000018,0.06000000000000005,0.4285714285714286,0.0
2019-03-06,JPM,103.86000061035156,104.56999969482422,103.5500030517578,103.72000122070312,85.11180877685547,9070800,2.54,2.47,2.69,261.567,254.277,117.6,20304.874,15.74,3.8,0.8,0.0,False,False,-0.003745851834123348,-0.003752885106328919,0.08137463022670932,0.15392191167678945,0.21482637807496385,0.0678426051560379,-0.33358389637027686,-0.6807946440346531,0.21999999999999975,0.0,0.020000000000000018,-0.040000000000000036,0.050000000000000266,0.4285714285714286,0.0
2019-03-07,JPM,103.25,103.47000122070312,102.16000366210938,102.97000122070312,84.49635314941406,12705700,2.52,2.45,2.64,261.567,254.277,117.6,20304.874,16.59,3.8,0.8,0.0,False,False,-0.007231142614475439,-0.0072574140511812765,0.08576097567955163,0.15519993021052714,0.21413874510695027,0.05400254129606097,-0.3630930521678347,-0.6783386088018815,0.18999999999999995,-0.08999999999999986,0.0,-0.06999999999999984,0.03000000000000025,0.4285714285714286,0.0
2019-03-08,JPM,101.98999786376952,103.2300033569336,101.98999786376952,103.01000213623048,84.52918243408203,10582400,2.53,2.46,2.62,261.567,254.277,117.6,20304.874,16.05,3.8,0.8,0.0,False,False,0.00038852901272456997,0.00038845355487211617,0.08594669921514085,0.1552218509135897,0.19418620904515696,-0.032549728752260365,-0.3622904301135643,-0.6084864402477488,0.16000000000000014,-0.13999999999999968,0.020000000000000018,-0.08000000000000007,0.040000000000000036,0.4285714285714286,0.0
2019-03-11,JPM,103.9800033569336,104.5500030517578,103.66000366210938,104.3499984741211,85.6287612915039,9763200,2.53,2.46,2.64,261.567,254.277,117.6,20304.874,14.33,3.8,0.8,0.0,False,False,0.013008275080376608,0.012924394118054426,0.09629856614766948,0.15432529762134176,0.19223420648068407,-0.1071651090342679,-0.3861887307031995,-0.6213038980331793,0.18000000000000016,-0.08000000000000007,0.0,-0.009999999999999787,0.040000000000000036,0.4285714285714286,0.0
2019-03-12,JPM,104.58999633789062,104.79000091552734,103.75,104.04000091552734,85.3743667602539,10219100,2.52,2.46,2.61,261.567,254.277,117.6,20304.874,13.77,3.8,0.8,0.0,False,False,-0.0029709005176890013,-0.002975322402790864,0.09083977110304088,0.14991304671925307,0.18874413367447232,-0.03907885554780188,-0.42045491989786143,-0.6041281319694838,0.1499999999999999,-0.11000000000000032,0.0,-0.020000000000000018,0.029999999999999805,0.4285714285714286,0.0
2019-03-13,JPM,104.19000244140624,104.9800033569336,103.9499969482422,104.38999938964844,85.66159057617188,13022200,2.53,2.45,2.61,261.567,254.277,117.6,20304.874,13.41,3.8,0.8,0.0,False,False,0.0033642863404719225,0.0033586397900456917,0.09366506294585253,0.14845517880998024,0.18479276464229435,-0.02614379084967311,-0.41569055958092327,-0.6252400175903244,0.1599999999999997,-0.08000000000000007,-0.020000000000000018,-0.040000000000000036,0.0,0.4285714285714286,0.0
2019-03-14,JPM,104.5,105.87000274658205,104.45999908447266,105.33999633789062,86.4411392211914,10926500,2.52,2.45,2.63,261.567,254.277,117.6,20304.874,13.5,3.8,0.8,0.0,False,False,0.009100328861233908,0.009059170383877027,0.09666863351574831,0.1405591094718741,0.18432565216874394,0.006711409395973034,-0.388103579928705,-0.6328133492508659,0.17999999999999972,-0.010000000000000231,0.0,-0.050000000000000266,0.020000000000000018,0.4285714285714286,0.0
2019-03-15,JPM,105.41000366210938,106.8000030517578,105.2300033569336,106.5500030517578,87.4340591430664,24811700,2.52,2.45,2.59,261.567,254.277,117.6,20304.874,12.88,3.8,0.8,0.0,False,True,0.011486659370999908,0.011421188582682037,0.10999242142915218,0.1444898680308062,0.18519996568149028,-0.045925925925925815,-0.4191557826865833,-0.6356693656624832,0.13999999999999968,-0.03000000000000025,-0.009999999999999787,-0.1200000000000001,0.010000000000000231,0.4285714285714286,0.0
2019-03-18,JPM,106.5500030517578,107.79000091552734,106.5,107.19000244140624,87.95924377441406,12935500,2.52,2.44,2.6,261.567,254.277,117.6,20304.874,13.1,3.8,0.8,0.0,False,False,0.0060066367328126535,0.005988668805699541,0.10876105841661379,0.14214116171738117,0.1854713179351975,0.017080745341614856,-0.3832317545325898,-0.6332470008783342,0.16000000000000014,-0.040000000000000036,-0.020000000000000018,-0.06000000000000005,0.009999999999999787,0.4285714285714286,0.0
2019-03-19,JPM,108.1999969482422,108.4000015258789,106.5500030517578,106.8000030517578,87.63923645019531,12889300,2.5,2.46,2.61,261.567,254.277,117.6,20304.874,13.56,3.8,0.8,0.0,False,False,-0.003638131826593005,-0.003644765923554131,0.11233225679861736,0.10056709851087911,0.18476132465211698,0.03511450381679393,-0.27524064422549893,-0.630943443818094,0.1499999999999999,0.0,0.0,-0.050000000000000266,0.029999999999999805,0.4285714285714286,0.0
2019-03-20,JPM,106.43000030517578,106.6500015258789,104.41000366210938,104.5199966430664,85.76826477050781,14920700,2.47,2.48,2.54,261.567,254.277,117.6,20304.874,13.91,3.8,0.8,0.0,False,False,-0.021348562076425215,-0.021579738741703724,0.16407381953090186,0.12603728696176825,0.18823917830221917,0.02581120943952797,-0.2893228479094231,-0.6151254849316808,0.06000000000000005,-0.06999999999999984,0.029999999999999805,-0.10999999999999988,0.029999999999999805,0.4285714285714286,0.0
2019-03-21,JPM,103.48999786376952,103.48999786376952,102.27999877929688,102.87000274658205,84.41429138183594,19751000,2.48,2.49,2.54,261.567,254.277,117.6,20304.874,13.63,3.8,0.8,0.0,False,False,-0.01578641461727992,-0.015912347167859116,0.18082528258598887,0.13552076783517647,0.1909258230063371,-0.020129403306973326,-0.20876141759353484,-0.5992155229307524,0.04999999999999982,-0.08999999999999986,0.040000000000000036,-0.10999999999999988,0.040000000000000036,0.4285714285714286,0.0
2019-03-22,JPM,101.81999969482422,102.31999969482422,99.5199966430664,99.76000213623048,81.86225128173828,31115200,2.45,2.46,2.44,261.567,254.277,117.6,20304.874,16.48,3.8,0.8,0.0,False,True,-0.030232322730210037,-0.03069874414061146,0.23707805765262005,0.16960434562843613,0.19929412481752887,0.20909757887013947,-0.5181070963001925,-0.6488819369890078,-0.020000000000000018,-0.1499999999999999,0.009999999999999787,-0.25,0.009999999999999787,0.4285714285714286,0.0
2019-03-25,JPM,99.58999633789062,100.56999969482422,98.08999633789062,98.93000030517578,81.18113708496094,21032300,2.41,2.46,2.43,261.567,254.277,117.6,20304.874,16.33,3.8,0.8,0.0,False,False,-0.008320247563595728,-0.008355054023390361,0.2199893358941793,0.17066064981747847,0.19923577986293362,-0.00910194174757295,-0.5314024885366431,-0.6428947861074595,-0.029999999999999805,-0.16999999999999993,0.020000000000000018,-0.21999999999999975,0.0,0.4285714285714286,0.0
2019-03-26,JPM,99.81999969482422,100.4000015258789,98.81999969482422,99.91999816894533,81.99352264404297,15987100,2.44,2.46,2.41,261.567,254.277,117.6,20304.874,14.68,3.8,0.8,0.0,False,False,0.010007072926704996,0.009957333726375629,0.2330626478725004,0.17021306692208174,0.19378173240853147,-0.10104102878138388,-0.7018017866453233,-0.6409989619604968,-0.04999999999999982,-0.19999999999999973,0.0,-0.2599999999999998,-0.010000000000000231,0.4285714285714286,0.0
2019-03-27,JPM,99.87999725341795,100.4499969482422,99.08000183105467,99.58000183105467,81.71454620361328,12753200,2.4,2.44,2.39,261.567,254.277,117.6,20304.874,15.15,3.8,0.8,0.0,False,False,-0.0034024204770516375,-0.00340822187253203,0.22949559963519506,0.16933518471411732,0.18837903630145764,0.032016348773842074,-0.6984291883875196,-0.6144446961766743,-0.04999999999999982,-0.1499999999999999,-0.040000000000000036,-0.25,-0.010000000000000231,0.4285714285714286,0.0
2019-03-28,JPM,100.0,100.8000030517578,99.73999786376952,100.70999908447266,82.64179992675781,12454100,2.4,2.43,2.39,261.567,254.277,117.6,20304.874,14.43,3.8,0.8,0.0,False,False,0.011347474424370452,0.011283574781803602,0.23347162961320497,0.17607664393386424,0.171948168568287,-0.04752475247524757,-0.7080829098867347,-0.5733680085801497,-0.040000000000000036,-0.1499999999999999,-0.06000000000000005,-0.2999999999999998,-0.020000000000000018,0.4285714285714286,0.0
2019-03-29,JPM,101.54000091552734,101.98999786376952,100.58999633789062,101.2300033569336,83.06851196289062,14523400,2.4,2.4,2.41,261.567,254.277,117.6,20304.874,13.71,3.8,0.8,0.0,False,False,0.005163392333068728,0.005150107732324131,0.22340689226479926,0.1765438728496439,0.17089898348546584,-0.04989604989604979,-0.7174455859907237,-0.5779257287872507,0.010000000000000231,-0.029999999999999805,-0.06000000000000005,-0.31999999999999984,-0.050000000000000266,0.4285714285714286,0.0
2019-04-01,JPM,102.1500015258789,104.68000030517578,102.12000274658205,104.63999938964844,85.86674499511719,17499300,2.41,2.43,2.49,261.997,255.233,118.2,20602.275,13.4,3.7,0.8,0.0,False,False,0.03368584516689821,0.0331309051319012,0.29216983287767784,0.21341626446839598,0.18258994587651234,-0.022611232676878257,-0.6455154337242092,-0.5540342958800827,0.06000000000000005,0.06000000000000005,-0.029999999999999805,-0.2699999999999996,-0.009999999999999787,0.4285714285714286,0.014646778896534984
2019-04-02,JPM,104.5999984741211,105.44000244140624,104.33000183105467,105.13999938964844,86.27703857421875,10295400,2.41,2.42,2.48,261.997,255.233,118.2,20602.275,13.36,3.7,0.8,0.0,False,False,0.004778259372995919,0.004766879727213229,0.2942168113166592,0.2138202600528615,0.1822072458030731,-0.0029850746268657025,-0.655697029088506,-0.550469641091314,0.06000000000000005,0.06999999999999984,-0.040000000000000036,-0.2400000000000002,-0.040000000000000036,0.4285714285714286,0.014646778896534984
2019-04-03,JPM,105.80999755859376,106.36000061035156,104.79000091552734,105.3499984741211,86.4493637084961,11499200,2.41,2.44,2.52,261.997,255.233,118.2,20602.275,13.74,3.7,0.8,0.0,False,False,0.0019973464217724057,0.0019953543775020864,0.2723008860628014,0.21383908674607355,0.17934460582813905,0.02844311377245523,-0.6494891857398893,-0.5353840265983825,0.08000000000000007,0.1299999999999999,0.0,-0.20000000000000018,-0.020000000000000018,0.4285714285714286,0.014646778896534984
2019-04-04,JPM,104.5500030517578,105.7300033569336,104.4499969482422,105.55999755859376,87.28451538085938,11952100,2.41,2.44,2.51,261.997,255.233,118.2,20602.275,13.58,3.7,0.8,0.0,False,False,0.00966058784630719,0.009614222737843623,0.25824607516461223,0.21544656792645434,0.17737876941093486,-0.011644832605531286,-0.6488281858533655,-0.5166098465737862,0.06999999999999984,0.11999999999999966,0.009999999999999787,-0.18000000000000016,-0.03000000000000025,0.4285714285714286,0.014646778896534984
2019-04-05,JPM,105.8000030517578,106.11000061035156,104.98999786376952,105.30999755859376,87.0777816772461,9933700,2.43,2.44,2.5,261.997,255.233,118.2,20602.275,12.82,3.7,0.8,0.0,False,False,-0.002368503768523156,-0.0023713131104084613,0.18141099797376348,0.21368741067396285,0.16283846450110193,-0.055964653902798256,-0.6185449886033858,-0.4397000555884016,0.06000000000000005,0.08999999999999986,0.040000000000000036,-0.14000000000000012,-0.010000000000000231,0.4285714285714286,0.014646778896534984
2019-04-08,JPM,105.11000061035156,105.6500015258789,104.91000366210938,105.6500015258789,87.35892486572266,8056300,2.43,2.43,2.52,261.997,255.233,118.2,20602.275,13.18,3.7,0.8,0.0,False,False,0.003228644357508026,0.003223443476836993,0.16390906519979906,0.2137384615823392,0.16290825320772473,0.02808112324492984,-0.6135213521056866,-0.4361408442246889,0.08999999999999986,0.029999999999999805,0.0,-0.10000000000000009,-0.029999999999999805,0.4285714285714286,0.014646778896534984
2019-04-09,JPM,105.08000183105467,105.1999969482422,104.25,104.87000274658205,86.71394348144531,9092200,2.42,2.42,2.51,261.997,255.233,118.2,20602.275,14.28,3.7,0.8,0.0,False,False,-0.007383119529787319,-0.007410509656444219,0.17865141950171032,0.21172334093323072,0.1636614361690929,0.08345978755690431,-0.6029281069678408,-0.4498643000129153,0.08999999999999986,0.029999999999999805,0.0,-0.13000000000000034,-0.040000000000000036,0.4285714285714286,0.014646778896534984
2019-04-10,JPM,105.12999725341795,105.72000122070312,104.47000122070312,105.33999633789062,87.1025619506836,10882300,2.41,2.43,2.48,261.997,255.233,118.2,20602.275,13.3,3.7,0.8,0.0,False,False,0.004481614532055422,0.004471602001371518,0.17177632858564257,0.2117105517085274,0.16374643038490425,-0.06862745098039202,-0.6147660629402474,-0.4531760504976474,0.04999999999999982,-0.040000000000000036,-0.009999999999999787,-0.1299999999999999,-0.029999999999999805,0.4285714285714286,0.014646778896534984
2019-04-11,JPM,105.70999908447266,106.7300033569336,105.55999755859376,106.2300033569336,87.83849334716797,11183800,2.44,2.43,2.51,261.997,255.233,118.2,20602.275,13.02,3.7,0.8,0.0,False,False,0.008449021245793498,0.008413528047513977,0.1700806882832466,0.21315311942423734,0.16442250269952408,-0.021052631578947434,-0.6172089269101093,-0.45517314353084887,0.07999999999999963,0.0,-0.009999999999999787,-0.10000000000000009,-0.020000000000000018,0.4285714285714286,0.014646778896534984
2019-04-12,JPM,109.44000244140624,111.8499984741211,108.87999725341795,111.20999908447266,91.9563217163086,25834100,2.44,2.44,2.56,261.997,255.233,118.2,20602.275,12.01,3.7,0.8,0.0,True,True,0.04687954235355041,0.045813874986466385,0.26160509222793543,0.26254348214664114,0.18678389055207556,-0.07757296466973884,-0.6372135370904249,-0.48181993903861503,0.1200000000000001,0.06000000000000005,0.0,-0.06999999999999984,-0.010000000000000231,0.4285714285714286,0.014646778896534984
2019-04-15,JPM,110.91999816894533,111.0,109.12000274658205,109.94000244140624,90.90619659423828,15163800,2.43,2.43,2.55,261.997,255.233,118.2,20602.275,12.32,3.7,0.8,0.0,False,False,-0.011419825222131252,-0.011485532146219044,0.24742619950076342,0.26520361416987254,0.18785183364031485,0.025811823480432983,-0.6346328177346757,-0.5008755467596518,0.11999999999999966,0.029999999999999805,0.0,-0.040000000000000036,-0.020000000000000018,0.4285714285714286,0.014646778896534984
2019-04-16,JPM,109.9000015258789,111.38999938964844,109.86000061035156,111.0999984741211,91.86537170410156,11583200,2.45,2.43,2.6,261.997,255.233,118.2,20602.275,12.18,3.7,0.8,0.0,False,False,0.010551262133917882,0.010495986049278677,0.24848837004088653,0.2665451773974694,0.18836201048823656,-0.011363636363636465,-0.6394312030439574,-0.49863884165959577,0.16999999999999993,0.0900000000000003,0.010000000000000231,0.0,-0.009999999999999787,0.4285714285714286,0.014646778896534984
2019-04-17,JPM,111.6999969482422,114.66000366210938,111.01000213623048,114.3000030517578,94.51134490966795,17791900,2.44,2.44,2.59,261.997,255.233,118.2,20602.275,12.6,3.7,0.8,0.0,False,False,0.028802726821691493,0.028395724985352606,0.270151184966335,0.28062782525183705,0.1954884612453817,0.034482758620689724,-0.5572997965641052,-0.4600549060014365,0.1499999999999999,0.10999999999999988,0.009999999999999787,-0.020000000000000018,-0.020000000000000018,0.4285714285714286,0.014646778896534984
2019-04-18,JPM,114.52999877929688,114.9499969482422,113.33000183105467,113.45999908447266,93.81678009033205,12501900,2.44,2.42,2.57,261.997,255.233,118.2,20602.275,12.09,3.7,0.8,0.0,False,False,-0.007349010005092582,-0.007376147014298501,0.2821205063986538,0.2686301179542273,0.19629802385614,-0.04047619047619044,-0.5278996782108805,-0.44964153561682124,0.1499999999999999,0.06000000000000005,-0.010000000000000231,0.029999999999999805,-0.06000000000000005,0.4285714285714286,0.014646778896534984
2019-04-22,JPM,112.83000183105467,113.93000030517578,112.66000366210938,113.5999984741211,93.93252563476562,7975900,2.46,2.44,2.59,261.997,255.233,118.2,20602.275,12.42,3.7,0.8,0.0,False,False,0.001233740321530341,0.0012329798893261762,0.2792562071170933,0.2587839822049282,0.19409637769684412,0.027295285359801413,-0.5662323517523848,-0.4508123892404584,0.1499999999999999,0.029999999999999805,0.0,0.04999999999999982,-0.050000000000000266,0.4285714285714286,0.014646778896534984
2019-04-23,JPM,113.0,114.37000274658205,112.8499984741211,113.73999786376952,94.0482940673828,9193100,2.43,2.45,2.57,261.997,255.233,118.2,20602.275,12.28,3.7,0.8,0.0,False,False,0.0012324637481515577,0.0012317048881539325,0.28030276061144704,0.2245181316540529,0.19087521298687118,-0.011272141706924366,-0.3450156340534593,-0.42042949617578584,0.11999999999999966,0.020000000000000018,0.020000000000000018,0.1299999999999999,-0.009999999999999787,0.4285714285714286,0.014646778896534984
2019-04-24,JPM,113.26000213623048,114.1500015258789,112.80999755859376,113.5500030517578,93.89119720458984,9245700,2.42,2.44,2.53,261.997,255.233,118.2,20602.275,13.14,3.7,0.8,0.0,False,False,-0.0016703850330384018,-0.0016717816816283232,0.2732158136762147,0.22005524493799833,0.19080562381303925,0.07003257328990231,-0.3749122951622187,-0.4296950655945011,0.08999999999999986,-0.07000000000000028,0.009999999999999787,0.09999999999999964,-0.020000000000000018,0.4285714285714286,0.014646778896534984
2019-04-25,JPM,113.01000213623048,114.1500015258789,112.5,113.61000061035156,93.94080352783205,9311800,2.42,2.43,2.54,261.997,255.233,118.2,20602.275,13.25,3.7,0.8,0.0,False,False,0.0005283383822884957,0.0005281988607063044,0.2753313871904828,0.2208416021056472,0.1908070057004617,0.008371385083713712,-0.3969400761572686,-0.43157002503210845,0.10999999999999988,-0.04999999999999982,-0.009999999999999787,0.1299999999999999,-0.029999999999999805,0.4285714285714286,0.014646778896534984
2019-04-26,JPM,113.9499969482422,114.58000183105467,113.5999984741211,114.47000122070312,94.65193176269533,7889300,2.41,2.42,2.51,261.997,255.233,118.2,20602.275,12.73,3.7,0.8,0.0,False,False,0.007569961168711892,0.007541452793797527,0.2752903010643496,0.21790367371090233,0.19094363573260373,-0.03924528301886787,-0.37405232272916694,-0.43294358777233855,0.08999999999999986,-0.06000000000000005,0.0,0.11999999999999966,-0.020000000000000018,0.4285714285714286,0.014646778896534984
2019-04-29,JPM,114.5999984741211,117.16000366210938,114.4499969482422,116.12000274658205,96.01626586914062,14242200,2.42,2.44,2.54,261.997,255.233,118.2,20602.275,13.11,3.7,0.8,0.0,False,False,0.014414223577241536,0.014311326267783562,0.18207297454541804,0.2189039648242921,0.19250932863715978,0.02985074626865658,-0.3395491258912619,-0.4327926014198921,0.10000000000000009,-0.04999999999999982,0.0,0.1499999999999999,0.009999999999999787,0.4285714285714286,0.014646778896534984
2019-04-30,JPM,116.43000030517578,116.72000122070312,115.26000213623048,116.0500030517578,95.95838928222656,11389100,2.39,2.43,2.51,261.997,255.233,118.2,20602.275,13.12,3.7,0.8,0.0,False,False,-0.0006027789811462458,-0.0006029607254343961,0.16279589697945157,0.2204655000677576,0.19256442659415426,0.0007627765064834868,-0.3575900165260215,-0.4337326358410277,0.07999999999999963,-0.06000000000000005,-0.020000000000000018,0.09999999999999964,0.03000000000000025,0.4285714285714286,0.014646778896534984
2019-05-01,JPM,115.72000122070312,117.0,115.11000061035156,115.16000366210938,95.2224578857422,10412900,2.39,2.43,2.52,262.217,255.296,118.3,20602.275,14.8,3.6,0.8,0.0,False,False,-0.007669276255981017,-0.007698836388664824,0.1722250388731831,0.20393313602124843,0.19350240882894978,0.128048780487805,-0.40188481486310973,-0.44682730401467835,0.08999999999999986,-0.009999999999999787,-0.009999999999999787,0.029999999999999805,0.0,0.4285714285714286,0.014646778896534984
2019-05-02,JPM,115.16999816894533,115.77999877929688,114.58000183105467,115.41000366210938,95.4291763305664,8613300,2.41,2.47,2.55,262.217,255.296,118.3,20602.275,14.42,3.6,0.8,0.0,False,False,0.0021709001155194585,0.002168547116665311,0.1027702329767425,0.20415698680812597,0.19233896775479942,-0.025675675675675746,-0.391515357392264,-0.46868839261471473,0.07999999999999963,0.009999999999999787,0.040000000000000036,0.06999999999999984,0.050000000000000266,0.4285714285714286,0.014646778896534984
2019-05-03,JPM,116.0,116.68000030517578,115.66999816894533,116.12000274658205,96.01626586914062,8185400,2.41,2.43,2.54,262.217,255.296,118.3,20602.275,12.87,3.6,0.8,0.0,False,False,0.006152096886391956,0.006133249997433908,0.09407137959170973,0.20394357915620082,0.1924969343187332,-0.10748959778085998,-0.35842384389848647,-0.46504077799361376,0.10999999999999988,0.03000000000000025,0.010000000000000231,0.020000000000000018,-0.009999999999999787,0.4285714285714286,0.014646778896534984
2019-05-06,JPM,114.18000030517578,115.47000122070312,113.72000122070312,115.08999633789062,95.1645736694336,9387000,2.39,2.44,2.51,262.217,255.296,118.3,20602.275,15.44,3.6,0.8,0.0,False,False,-0.008870290799142255,-0.008909866031601881,0.10980836120521685,0.20870030551512297,0.19366917281366325,0.19968919968919963,-0.4119501652174741,-0.4669315863815856,0.06999999999999984,-0.03000000000000025,0.0,0.0,0.0,0.4285714285714286,0.014646778896534984
2019-05-07,JPM,114.02999877929688,114.02999877929688,112.29000091552734,113.20999908447266,93.6100616455078,15017700,2.37,2.43,2.45,262.217,255.296,118.3,20602.275,19.32,3.6,0.8,0.0,False,False,-0.016334986476433944,-0.016469873301502257,0.1415096065593363,0.21964941286615677,0.19669023720967907,0.25129533678756477,-0.5337929004654197,-0.494812481876927,0.020000000000000018,-0.05999999999999961,0.0,-0.04999999999999982,-0.009999999999999787,0.4285714285714286,0.014646778896534984
2019-05-08,JPM,112.66000366210938,113.66999816894533,112.45999908447266,112.61000061035156,93.11395263671876,9575800,2.37,2.43,2.49,262.217,255.296,118.3,20602.275,19.4,3.6,0.8,0.0,False,False,-0.005299740220957805,-0.005313833660595704,0.1435442276315517,0.22173872071980344,0.1971250472872575,0.0041407867494822614,-0.5218098224453235,-0.4944505086662619,0.06000000000000005,-0.029999999999999805,0.0,-0.029999999999999805,0.0,0.4285714285714286,0.014646778896534984
2019-05-09,JPM,111.13999938964844,112.73999786376952,110.58000183105467,112.5199966430664,93.0395050048828,12205900,2.36,2.43,2.45,262.217,255.296,118.3,20602.275,19.1,3.6,0.8,0.0,False,False,-0.000799532505363798,-0.0007998523019472359,0.14334673673539466,0.21897913346878425,0.1949352248564382,-0.01546391752577303,-0.4990770324361198,-0.48516174541495716,0.020000000000000018,-0.09999999999999964,-0.040000000000000036,-0.05999999999999961,0.010000000000000231,0.4285714285714286,0.014646778896534984
2019-05-10,JPM,111.75,112.83999633789062,110.54000091552734,112.51000213623048,93.03125762939452,13189000,2.36,2.43,2.47,262.217,255.296,118.3,20602.275,16.04,3.6,0.8,0.0,False,False,-8.864380230577673e-05,-8.864773139981529e-05,0.1355769379615507,0.21925520381517094,0.1935335267783127,-0.1602094240837697,-0.4360994994548198,-0.47298983333490546,0.040000000000000036,-0.06999999999999984,0.0,-0.009999999999999787,0.0,0.4285714285714286,0.014646778896534984
2019-05-13,JPM,110.08000183105467,110.4499969482422,108.9800033569336,109.4499969482422,90.5010223388672,13783700,2.32,2.41,2.4,262.217,255.296,118.3,20602.275,20.55,3.6,0.8,0.0,False,False,-0.02719768984105242,-0.027574393020846584,0.15802736492236516,0.24254474045478305,0.20186712453701378,0.2811720698254365,-0.5579207454149065,-0.5327851038253938,-0.010000000000000231,-0.10999999999999988,-0.029999999999999805,-0.10999999999999988,-0.020000000000000018,0.4285714285714286,0.014646778896534984
2019-05-14,JPM,109.5500030517578,111.72000122070312,109.5,110.31999969482422,91.22039031982422,10503600,2.32,2.41,2.42,262.217,255.296,118.3,20602.275,18.06,3.6,0.8,0.0,False,False,0.00794872767584276,0.007917302954538854,0.17128019881656778,0.1834877793318987,0.19985399058997563,-0.12116788321167893,-0.5840844087405271,-0.5317265134943864,0.009999999999999787,-0.03000000000000025,-0.020000000000000018,-0.14000000000000012,-0.029999999999999805,0.4285714285714286,0.014646778896534984
2019-05-15,JPM,109.20999908447266,110.9000015258789,108.61000061035156,109.9000015258789,90.87313079833984,10142000,2.3,2.42,2.37,262.217,255.296,118.3,20602.275,16.44,3.6,0.8,0.0,False,False,-0.003806819070460654,-0.003814083448153105,0.1707159226201009,0.17952036145641054,0.19998118687422803,-0.08970099667774067,-0.5651236359618967,-0.518846820843399,-0.04999999999999982,-0.1200000000000001,-0.010000000000000231,-0.17999999999999972,-0.010000000000000231,0.4285714285714286,0.014646778896534984
2019-05-16,JPM,110.62000274658205,112.16999816894533,110.58999633789062,111.30999755859376,92.03902435302734,9672700,2.33,2.4,2.4,262.217,255.296,118.3,20602.275,15.29,3.6,0.8,0.0,False,False,0.012829904114064039,0.012748298150858829,0.1897873705415584,0.18134263791427638,0.20069451203205546,-0.06995133819951349,-0.5828298857434839,-0.5232759985281866,0.0,-0.050000000000000266,-0.03000000000000025,-0.20000000000000018,-0.03000000000000025,0.4285714285714286,0.014646778896534984
2019-05-17,JPM,110.0,111.75,109.83000183105467,110.7699966430664,91.59249114990234,9570100,2.33,2.39,2.39,262.217,255.296,118.3,20602.275,15.96,3.6,0.8,0.0,False,False,-0.004851563847659501,-0.0048633708874278505,0.18183002881884047,0.149784002121434,0.19241178748269966,0.04381948986265538,-0.737633094771022,-0.5140294773131484,0.0,-0.08000000000000007,-0.040000000000000036,-0.19999999999999973,-0.04999999999999982,0.4285714285714286,0.014646778896534984
2019-05-20,JPM,110.58000183105467,111.80999755859376,110.37000274658205,111.3499984741211,92.07209014892578,8518200,2.34,2.39,2.41,262.217,255.296,118.3,20602.275,16.31,3.6,0.8,0.0,False,False,0.005236226168786162,0.005222564805116031,0.18648541423981632,0.14990803103038097,0.19239315206194188,0.021929824561403466,-0.7580046502513387,-0.5132313082773097,0.020000000000000018,0.010000000000000231,-0.020000000000000018,-0.1599999999999997,-0.029999999999999805,0.4285714285714286,0.014646778896534984
2019-05-21,JPM,111.44000244140624,111.91999816894533,111.22000122070312,111.7300033569336,92.38629150390624,7967900,2.36,2.39,2.43,262.217,255.296,118.3,20602.275,14.95,3.6,0.8,0.0,False,False,0.0034125580778305853,0.003406748514742448,0.17342882611693433,0.15048464781131313,0.19229922756462559,-0.08338442673206614,-0.7612291816276768,-0.510669116601675,0.040000000000000036,0.010000000000000231,-0.020000000000000018,-0.1599999999999997,-0.04999999999999982,0.4285714285714286,0.014646778896534984
2019-05-22,JPM,111.4000015258789,111.79000091552734,110.75,110.81999969482422,91.63384246826172,7918900,2.37,2.38,2.39,262.217,255.296,118.3,20602.275,14.75,3.6,0.8,0.0,False,False,-0.008144596166766771,-0.008177944586501482,0.17585648065924828,0.15240945733144365,0.19308151385492514,-0.013377926421404673,-0.7396607303604484,-0.505002270802059,0.010000000000000231,0.020000000000000018,-0.040000000000000036,-0.17999999999999972,-0.07000000000000028,0.4285714285714286,0.014646778896534984
2019-05-23,JPM,109.63999938964844,109.79000091552734,107.5,108.63999938964844,89.83126831054688,14558000,2.32,2.37,2.31,262.217,255.296,118.3,20602.275,16.92,3.6,0.8,0.0,False,False,-0.019671489366378858,-0.01986754855722561,0.19806755532726775,0.1655305538044955,0.19723569388491508,0.14711864406779673,-0.7585496685216421,-0.5365633272149712,-0.06000000000000005,-0.08999999999999986,-0.029999999999999805,-0.21999999999999975,-0.06999999999999984,0.4285714285714286,0.014646778896534984
2019-05-24,JPM,109.5199966430664,109.95999908447266,109.19000244140624,109.70999908447266,90.7160186767578,8537300,2.33,2.35,2.32,262.217,255.296,118.3,20602.275,15.85,3.6,0.8,0.0,False,False,0.009849024541792595,0.009800839028131487,0.2087813560528604,0.17043306907714495,0.19711468421969144,-0.06323877068557926,-0.7637448240053373,-0.5631390250524707,-0.03000000000000025,-0.07000000000000028,-0.040000000000000036,-0.2200000000000002,-0.08000000000000007,0.4285714285714286,0.014646778896534984
2019-05-28,JPM,109.1999969482422,109.83000183105467,108.44000244140624,108.5199966430664,89.73202514648438,11665500,2.31,2.37,2.26,262.217,255.296,118.3,20602.275,17.5,3.6,0.8,0.0,False,False,-0.010846965559408228,-0.010906222787328978,0.16493894658286132,0.16985899521583142,0.1977762395893072,0.10410094637223977,-0.7687196946382164,-0.5705415590163614,-0.11000000000000032,-0.15000000000000036,-0.020000000000000018,-0.25,-0.04999999999999982,0.4285714285714286,0.014646778896534984
2019-05-29,JPM,107.4499969482422,108.4000015258789,107.05999755859376,108.22000122070312,89.48397064208984,9966400,2.3,2.37,2.25,262.217,255.296,118.3,20602.275,17.9,3.6,0.8,0.0,False,False,-0.002764392133015936,-0.002768220121283142,0.15758788795287182,0.15842642159569875,0.19785781821875875,0.022857142857142687,-0.8309473100046341,-0.5729512817739004,-0.1200000000000001,-0.18000000000000016,-0.020000000000000018,-0.29000000000000004,-0.06999999999999984,0.4285714285714286,0.014646778896534984
2019-05-30,JPM,108.6500015258789,109.18000030517578,106.54000091552734,107.05999755859376,88.5248031616211,10367800,2.29,2.38,2.22,262.217,255.296,118.3,20602.275,17.3,3.6,0.8,0.0,False,False,-0.0107188748284891,-0.010776735808471704,0.1636868417037492,0.16011057469557965,0.19848629185764302,-0.03351955307262555,-0.8003838407430895,-0.5634175349838023,-0.1599999999999997,-0.16999999999999993,0.0,-0.2899999999999996,-0.050000000000000266,0.4285714285714286,0.014646778896534984
2019-05-31,JPM,105.55999755859376,106.58999633789062,104.83999633789062,105.95999908447266,87.61524963378906,10952800,2.21,2.35,2.14,262.217,255.296,118.3,20602.275,18.71,3.6,0.8,0.0,False,False,-0.010274561426264261,-0.010327709091906024,0.1426710634660392,0.1611644874983503,0.19966915362396645,0.0815028901734105,-0.8051889858261704,-0.5735255213242235,-0.20999999999999996,-0.16999999999999993,-0.020000000000000018,-0.3799999999999999,-0.08000000000000007,0.4285714285714286,0.014646778896534984
2019-06-03,JPM,105.8000030517578,106.86000061035156,105.3000030517578,106.45999908447266,88.0286865234375,11680700,2.11,2.35,2.07,262.217,255.296,118.3,20602.275,18.86,3.6,0.8,0.0,False,False,0.004718777739908253,0.004707679208868104,0.15065496196266293,0.1626155199238159,0.19978267780118314,0.008017103153393768,-0.7933320764758243,-0.5734748235469225,-0.28000000000000025,-0.25,0.0,-0.48,-0.1200000000000001,0.4285714285714286,0.014646778896534984
2019-06-04,JPM,107.8499984741211,109.9000015258789,107.12999725341795,109.73999786376952,90.7408218383789,12858600,2.11,2.35,2.12,262.217,255.296,118.3,20602.275,16.97,3.6,0.8,0.0,False,False,0.030809676050537194,0.030344586685016734,0.22700562473568492,0.19891048365744618,0.20850353180152018,-0.10021208907741253,-0.7417109896654068,-0.5880602784098123,-0.22999999999999998,-0.13999999999999968,-0.020000000000000018,-0.41999999999999993,-0.08000000000000007,0.4285714285714286,0.014646778896534984
2019-06-05,JPM,109.86000061035156,110.37999725341795,108.63999938964844,110.12999725341795,91.06330871582033,8340500,2.04,2.35,2.12,262.217,255.296,118.3,20602.275,16.09,3.6,0.8,0.0,False,False,0.003553933840447332,0.003547633540396724,0.22709122037473745,0.19868406829680055,0.20834443048887102,-0.051856216853270465,-0.755396498444994,-0.5866503442474387,-0.22999999999999998,-0.1299999999999999,-0.020000000000000018,-0.3899999999999997,-0.08999999999999986,0.4285714285714286,0.014646778896534984
2019-06-06,JPM,110.1500015258789,110.87000274658205,108.93000030517578,110.37000274658205,91.26173400878906,8726700,2.02,2.33,2.12,262.217,255.296,118.3,20602.275,15.93,3.6,0.8,0.0,False,False,0.0021789818069093414,0.0021766112690000073,0.22442510022873677,0.19207893966447637,0.2076645413976807,-0.009944064636420169,-0.7442068737259043,-0.5841295444931243,-0.20999999999999996,-0.10000000000000009,-0.04999999999999982,-0.33000000000000007,-0.10000000000000009,0.4285714285714286,0.014646778896534984
2019-06-07,JPM,109.6999969482422,110.0199966430664,108.95999908447266,109.16000366210938,90.26124572753906,10618900,1.97,2.28,2.09,262.217,255.296,118.3,20602.275,16.3,3.6,0.8,0.0,False,False,-0.010962845404116961,-0.011023380222931993,0.20663836649366166,0.19461755684225024,0.20910012451662047,0.02322661644695545,-0.7427445489168674,-0.5846591347471454,-0.18999999999999995,-0.050000000000000266,-0.07000000000000028,-0.40000000000000036,-0.15000000000000036,0.4285714285714286,0.014646778896534984
2019-06-10,JPM,110.75,111.20999908447266,110.22000122070312,110.33999633789062,91.2369384765625,11380600,2.03,2.29,2.15,262.217,255.296,118.3,20602.275,15.94,3.6,0.8,0.0,False,False,0.010809653037236355,0.010751646384636463,0.20789088221367788,0.19918766336838145,0.20864291229717752,-0.022085889570552242,-0.7338976346138625,-0.5781812669935893,-0.14000000000000012,0.08000000000000007,-0.06000000000000005,-0.30000000000000027,-0.14000000000000012,0.4285714285714286,0.014646778896534984
2019-06-11,JPM,110.81999969482422,111.56999969482422,110.37000274658205,110.68000030517578,91.51808166503906,9847700,2.05,2.27,2.15,262.217,255.296,118.3,20602.275,15.99,3.6,0.8,0.0,False,False,0.0030814623240431605,0.0030767243497800776,0.19788220530947695,0.19965771491886908,0.20852447421662118,0.0031367628607277265,-0.7788221410010469,-0.5825789874628043,-0.1200000000000001,0.029999999999999805,-0.08000000000000007,-0.3200000000000003,-0.16000000000000014,0.4285714285714286,0.014646778896534984
2019-06-12,JPM,110.6999969482422,110.9000015258789,108.88999938964844,109.2699966430664,90.35220336914062,9670500,2.02,2.24,2.13,262.217,255.296,118.3,20602.275,15.91,3.6,0.8,0.0,False,False,-0.012739321833313944,-0.012821162802272591,0.21064678840629442,0.18031576654956,0.210316257774807,-0.00500312695434646,-0.6826245281030315,-0.5750263417540729,-0.11000000000000032,0.009999999999999787,-0.10999999999999988,-0.27,-0.16999999999999993,0.4285714285714286,0.014646778896534984
2019-06-13,JPM,109.45999908447266,110.16000366210938,109.0500030517578,109.54000091552734,90.5754623413086,8406900,2.0,2.19,2.1,262.217,255.296,118.3,20602.275,15.82,3.6,0.8,0.0,False,False,0.002470985364416922,0.002467937499867966,0.2002083550241455,0.17824737018544057,0.2096822646948959,-0.0056568196103079504,-0.6792222510142992,-0.5770189754917088,-0.08999999999999986,-0.020000000000000018,-0.14000000000000012,-0.31999999999999984,-0.2200000000000002,0.4285714285714286,0.014646778896534984
2019-06-14,JPM,109.56999969482422,110.3000030517578,108.62999725341795,109.81999969482422,90.80696868896484,9077400,2.0,2.2,2.09,262.217,255.296,118.3,20602.275,15.28,3.6,0.8,0.0,False,False,0.0025559499413194686,0.002552689056525181,0.1875178907124314,0.1780472417518708,0.20859370944630326,-0.034134007585335024,-0.7386954699200138,-0.5736312735330046,-0.11000000000000032,0.0,-0.07999999999999963,-0.28000000000000025,-0.21999999999999975,0.4285714285714286,0.014646778896534984
2019-06-17,JPM,109.6999969482422,110.37000274658205,109.05999755859376,109.22000122070312,90.3108367919922,8128600,2.03,2.23,2.09,262.217,255.296,118.3,20602.275,15.35,3.6,0.8,0.0,False,False,-0.005463588358202043,-0.005478568344978676,0.19270016744707888,0.17267311133449675,0.2086506240914551,0.0045811518324607725,-0.7176012617121205,-0.5743013549405118,-0.14000000000000012,-0.06000000000000005,-0.06000000000000005,-0.31000000000000005,-0.16999999999999993,0.4285714285714286,0.014646778896534984
2019-06-18,JPM,109.01000213623048,111.41000366210938,108.9800033569336,110.70999908447266,91.54290008544922,11057300,2.04,2.22,2.06,262.217,255.296,118.3,20602.275,15.15,3.6,0.8,0.0,False,False,0.01364247456033163,0.01355025380381311,0.13457186402966276,0.1790163831759891,0.21011843854740062,-0.013029315960912058,-0.7006493071423617,-0.5723333734088649,-0.16000000000000014,-0.08999999999999986,-0.04999999999999982,-0.33000000000000007,-0.16999999999999993,0.4285714285714286,0.014646778896534984
2019-06-19,JPM,110.81999969482422,111.58999633789062,109.6999969482422,109.91000366210938,90.88138580322266,13126500,1.96,2.18,2.03,262.217,255.296,118.3,20602.275,14.33,3.6,0.8,0.0,False,False,-0.007226276222504269,-0.007252512225335437,0.13941165893952356,0.1796231073591947,0.20585664022257547,-0.054125412541254136,-0.6713062203884217,-0.5677343526263953,-0.15000000000000036,-0.10000000000000009,-0.06000000000000005,-0.38000000000000034,-0.20999999999999996,0.4285714285714286,0.014646778896534984
2019-06-20,JPM,110.87999725341795,111.08999633789062,109.02999877929688,110.19000244140624,91.11292266845705,13638000,1.91,2.14,2.01,262.217,255.296,118.3,20602.275,14.75,3.6,0.8,0.0,False,False,0.002547681939354618,0.0025444420992772484,0.13959933522239099,0.17940425104090252,0.2030129099461385,0.0293091416608513,-0.6683292567735649,-0.5811610997463769,-0.13000000000000034,-0.0900000000000003,-0.04999999999999982,-0.4200000000000004,-0.25,0.4285714285714286,0.014646778896534984
2019-06-21,JPM,110.19000244140624,111.66999816894533,109.08999633789062,109.44000244140624,90.49276733398438,27089500,1.95,2.11,2.07,262.217,255.296,118.3,20602.275,15.4,3.6,0.8,0.0,False,True,-0.006806447607100696,-0.006829717120204562,0.1318358824468489,0.17875207386835507,0.1931357907495814,0.04406779661016946,-0.6922775853828472,-0.5380762609193609,-0.040000000000000036,-0.020000000000000018,-0.0900000000000003,-0.3200000000000003,-0.27,0.4285714285714286,0.014646778896534984
2019-06-24,JPM,109.27999877929688,109.7699966430664,108.54000091552734,108.66000366210938,89.8478012084961,13039600,1.92,2.13,2.02,262.217,255.296,118.3,20602.275,15.26,3.6,0.8,0.0,False,False,-0.007127267122994274,-0.007152787423611304,0.12221196420617463,0.166486262160514,0.1928989637059694,-0.00909090909090915,-0.610406351297426,-0.5389433616271193,-0.10999999999999988,-0.06999999999999984,-0.10000000000000009,-0.29000000000000004,-0.2400000000000002,0.4285714285714286,0.014646778896534984
2019-06-25,JPM,108.68000030517578,108.9800033569336,107.66999816894533,107.76000213623048,89.1036376953125,18660100,1.93,2.12,2.0,262.217,255.296,118.3,20602.275,16.28,3.6,0.8,0.0,False,False,-0.008282489979434482,-0.008316980375835727,0.1235520410839391,0.16488171910311428,0.19314710761411344,0.06684141546526878,-0.6011131298196172,-0.5386774829383816,-0.1200000000000001,-0.06000000000000005,-0.10000000000000009,-0.31999999999999984,-0.22999999999999998,0.4285714285714286,0.014646778896534984
2019-06-26,JPM,108.3000030517578,109.30999755859376,108.16000366210938,108.4800033569336,89.69893646240234,10324600,1.96,2.15,2.05,262.217,255.296,118.3,20602.275,16.21,3.6,0.8,0.0,False,False,0.00668097041251503,0.006658751636776089,0.11729448629772597,0.16260020764457875,0.19319484531050649,-0.004299754299754266,-0.5752207912032312,-0.537549443477118,-0.10000000000000009,0.020000000000000018,-0.03000000000000025,-0.20999999999999996,-0.2200000000000002,0.4285714285714286,0.014646778896534984
2019-06-27,JPM,108.83999633789062,109.5500030517578,108.44000244140624,108.83999633789062,89.99661254882812,10906600,1.93,2.14,2.01,262.217,255.296,118.3,20602.275,15.82,3.6,0.8,0.0,False,False,0.0033186133321720934,0.0033131188875501687,0.11801334937587152,0.16266862697612414,0.19220601786254418,-0.024059222702035865,-0.5758893716880067,-0.5338876965639137,-0.13000000000000034,0.0,0.0,-0.2400000000000002,-0.22999999999999998,0.4285714285714286,0.014646778896534984
2019-06-28,JPM,111.04000091552734,112.43000030517578,110.9000015258789,111.8000030517578,92.44418334960938,21634700,1.92,2.12,2.0,262.217,255.296,118.3,20602.275,15.08,3.6,0.8,0.0,False,False,0.02719625474184717,0.02683300786226235,0.18200558979001458,0.1815581489517093,0.19872840553100773,-0.04677623261694064,-0.6557572261065434,-0.5346296717349313,-0.1200000000000001,-0.06999999999999984,0.010000000000000231,-0.2200000000000002,-0.2599999999999998,0.4285714285714286,0.014646778896534984
2019-07-01,JPM,113.2300033569336,114.5199966430664,113.08000183105467,113.68000030517578,93.99870300292967,12724500,1.94,2.21,2.03,263.28,255.802,118.5,20843.322,14.06,3.7,0.8,0.0,False,False,0.01681576489719583,0.016675945195806174,0.19099957206867224,0.18243347805372362,0.190712904182116,-0.06763925729442966,-0.6628381782550364,-0.5583391030783166,-0.18000000000000016,0.009999999999999787,0.08000000000000007,-0.11000000000000032,-0.14000000000000012,0.4285714285714286,0.01170001856591063
2019-07-02,JPM,113.51000213623048,114.1999969482422,113.22000122070312,113.8000030517578,94.09791564941406,10174900,1.91,2.2,1.98,263.28,255.802,118.5,20843.322,12.93,3.7,0.8,0.0,False,False,0.0010554682491874523,0.0010549116342001323,0.18366916454729423,0.18252946849544535,0.19059387756346735,-0.08036984352773835,-0.6115371673204334,-0.5527960665282607,-0.2200000000000002,-0.020000000000000018,0.08000000000000007,-0.08999999999999986,-0.1499999999999999,0.4285714285714286,0.01170001856591063
2019-07-03,JPM,113.33999633789062,113.87000274658205,112.26000213623048,112.81999969482422,93.9480209350586,6849400,1.91,2.21,1.96,263.28,255.802,118.5,20843.322,12.57,3.7,0.8,0.0,False,False,-0.001592965299188398,-0.0015942354174259992,0.1771181629984767,0.15391662838504278,0.19068175891251576,-0.0278422273781902,-0.4710903543491748,-0.5511465612430042,-0.25,-0.08999999999999986,0.06000000000000005,-0.16000000000000014,-0.14000000000000012,0.4285714285714286,0.01170001856591063
2019-07-05,JPM,113.51000213623048,114.2699966430664,112.91999816894533,113.48999786376952,94.50597381591795,7929400,1.98,2.23,2.04,263.28,255.802,118.5,20843.322,13.28,3.7,0.8,0.0,False,False,0.005938953000883762,0.0059213869345596925,0.17751565994723453,0.154503134264205,0.19017125550037633,0.056483691328560015,-0.39791647167943833,-0.5445950716490516,-0.18999999999999995,0.03000000000000025,0.08999999999999986,-0.08000000000000007,-0.1200000000000001,0.4285714285714286,0.01170001856591063
2019-07-08,JPM,112.95999908447266,113.4800033569336,112.5,112.87000274658205,93.98966217041016,6917200,1.99,2.26,2.05,263.28,255.802,118.5,20843.322,13.96,3.7,0.8,0.0,False,False,-0.005463269935861326,-0.005478248173403242,0.175397343201768,0.15650998657975182,0.1905137173408306,0.051204819277108626,-0.42330579882091074,-0.5535514920767167,-0.20999999999999996,0.04999999999999982,0.13999999999999968,-0.07000000000000028,-0.07000000000000028,0.4285714285714286,0.01170001856591063
2019-07-09,JPM,112.27999877929688,113.48999786376952,112.1500015258789,113.3499984741211,94.38938903808594,8947300,2.0,2.26,2.07,263.28,255.802,118.5,20843.322,14.09,3.7,0.8,0.0,False,False,0.0042528812046482845,0.0042438632644889685,0.16447651439597774,0.15003920178705554,0.1905684206154761,0.009312320916905481,-0.39182780768476844,-0.554301638686127,-0.18999999999999995,0.040000000000000036,0.04999999999999982,-0.020000000000000018,-0.020000000000000018,0.4285714285714286,0.01170001856591063
2019-07-10,JPM,113.37000274658205,113.83000183105467,112.73999786376952,113.0199966430664,94.11456298828124,9242300,1.93,2.2,2.07,263.28,255.802,118.5,20843.322,13.03,3.7,0.8,0.0,False,False,-0.0029116201789780582,-0.002915867190804942,0.15420958998184428,0.14759314966021667,0.18995126022234754,-0.07523066004258339,-0.31637962707066286,-0.5389985402727483,-0.13000000000000034,0.08999999999999986,0.0,-0.08000000000000007,-0.08999999999999986,0.4285714285714286,0.01170001856591063
2019-07-11,JPM,113.37000274658205,114.36000061035156,113.12000274658205,114.0999984741211,95.01393127441406,11595200,1.97,2.17,2.13,263.28,255.802,118.5,20843.322,12.93,3.7,0.8,0.0,False,False,0.009556101176869003,0.009510730457793192,0.15548383736470373,0.1501319149535986,0.19055963067955423,-0.007674597083653034,-0.3125670126876495,-0.5383501126949835,-0.040000000000000036,0.16999999999999993,-0.040000000000000036,-0.020000000000000018,-0.10000000000000009,0.4285714285714286,0.01170001856591063
2019-07-12,JPM,114.12999725341795,115.3499984741211,113.93000030517578,115.3000030517578,96.01319122314452,10783400,1.96,2.14,2.12,263.28,255.802,118.5,20843.322,12.39,3.7,0.8,0.0,False,False,0.010516983513127576,0.010462064759517758,0.15647670995159998,0.14309039221346098,0.19091067614178353,-0.0417633410672853,-0.34644155514042213,-0.5403631352468805,-0.020000000000000018,0.08000000000000007,-0.08999999999999986,-0.009999999999999787,-0.10000000000000009,0.4285714285714286,0.01170001856591063
2019-07-15,JPM,115.54000091552734,115.56999969482422,113.52999877929688,113.9000015258789,94.84737396240234,12946600,1.95,2.16,2.09,263.28,255.802,118.5,20843.322,12.68,3.7,0.8,0.0,False,False,-0.012142261348575434,-0.012216580820917977,0.1355924142647677,0.1523813586340779,0.1702101160323236,0.023405972558514954,-0.3795636941554197,-0.5483073779856529,-0.07000000000000028,0.040000000000000036,-0.09999999999999964,-0.010000000000000231,-0.029999999999999805,0.4285714285714286,0.01170001856591063
2019-07-16,JPM,113.4800033569336,115.5,112.91999816894533,115.12000274658205,95.86328125,16945000,2.0,2.15,2.13,263.28,255.802,118.5,20843.322,12.86,3.7,0.8,0.0,False,False,0.01071096905645863,0.010654012969693698,0.12058610885228938,0.155179798909471,0.16963668342829782,0.014195583596214423,-0.3513410225257411,-0.5432454896944142,-0.020000000000000018,0.06000000000000005,-0.10999999999999988,0.040000000000000036,-0.050000000000000266,0.4285714285714286,0.01170001856591063
2019-07-17,JPM,114.43000030517578,114.94000244140624,113.7300033569336,113.98999786376952,94.9223175048828,13120900,1.95,2.14,2.06,263.28,255.802,118.5,20843.322,13.97,3.7,0.8,0.0,False,False,-0.00981568472148664,-0.009864176133294052,0.13454189237962041,0.15875207338257616,0.16981478615411627,0.0863141524105755,-0.419953233375039,-0.5516312851955829,-0.08000000000000007,-0.009999999999999787,-0.06000000000000005,-0.029999999999999805,-0.08999999999999986,0.4285714285714286,0.01170001856591063
2019-07-18,JPM,113.93000030517578,115.06999969482422,113.5500030517578,114.66999816894533,95.4885711669922,9397200,1.9,2.05,2.04,263.28,255.802,118.5,20843.322,13.53,3.7,0.8,0.0,False,False,0.005965442869431348,0.005947720063115393,0.135989655497411,0.15412375964506905,0.16051748251924394,-0.03149606299212604,-0.42921320842018557,-0.6051013968521023,-0.009999999999999787,-0.08999999999999986,-0.1200000000000001,-0.020000000000000018,-0.17000000000000037,0.4285714285714286,0.01170001856591063
2019-07-19,JPM,114.88999938964844,115.12000274658205,113.4000015258789,113.54000091552734,94.5475845336914,10402800,1.94,2.06,2.05,263.28,255.802,118.5,20843.322,14.45,3.7,0.8,0.0,False,False,-0.009854442492967852,-0.009903318876145923,0.14490595968278616,0.1563878447450625,0.16107853528485333,0.06799704360679981,-0.5476829489031502,-0.6210212434699491,-0.010000000000000231,-0.07000000000000028,-0.08000000000000007,0.020000000000000018,-0.1200000000000001,0.4285714285714286,0.01170001856591063
2019-07-22,JPM,112.91000366210938,114.4499969482422,112.7699966430664,114.2699966430664,95.15547943115234,9061100,1.95,2.09,2.05,263.28,255.802,118.5,20843.322,13.53,3.7,0.8,0.0,False,False,0.006429512720595332,0.00640893157440561,0.14450795587674173,0.1571647561216091,0.1615554157079585,-0.06366782006920413,-0.5575919854318445,-0.6247960736035112,-0.040000000000000036,-0.040000000000000036,-0.07000000000000028,0.040000000000000036,-0.050000000000000266,0.4285714285714286,0.01170001856591063
2019-07-23,JPM,114.87999725341795,116.4499969482422,114.81999969482422,116.36000061035156,96.8958740234375,12752200,1.97,2.06,2.08,263.28,255.802,118.5,20843.322,12.61,3.7,0.8,0.0,False,False,0.01829000917960144,0.018124758873268986,0.16756701703306995,0.16302938353387114,0.1654768873001271,-0.0679970436067997,-0.5769258486413019,-0.630540136138974,0.020000000000000018,-0.04999999999999982,-0.08999999999999986,0.010000000000000231,-0.04999999999999982,0.4285714285714286,0.01170001856591063
2019-07-24,JPM,115.58000183105467,116.87999725341795,115.5199966430664,116.83000183105467,97.28727722167967,10011000,1.98,2.1,2.05,263.28,255.802,118.5,20843.322,12.07,3.7,0.8,0.0,False,False,0.004039420689342155,0.004031284133544063,0.1647450521673343,0.15857523111585975,0.16556945791942076,-0.04282315622521804,-0.588405409209973,-0.6322983778374184,-0.050000000000000266,-0.010000000000000231,-0.040000000000000036,0.029999999999999805,-0.029999999999999805,0.4285714285714286,0.01170001856591063
2019-07-25,JPM,116.88999938964844,117.23999786376952,115.31999969482422,115.70999908447266,96.35459899902344,10138400,1.99,2.1,2.08,263.28,255.802,118.5,20843.322,12.74,3.7,0.8,0.0,False,False,-0.009586846803524285,-0.00963309644888262,0.1724378277358356,0.15990112576456722,0.1668208912921088,0.05550952775476392,-0.5874835217621266,-0.6356649735360342,-0.020000000000000018,0.040000000000000036,0.050000000000000266,0.08000000000000007,-0.020000000000000018,0.4285714285714286,0.01170001856591063
2019-07-26,JPM,115.7699966430664,116.51000213623048,115.52999877929688,116.22000122070312,96.77928924560548,12800400,2.0,2.12,2.08,263.28,255.802,118.5,20843.322,12.16,3.7,0.8,0.0,False,False,0.004407576296242555,0.004397891379417439,0.16608578503304436,0.15957001066421492,0.16639204690513995,-0.04552590266875978,-0.586743658682758,-0.6348196170513991,-0.040000000000000036,0.03000000000000025,0.06000000000000005,0.03000000000000025,-0.029999999999999805,0.4285714285714286,0.01170001856591063
2019-07-29,JPM,116.45999908447266,117.18000030517578,115.79000091552734,115.8499984741211,96.47118377685548,8500400,1.98,2.12,2.06,263.28,255.802,118.5,20843.322,12.83,3.7,0.8,0.0,False,False,-0.003183588876831789,-0.003188667277123607,0.15185625903483688,0.16130650899073046,0.1640902218829136,0.05509868421052633,-0.599638928826131,-0.6531057452581954,-0.06000000000000005,0.010000000000000231,0.03000000000000025,0.050000000000000266,-0.020000000000000018,0.4285714285714286,0.01170001856591063
2019-07-30,JPM,115.19000244140624,116.08000183105467,114.76000213623048,115.58999633789062,96.2546844482422,7121100,1.97,2.08,2.06,263.28,255.802,118.5,20843.322,13.94,3.7,0.8,0.0,False,False,-0.0022441865035476294,-0.002246708463951803,0.14416588443562856,0.13757966919952117,0.16415074741474933,0.08651597817614953,-0.6106753292117709,-0.6511372144613206,-0.020000000000000018,-0.020000000000000018,0.020000000000000018,0.06000000000000005,-0.040000000000000036,0.4285714285714286,0.01170001856591063
2019-07-31,JPM,116.0999984741211,116.18000030517578,114.86000061035156,116.0,96.59608459472656,13648000,2.0,2.08,2.02,263.28,255.802,118.5,20843.322,16.12,3.7,0.8,0.0,False,False,0.0035468418855804096,0.0035405666756406317,0.1326700893912169,0.12694636533478257,0.16353252185717584,0.1563845050215209,-0.4527234167351735,-0.6192886821846211,-0.06000000000000005,-0.029999999999999805,-0.020000000000000018,-0.009999999999999787,-0.1299999999999999,0.4285714285714286,0.01170001856591063
2019-08-01,JPM,115.33000183105467,116.8000030517578,112.5999984741211,112.94000244140624,94.04795837402344,15664500,1.88,2.07,1.9,263.877,256.036,118.6,20843.322,17.87,3.6,0.8,0.0,False,False,-0.02637918743180856,-0.026733360618453654,0.19191168387127633,0.15984941924628718,0.17212812283365903,0.1085607940446649,-0.5564526386346877,-0.6299354294766175,-0.16999999999999993,-0.18000000000000016,-0.03000000000000025,-0.08000000000000007,-0.13000000000000034,0.4285714285714286,0.01170001856591063
2019-08-02,JPM,112.4000015258789,113.43000030517578,111.4000015258789,112.93000030517578,94.03963470458984,11025500,1.85,2.06,1.86,263.877,256.036,118.6,20843.322,17.61,3.6,0.8,0.0,False,False,-8.850452022035604e-05,-8.850843697650788e-05,0.1861451025281584,0.15974827309279988,0.17164214697642607,-0.014549524342473474,-0.5657623040317453,-0.6280016656691573,-0.19999999999999996,-0.21999999999999997,-0.06000000000000005,-0.09999999999999987,-0.1499999999999999,0.4285714285714286,0.01170001856591063
2019-08-05,JPM,110.79000091552734,110.9800033569336,108.2699966430664,109.56999969482422,91.2416763305664,15855300,1.78,2.05,1.75,263.877,256.036,118.6,20843.322,24.59,3.6,0.8,0.0,False,False,-0.029752969402877527,-0.030204569189108372,0.232780411963297,0.18929369613448072,0.18099744114886832,0.3963657013060762,-0.7356759303465316,-0.6778619542962732,-0.2999999999999998,-0.31000000000000005,-0.07000000000000028,-0.29000000000000004,-0.18000000000000016,0.4285714285714286,0.01170001856591063
2019-08-06,JPM,110.0500030517578,110.5,108.33999633789062,110.43000030517578,91.9578094482422,10203500,1.8,2.05,1.73,263.877,256.036,118.6,20843.322,20.17,3.6,0.8,0.0,False,False,0.007848750115914793,0.007818108902446413,0.20971023625795224,0.19151734833475695,0.17888501502621518,-0.17974786498576645,-0.7308792376118949,-0.6650367039359868,-0.31999999999999984,-0.33000000000000007,-0.03000000000000025,-0.31999999999999984,-0.20999999999999996,0.4285714285714286,0.01170001856591063
2019-08-07,JPM,108.0,108.27999877929688,105.94000244140624,108.02999877929688,89.95927429199219,17320900,1.75,2.02,1.71,263.877,256.036,118.6,20843.322,19.49,3.6,0.8,0.0,False,False,-0.02173317490098403,-0.0219728188583122,0.2180169134094162,0.20355677147426285,0.18382400164844506,-0.03371343579573638,-0.6428686025786009,-0.6340569819508494,-0.31000000000000005,-0.31000000000000005,-0.06000000000000005,-0.3599999999999999,-0.23999999999999977,0.4285714285714286,0.01170001856591063
2019-08-08,JPM,109.0500030517578,110.08000183105467,108.72000122070312,109.86000061035156,91.48313903808594,10903300,1.79,2.02,1.72,263.877,256.036,118.6,20843.322,16.91,3.6,0.8,0.0,False,False,0.016939495767246404,0.016797622442421195,0.24993702450711056,0.21398005938970707,0.18706627434537546,-0.13237557721908666,-0.6886497368872895,-0.6471339630618852,-0.30000000000000004,-0.17999999999999994,-0.04999999999999982,-0.34999999999999987,-0.18000000000000016,0.4285714285714286,0.01170001856591063
2019-08-09,JPM,109.3499984741211,110.4499969482422,108.29000091552734,109.73999786376952,91.38323974609376,9980800,1.78,2.0,1.74,263.877,256.036,118.6,20843.322,17.97,3.6,0.8,0.0,False,False,-0.001091996766208303,-0.0010925934290858467,0.2455215276911939,0.2103199949639559,0.18707314288777346,0.06268480189237136,-0.6889272147324014,-0.6625315281358564,-0.26,-0.1200000000000001,-0.06000000000000005,-0.3899999999999999,-0.16999999999999993,0.4285714285714286,0.01170001856591063
2019-08-12,JPM,108.44000244140624,108.51000213623048,107.20999908447266,107.68000030517578,89.66780853271484,9393700,1.75,2.0,1.65,263.877,256.036,118.6,20843.322,21.09,3.6,0.8,0.0,False,False,-0.018771836259528607,-0.01895026364602735,0.2535583520094723,0.21327447172707276,0.1827036590694195,0.1736227045075125,-0.7060231178094176,-0.641769248934482,-0.3500000000000001,-0.10000000000000009,-0.04999999999999982,-0.4700000000000002,-0.14000000000000012,0.4285714285714286,0.01170001856591063
2019-08-13,JPM,107.9499969482422,110.33000183105467,107.02999877929688,109.33999633789062,91.0501480102539,12124700,1.86,2.0,1.68,263.877,256.036,118.6,20843.322,17.52,3.6,0.8,0.0,False,False,0.015416229081083532,0.015298606347180804,0.2775381548778791,0.21990416305135485,0.18461427805467864,-0.1692745376955903,-0.7437081997529164,-0.6519797783036605,-0.32000000000000006,-0.050000000000000044,-0.04999999999999982,-0.4099999999999999,-0.16000000000000014,0.4285714285714286,0.01170001856591063
2019-08-14,JPM,106.3000030517578,106.91000366210938,104.4499969482422,104.8000030517578,87.26957702636719,19491800,1.79,1.96,1.59,263.877,256.036,118.6,20843.322,22.1,3.6,0.8,0.0,True,False,-0.041521854346254994,-0.042408517326280905,0.326831499171169,0.2555336905713219,0.2030464561634194,0.26141552511415544,-0.7929810091232319,-0.7118272851283693,-0.3699999999999999,-0.11999999999999988,-0.06000000000000005,-0.5399999999999998,-0.18999999999999995,0.4285714285714286,0.01170001856591063
2019-08-15,JPM,104.81999969482422,106.37999725341795,104.33999633789062,105.1999969482422,87.6026840209961,13365600,1.72,1.91,1.52,263.877,256.036,118.6,20843.322,21.18,3.6,0.8,0.0,False,False,0.003816988760335871,0.003809722542915008,0.31932619827208114,0.2562874838265832,0.20143105888958365,-0.041628959276018174,-0.7941637740998623,-0.7084798202363312,-0.3899999999999999,-0.19999999999999996,-0.1100000000000001,-0.54,-0.2300000000000002,0.4285714285714286,0.01170001856591063
2019-08-16,JPM,106.37000274658205,107.9800033569336,105.87000274658205,107.72000122070312,89.70113372802734,11830600,1.71,1.87,1.55,263.877,256.036,118.6,20843.322,18.47,3.6,0.8,0.0,False,False,0.023954171387355006,0.023671771111267195,0.3542941148080827,0.2716914994073172,0.20708756255672472,-0.12795089707271012,-0.8040413161790061,-0.7196836340019638,-0.32000000000000006,-0.18999999999999995,-0.1299999999999999,-0.49,-0.17999999999999972,0.4285714285714286,0.01170001856591063
2019-08-19,JPM,109.62999725341795,109.75,108.41999816894533,108.69000244140624,90.50886535644533,8265400,1.75,1.94,1.6,263.877,256.036,118.6,20843.322,16.88,3.6,0.8,0.0,False,False,0.009004698099658537,0.008964397554545185,0.32908075904723677,0.27348686749532664,0.20762994841311705,-0.08608554412560909,-0.8075674834886123,-0.7247585038785719,-0.33999999999999986,-0.04999999999999982,-0.06000000000000005,-0.44999999999999973,-0.1200000000000001,0.4285714285714286,0.01170001856591063
2019-08-20,JPM,107.8499984741211,108.44000244140624,107.23999786376952,107.30999755859376,89.3597183227539,8374000,1.72,1.94,1.55,263.877,256.036,118.6,20843.322,17.5,3.6,0.8,0.0,False,False,-0.012696513531197273,-0.012777803054445628,0.33020678230412465,0.27405976470891047,0.20898321862428543,0.03672985781990534,-0.8008220290689642,-0.7253569608613301,-0.3899999999999999,-0.1299999999999999,-0.06000000000000005,-0.4999999999999998,-0.1499999999999999,0.4285714285714286,0.01170001856591063
2019-08-21,JPM,108.20999908447266,108.43000030517578,107.4499969482422,107.61000061035156,89.60954284667969,8189300,1.77,1.97,1.59,263.877,256.036,118.6,20843.322,15.8,3.6,0.8,0.0,False,False,0.0027957174509374294,0.0027918167014756405,0.31303933938235623,0.2641409648216653,0.2085023232194297,-0.09714285714285709,-0.8005468759922401,-0.7264806693430219,-0.3799999999999999,0.0,0.010000000000000009,-0.49,-0.09000000000000008,0.4285714285714286,0.01170001856591063
2019-08-22,JPM,108.37000274658205,109.2699966430664,107.93000030517578,108.72000122070312,90.53386688232422,9343400,1.79,2.0,1.62,263.877,256.036,118.6,20843.322,16.68,3.6,0.8,0.0,False,False,0.010315017868420817,0.01026218110244867,0.30459766466049215,0.2673085224247536,0.20573088722785585,0.05569620253164542,-0.7743207284840185,-0.7034288743759598,-0.3799999999999999,0.10000000000000009,0.09000000000000008,-0.4299999999999997,-0.10000000000000009,0.4285714285714286,0.01170001856591063
2019-08-23,JPM,108.0,108.77999877929688,105.11000061035156,106.0199966430664,88.2854995727539,14762300,1.73,1.97,1.52,263.877,256.036,118.6,20843.322,19.87,3.6,0.8,0.0,False,False,-0.02483454409931185,-0.025148124021747605,0.32776348291660395,0.2770727606592216,0.2108592439862525,0.19124700239808168,-0.7889027598235574,-0.7182532015603463,-0.44999999999999996,-0.030000000000000027,0.09999999999999987,-0.56,-0.13000000000000012,0.4285714285714286,0.01170001856591063
2019-08-26,JPM,106.62000274658205,106.98999786376952,106.01000213623048,106.87000274658205,88.99330139160156,8209500,1.75,2.01,1.54,263.877,256.036,118.6,20843.322,19.32,3.6,0.8,0.0,False,False,0.008017192203396695,0.007985225261067088,0.3198898829291463,0.27874326873792654,0.21042934420487153,-0.02767991947659787,-0.7875550830924931,-0.715401684468524,-0.46999999999999975,-0.06000000000000005,0.06999999999999984,-0.54,-0.11000000000000032,0.4285714285714286,0.01170001856591063
2019-08-27,JPM,107.3499984741211,107.55999755859376,104.83999633789062,105.73999786376952,88.05233001708984,14331800,1.77,1.98,1.49,263.877,256.036,118.6,20843.322,20.31,3.6,0.8,0.0,False,False,-0.010573507891016631,-0.010629804613115228,0.30977614308611745,0.2796627638308558,0.21141487682202065,0.05124223602484457,-0.7877669771292667,-0.7164229630200233,-0.49,-0.06000000000000005,0.040000000000000036,-0.5700000000000001,-0.14000000000000012,0.4285714285714286,0.01170001856591063
2019-08-28,JPM,105.08000183105467,107.20999908447266,105.04000091552734,106.8000030517578,88.93502807617188,10585500,1.74,1.99,1.47,263.877,256.036,118.6,20843.322,19.35,3.6,0.8,0.0,False,False,0.01002469848226295,0.0099747844970099,0.22478302467029296,0.283990974221354,0.21129129775036726,-0.047267355982274606,-0.7954193986938031,-0.7283706071343231,-0.52,-0.1200000000000001,0.020000000000000018,-0.5900000000000001,-0.09000000000000008,0.4285714285714286,0.01170001856591063
2019-08-29,JPM,108.13999938964844,109.88999938964844,108.0199966430664,109.22000122070312,90.95021057128906,10002200,1.75,1.99,1.5,263.877,256.036,118.6,20843.322,17.88,3.6,0.8,0.0,False,False,0.022659041535256552,0.022406138683213075,0.24746919931655595,0.2973138905319567,0.2148542703025051,-0.07596899224806208,-0.8288942222480213,-0.7278731781861733,-0.49,-0.1200000000000001,-0.010000000000000009,-0.52,-0.09000000000000008,0.4285714285714286,0.01170001856591063
2019-08-30,JPM,109.83999633789062,110.55999755859376,109.47000122070312,109.86000061035156,91.48313903808594,10170300,1.76,1.99,1.5,263.877,256.036,118.6,20843.322,18.98,3.6,0.8,0.0,False,False,0.005859562759111592,0.005842462289580133,0.2221734167071687,0.2855492092982598,0.21495456566676507,0.06152125279642062,-0.818104822007755,-0.721838180852137,-0.49,-0.020000000000000018,0.020000000000000018,-0.3999999999999999,-0.07999999999999985,0.4285714285714286,0.01170001856591063
2019-09-03,JPM,108.9800033569336,108.98999786376952,107.31999969482422,108.55999755859376,90.40062713623048,9868800,1.72,1.98,1.47,263.877,256.036,118.6,20843.322,19.66,3.6,0.8,0.0,False,False,-0.011832911651673772,-0.011903477771601967,0.22838084260775787,0.2878329414228783,0.20768600058549616,0.035827186512118026,-0.8153503644793244,-0.7175996611947888,-0.51,-0.07000000000000006,-0.029999999999999805,-0.3900000000000001,-0.08000000000000007,0.4285714285714286,0.01170001856591063
2019-09-04,JPM,109.4499969482422,110.22000122070312,108.55999755859376,109.87000274658205,91.4914779663086,6929200,1.69,1.97,1.47,263.877,256.036,118.6,20843.322,17.33,3.6,0.8,0.0,False,False,0.012066850249105476,0.011994626241973989,0.2237460389938895,0.2722047188398567,0.20896549207797477,-0.11851475076297058,-0.8096433985141469,-0.7220843681437649,-0.5,-0.020000000000000018,-0.010000000000000009,-0.28,-0.07999999999999985,0.4285714285714286,0.01170001856591063
2019-09-05,JPM,111.25,113.72000122070312,111.1999969482422,112.37000274658205,93.57329559326172,13224700,1.73,1.97,1.57,263.877,256.036,118.6,20843.322,16.27,3.6,0.8,0.0,False,False,0.02275422447235731,0.022499208322245237,0.24561906456283966,0.28200367876058746,0.21369579026453756,-0.06116560877091737,-0.8189679888052364,-0.7214532374271093,-0.3999999999999999,0.10000000000000009,-0.020000000000000018,-0.15999999999999992,-0.07999999999999985,0.4285714285714286,0.01170001856591063
2019-09-06,JPM,112.66000366210938,112.9800033569336,111.95999908447266,112.61000061035156,93.77313232421876,7836600,1.73,1.96,1.55,263.877,256.036,118.6,20843.322,15.0,3.6,0.8,0.0,False,False,0.0021356171083861675,0.002133339919728382,0.2435009438601238,0.26953226119415885,0.21245436699071749,-0.07805777504609712,-0.8678292452629095,-0.7204688071906641,-0.4099999999999999,0.050000000000000044,-0.030000000000000027,-0.15999999999999992,-0.06000000000000005,0.4285714285714286,0.01170001856591063
2019-09-09,JPM,113.70999908447266,116.05999755859376,113.5999984741211,115.4000015258789,96.09646606445312,13985100,1.74,1.96,1.63,263.877,256.036,118.6,20843.322,15.27,3.6,0.8,0.0,False,False,0.024776113185613458,0.024474162571526344,0.20418810939415788,0.27608292785104643,0.21684523612643647,0.018000000000000016,-0.8126850927156283,-0.6982076732975798,-0.33000000000000007,0.1299999999999999,-0.030000000000000027,-0.09000000000000008,-0.06000000000000005,0.4285714285714286,0.01170001856591063
2019-09-10,JPM,116.3000030517578,117.2699966430664,115.7300033569336,116.87000274658205,97.3205795288086,14333100,1.81,1.95,1.72,263.877,256.036,118.6,20843.322,15.2,3.6,0.8,0.0,False,False,0.012738381695893475,0.01265793099920662,0.20521731766094983,0.27802933732595836,0.21809294790041697,-0.004584151931892655,-0.8082577769382165,-0.6953005234779079,-0.22999999999999998,0.25,-0.030000000000000027,-0.020000000000000018,-0.050000000000000044,0.4285714285714286,0.01170001856591063
2019-09-11,JPM,116.88999938964844,117.1999969482422,115.37999725341795,117.19000244140624,97.58700561523438,9919200,1.79,1.96,1.75,263.877,256.036,118.6,20843.322,14.61,3.6,0.8,0.0,False,False,0.002737613028156227,0.002733872590635479,0.17878895962469107,0.26636360394519,0.21630483944248985,-0.03881578947368425,-0.7859775748677182,-0.7022720990859442,-0.20999999999999996,0.28,-0.010000000000000009,0.10000000000000009,-0.040000000000000036,0.4285714285714286,0.01170001856591063
2019-09-12,JPM,116.5500030517578,118.47000122070312,115.91999816894533,117.91000366210938,98.18659973144533,12283500,1.82,1.95,1.79,263.877,256.036,118.6,20843.322,14.22,3.6,0.8,0.0,False,False,0.006144200372076414,0.006125401735399793,0.1800138175643504,0.26335235863937617,0.21651400705369933,-0.026694045174537884,-0.7909557672979256,-0.7027434963761163,-0.15999999999999992,0.21999999999999997,-0.020000000000000018,0.1100000000000001,-0.050000000000000044,0.4285714285714286,0.01170001856591063
2019-09-13,JPM,119.0,120.4000015258789,118.75,120.2300033569336,100.1185073852539,16257200,1.88,1.96,1.9,263.877,256.036,118.6,20843.322,13.74,3.6,0.8,0.0,False,False,0.019675878980356165,0.019484811092426717,0.17485281593226754,0.2087445618127872,0.21954538496545933,-0.03375527426160341,-0.644839827693807,-0.7004421099002947,-0.06000000000000005,0.34999999999999987,0.0,0.30999999999999983,0.0,0.4285714285714286,0.01170001856591063
2019-09-16,JPM,118.9000015258789,119.87000274658205,118.37999725341795,119.16000366210938,99.2275161743164,11993900,1.86,1.99,1.84,263.877,256.036,118.6,20843.322,14.67,3.6,0.8,0.0,False,False,-0.008899365703775253,-0.008939201577524146,0.19797358403512041,0.21541139811422477,0.2201040454040928,0.06768558951965065,-0.6719062165483046,-0.7042089043085142,-0.1499999999999999,0.2100000000000002,0.030000000000000027,0.32000000000000006,0.08000000000000007,0.4285714285714286,0.01170001856591063
2019-09-17,JPM,118.41999816894533,118.61000061035156,117.23999786376952,118.56999969482422,98.73619842529295,10735400,1.87,1.99,1.81,263.877,256.036,118.6,20843.322,14.44,3.6,0.8,0.0,False,False,-0.004951426458769115,-0.0049637253857081984,0.18061885667049604,0.20842692737149623,0.21909466266024347,-0.015678254942058656,-0.6226706003585507,-0.7034333861641064,-0.17999999999999994,0.09000000000000008,0.040000000000000036,0.26,0.11999999999999988,0.4285714285714286,0.01170001856591063
2019-09-18,JPM,118.31999969482422,120.08000183105467,117.75,119.76000213623048,99.7271728515625,10665600,1.87,1.95,1.8,263.877,256.036,118.6,20843.322,13.95,3.6,0.8,0.0,False,False,0.010036586804781145,0.009986554756263834,0.17991052873119306,0.20872833151695758,0.21910409880917084,-0.03393351800554023,-0.6278307766699507,-0.7146611435188722,-0.1499999999999999,0.050000000000000044,-0.010000000000000009,0.19999999999999996,0.010000000000000009,0.4285714285714286,0.01170001856591063
2019-09-19,JPM,119.6999969482422,120.33999633789062,119.08999633789062,119.37999725341795,99.41071319580078,9382600,1.88,1.93,1.79,263.877,256.036,118.6,20843.322,14.05,3.6,0.8,0.0,False,False,-0.003173254056171304,-0.003178299503308175,0.17036563982820566,0.2011591517687186,0.21928935987023243,0.007168458781362075,-0.6198341529506275,-0.7149414119435549,-0.1399999999999999,0.0,-0.020000000000000018,0.24,-0.010000000000000009,0.4285714285714286,0.01170001856591063
2019-09-20,JPM,119.73999786376952,120.33999633789062,118.87000274658205,118.9000015258789,99.010986328125,21862800,1.84,1.91,1.74,263.877,256.036,118.6,20843.322,15.32,3.6,0.8,0.0,False,False,-0.0040209636851560315,-0.0040290694957111645,0.17701288210731247,0.20350888931674896,0.2189342624992553,0.090391459074733,-0.6709365951483879,-0.7142311869665657,-0.16999999999999993,-0.15999999999999992,-0.050000000000000044,0.1499999999999999,-0.06000000000000005,0.4285714285714286,0.01170001856591063
2019-09-23,JPM,117.77999877929688,119.12000274658205,117.68000030517578,118.87999725341795,98.99434661865234,9135100,1.81,1.94,1.72,263.877,256.036,118.6,20843.322,14.91,3.6,0.8,0.0,False,False,-0.00016805922342311153,-0.00016807334695681587,0.14269883520457824,0.20315696721843016,0.21826623830905695,-0.026762402088772896,-0.6924909838299119,-0.7167176671137451,-0.21999999999999997,-0.1200000000000001,-0.050000000000000044,0.09999999999999987,-0.06000000000000005,0.4285714285714286,0.01170001856591063
2019-09-24,JPM,118.75,119.26000213623048,117.04000091552734,117.33000183105467,97.70362854003906,11696500,1.78,1.92,1.64,263.877,256.036,118.6,20843.322,17.05,3.6,0.8,0.0,False,False,-0.013038300900004018,-0.01312404567141488,0.15207822322194248,0.18465801810520663,0.21935750565510923,0.14352783366867872,-0.6204199891365664,-0.720804563858208,-0.28,-0.17000000000000015,-0.07000000000000006,0.11999999999999988,-0.050000000000000044,0.4285714285714286,0.01170001856591063
2019-09-25,JPM,117.2699966430664,118.36000061035156,117.12000274658205,118.0,98.26155090332033,9389400,1.82,1.89,1.73,263.877,256.036,118.6,20843.322,15.96,3.6,0.8,0.0,False,False,0.005710354585783062,0.005694112314453127,0.15406718648064305,0.18433453042053558,0.21927309613322707,-0.06392961876832848,-0.6092790547625992,-0.7211490962700184,-0.15999999999999992,-0.07000000000000006,-0.06000000000000005,0.18999999999999995,-0.11999999999999988,0.4285714285714286,0.01170001856591063
2019-09-26,JPM,117.87999725341795,118.0500030517578,116.9499969482422,117.02999877929688,97.45380401611328,9899200,1.79,1.83,1.7,263.877,256.036,118.6,20843.322,16.07,3.6,0.8,0.0,False,False,-0.008220375923048362,-0.008254349525164307,0.156746965133755,0.18201156107128713,0.2200919347573889,0.006892230576441172,-0.5799738021141526,-0.71853235864753,-0.13000000000000012,-0.09000000000000008,-0.09999999999999987,0.20999999999999996,-0.1499999999999999,0.4285714285714286,0.01170001856591063
2019-09-27,JPM,117.95999908447266,118.63999938964844,117.27999877929688,117.72000122070312,98.02838897705078,10207800,1.74,1.8,1.69,263.877,256.036,118.6,20843.322,17.22,3.6,0.8,0.0,False,False,0.005895972627630863,0.005878659399897761,0.11754863532141023,0.18110376821176002,0.21410591101795742,0.07156191661481004,-0.5469529606330201,-0.717878870377771,-0.1100000000000001,-0.050000000000000044,-0.10999999999999988,0.21999999999999997,-0.18999999999999995,0.4285714285714286,0.01170001856591063
2019-09-30,JPM,118.36000061035156,118.7699966430664,117.22000122070312,117.69000244140624,98.00338745117188,9755000,1.75,1.88,1.68,263.877,256.036,118.6,20843.322,16.24,3.6,0.8,0.0,False,False,-0.0002550437290645968,-0.0002550762582474914,0.11134125347245888,0.169743765726386,0.21170960269659153,-0.05691056910569103,-0.47638724465434784,-0.7115180868190558,-0.19999999999999996,-0.040000000000000036,-0.06000000000000005,0.17999999999999994,-0.1100000000000001,0.4285714285714286,0.0
2019-10-01,JPM,118.4000015258789,119.0,115.41000366210938,115.5500030517578,96.22135162353516,11250300,1.73,1.82,1.65,264.97,257.155,118.8,20985.448,18.56,3.6,0.8,0.0,False,False,-0.018183410532871425,-0.018350760508547427,0.1403695727820525,0.18558853955713112,0.21509377601123547,0.1428571428571428,-0.594039967400947,-0.7243621324369246,-0.17000000000000015,0.010000000000000009,-0.09999999999999987,0.1499999999999999,-0.16999999999999993,0.4285714285714286,0.006818778695641736
2019-10-02,JPM,114.80999755859376,114.9000015258789,112.93000030517578,113.25,94.3061065673828,12548700,1.67,1.79,1.6,264.97,257.155,118.8,20985.448,20.56,3.6,0.8,0.0,False,False,-0.019904574440460232,-0.02010533903802569,0.1461035058576954,0.19546775861552707,0.21892732493529057,0.10775862068965525,-0.6410245902979809,-0.7310069814165868,-0.18999999999999995,-0.1299999999999999,-0.09999999999999987,0.13000000000000012,-0.18999999999999995,0.4285714285714286,0.006818778695641736
2019-10-03,JPM,112.2699966430664,112.91000366210938,110.5199966430664,112.19000244140624,94.17179870605467,12735200,1.58,1.7,1.54,264.97,257.155,118.8,20985.448,19.12,3.6,0.9,0.125,False,False,-0.0014241692952530194,-0.0014251843882344293,0.147174643249141,0.19233697486699702,0.21862076757688298,-0.07003891050583644,-0.5932577619595211,-0.730925607286359,-0.15999999999999992,-0.15999999999999992,-0.13000000000000012,0.07000000000000006,-0.27,0.607142857142857,0.006818778695641736
2019-10-04,JPM,112.33999633789062,114.94000244140624,112.2699966430664,114.62000274658205,96.2115249633789,9453100,1.58,1.71,1.52,264.97,257.155,118.8,20985.448,17.04,3.6,0.9,0.125,False,False,0.02165962937259991,0.02142839264342213,0.1999157540550026,0.190885421656094,0.22249714140402324,-0.10878661087866115,-0.6237251963681552,-0.7371139610329015,-0.18999999999999995,-0.16999999999999993,-0.09000000000000008,-0.050000000000000044,-0.26,0.607142857142857,0.006818778695641736
2019-10-07,JPM,114.19000244140624,115.5,114.06999969482422,114.37000274658205,96.00167083740234,6771600,1.64,1.75,1.56,264.97,257.155,118.8,20985.448,17.86,3.6,0.9,0.125,False,False,-0.002181174511644457,-0.0021835567374334005,0.19940893633669463,0.19124023442165616,0.22241372616138988,0.0481220657276995,-0.643952053128499,-0.7376652349654885,-0.18999999999999995,-0.11999999999999988,-0.1299999999999999,0.010000000000000009,-0.20999999999999996,0.125,0.006818778695641736
2019-10-08,JPM,113.05999755859376,113.05999755859376,111.66000366210938,111.81999969482422,93.86122131347656,10806300,1.62,1.72,1.54,264.97,257.155,118.8,20985.448,20.28,3.6,0.9,0.125,False,False,-0.022295961156249544,-0.022548273514790607,0.21750478145366645,0.18822969213126733,0.22697543126877634,0.1354983202687572,-0.7706254761899176,-0.7524786761629001,-0.17999999999999994,-0.10999999999999988,-0.10000000000000009,-0.08999999999999986,-0.24,0.125,0.006818778695641736
2019-10-09,JPM,112.66999816894533,113.16000366210938,112.06999969482422,112.62999725341795,94.54112243652344,7273700,1.59,1.69,1.59,264.97,257.155,118.8,20985.448,18.64,3.6,0.9,0.125,False,False,0.007243685022765067,0.00721757554647426,0.21953335982919853,0.1841102246780848,0.22662919561728595,-0.0808678500986193,-0.7893394671001255,-0.7542757899354999,-0.09999999999999987,-0.010000000000000009,-0.10000000000000009,-0.1299999999999999,-0.26,0.125,0.006818778695641736
2019-10-10,JPM,113.13999938964844,115.4000015258789,113.0,114.20999908447266,95.86736297607422,10994100,1.63,1.68,1.67,264.97,257.155,118.8,20985.448,17.57,3.6,0.9,0.125,False,False,0.014028186945223231,0.013930702558994666,0.23481505176050202,0.19121117685510977,0.2273898551221586,-0.05740343347639487,-0.797769682145211,-0.7550502731207949,-0.010000000000000009,0.1299999999999999,-0.020000000000000018,-0.08000000000000007,-0.28,0.125,0.006818778695641736
2019-10-11,JPM,116.02999877929688,117.98999786376952,115.87000274658205,116.13999938964844,97.4874267578125,15076500,1.67,1.68,1.76,264.97,257.155,118.8,20985.448,15.58,3.6,0.9,0.125,False,False,0.01689901267173277,0.01675781289475947,0.25040382409663103,0.19946515879231108,0.2284567210357862,-0.11326124075128063,-0.8160576377401817,-0.7632339456428442,0.08000000000000007,0.24,-0.030000000000000027,-0.030000000000000027,-0.27,0.125,0.006818778695641736
2019-10-14,JPM,115.8499984741211,116.87000274658205,115.66000366210938,116.4499969482422,97.74762725830078,8779000,1.66,1.6749999999999998,1.7650000000000001,264.97,257.155,118.8,20985.448,14.57,3.6,0.9,0.125,False,False,0.002669067275051784,0.002665511640405899,0.25092989828877044,0.18648917931156359,0.22756137334391924,-0.06482670089858789,-0.8334729172350487,-0.7657296529859388,0.0900000000000003,0.20500000000000007,-0.07500000000000018,-0.1349999999999998,-0.28500000000000014,0.125,0.006818778695641736
2019-10-15,JPM,118.8499984741211,121.58999633789062,117.87000274658205,119.95999908447266,100.69390106201172,23379000,1.65,1.67,1.77,264.97,257.155,118.8,20985.448,13.54,3.6,0.9,0.125,False,False,0.030141640123144242,0.029696307469931467,0.2691995883341103,0.2123638736510425,0.23403575747317534,-0.07069320521619771,-0.7992461682828121,-0.7589470340449931,0.10000000000000009,0.22999999999999998,-0.050000000000000044,-0.07000000000000006,-0.32000000000000006,0.125,0.006818778695641736
2019-10-16,JPM,119.95999908447266,120.62000274658205,119.37999725341795,119.68000030517578,100.4588623046875,11087700,1.59,1.66,1.75,264.97,257.155,118.8,20985.448,13.68,3.6,0.9,0.125,False,False,-0.0023341905998802703,-0.002336919069430787,0.2364280297528337,0.2116752179240075,0.23390130264195919,0.010339734121122657,-0.8077511234276914,-0.7583498885023113,0.09000000000000008,0.15999999999999992,-0.030000000000000027,-0.06000000000000005,-0.33000000000000007,0.125,0.006818778695641736
2019-10-17,JPM,120.75,121.56999969482422,119.87999725341795,120.3499984741211,101.02127075195312,10818500,1.59,1.66,1.76,264.97,257.155,118.8,20985.448,13.79,3.6,0.9,0.125,False,False,0.005598395545829193,0.005582782773364838,0.23258582247204146,0.2098148295413218,0.2330686700487586,0.008040935672514626,-0.8023504456277673,-0.7559372403127743,0.10000000000000009,0.09000000000000008,-0.020000000000000018,-0.040000000000000036,-0.29000000000000004,0.125,0.006818778695641736
2019-10-18,JPM,120.0,121.0199966430664,119.86000061035156,120.55999755859376,101.19754791259766,10417400,1.58,1.66,1.76,264.97,257.155,118.8,20985.448,14.25,3.6,0.9,0.125,False,False,0.0017449509329312551,0.001743430274777669,0.21904118795117591,0.20938624704261086,0.23281940756094222,0.033357505438723845,-0.7997047062564023,-0.7548817771540803,0.10000000000000009,0.0,-0.020000000000000018,-0.030000000000000027,-0.27,0.125,0.006818778695641736
2019-10-21,JPM,122.0500030517578,123.7699966430664,121.98999786376952,123.5500030517578,103.70732879638672,12714600,1.59,1.67,1.8,264.97,257.155,118.8,20985.448,14.0,3.6,0.9,0.125,False,False,0.0248008072879069,0.024498259351742754,0.23474958829349712,0.22383477154857115,0.2350654915773574,-0.01754385964912286,-0.7651976790868736,-0.7426996535143882,0.13000000000000012,0.03499999999999992,-0.004999999999999893,0.06000000000000005,-0.24,0.125,0.006818778695641736
2019-10-22,JPM,123.4499969482422,125.0999984741211,123.12000274658205,124.79000091552734,104.74818420410156,12549100,1.59,1.65,1.78,264.97,257.155,118.8,20985.448,14.46,3.6,0.9,0.125,False,False,0.010036469165630502,0.009986438286069557,0.1631972806897951,0.22523691804217416,0.2356705145090379,0.03285714285714292,-0.752450385989747,-0.7379640066451665,0.13000000000000012,0.010000000000000009,-0.020000000000000018,0.06000000000000005,-0.29000000000000004,0.125,0.006818778695641736
2019-10-23,JPM,124.1999969482422,125.1500015258789,124.16999816894533,125.12000274658205,105.02519989013672,8828300,1.58,1.65,1.77,264.97,257.155,118.8,20985.448,14.01,3.6,0.9,0.125,False,False,0.0026445869982374415,0.002641096231112304,0.16770182229678043,0.21778749747198423,0.2346593788536018,-0.03112033195020758,-0.7303779739649358,-0.7365808585824465,0.1200000000000001,0.020000000000000018,-0.010000000000000009,0.13000000000000012,-0.27,0.125,0.006818778695641736
2019-10-24,JPM,125.29000091552734,125.66000366210938,124.06999969482422,125.02999877929688,104.94963073730467,8020500,1.59,1.67,1.77,264.97,257.155,118.8,20985.448,13.71,3.6,0.9,0.125,False,False,-0.0007195335301536376,-0.0007197925186455332,0.17530454065213075,0.21808458335914493,0.23461399240340425,-0.021413276231263323,-0.7296775588136821,-0.7354892820246954,0.10000000000000009,0.010000000000000009,0.010000000000000009,0.040000000000000036,-0.21999999999999997,0.125,0.006818778695641736
2019-10-25,JPM,125.0,126.6500015258789,124.75,126.02999877929688,105.78900909423828,9055700,1.6,1.66,1.8,264.97,257.155,118.8,20985.448,12.65,3.6,0.9,0.125,False,False,0.007997916248363213,0.0079661024331148,0.16995704732723252,0.21462156624989104,0.23480981014505997,-0.07731582786287383,-0.7335205118654978,-0.7357309189791312,0.14000000000000012,0.040000000000000036,0.0,0.10000000000000009,-0.17000000000000015,0.125,0.006818778695641736
2019-10-28,JPM,126.56999969482422,127.20999908447266,126.4000015258789,126.51000213623048,106.19195556640624,9522200,1.6,1.65,1.85,264.97,257.155,118.8,20985.448,13.11,3.6,0.9,0.125,False,False,0.0038089634794575833,0.0038017277460063734,0.16901935669823534,0.21450183951641538,0.23473294739333997,0.036363636363636376,-0.756167349032133,-0.7350927261397745,0.20000000000000018,0.050000000000000044,-0.020000000000000018,0.16000000000000014,-0.15000000000000013,0.125,0.006818778695641736
2019-10-29,JPM,126.05999755859376,127.41999816894533,125.94000244140624,126.43000030517578,106.12478637695312,9797300,1.59,1.63,1.84,264.97,257.155,118.8,20985.448,13.2,3.6,0.9,0.125,False,False,-0.0006325261560053974,-0.000632726285070108,0.1240316628080202,0.21459596577515858,0.2347381859129135,0.006864988558352492,-0.7761908951688318,-0.7519368369794062,0.2100000000000002,0.06000000000000005,-0.020000000000000018,0.16000000000000014,-0.25,0.125,0.006818778695641736
2019-10-30,JPM,126.0500030517578,126.26000213623048,124.91999816894533,125.7300033569336,105.5372085571289,8513700,1.59,1.62,1.78,264.97,257.155,118.8,20985.448,12.33,3.6,0.9,0.125,False,False,-0.005536669046731002,-0.005552053209754472,0.13042584566145027,0.20217751286106841,0.2281149759731813,-0.0659090909090908,-0.6820777231170981,-0.7383742516386899,0.15999999999999992,0.010000000000000009,-0.029999999999999805,0.13000000000000012,-0.19999999999999996,0.125,0.006818778695641736
2019-10-31,JPM,125.48999786376952,125.7300033569336,123.86000061035156,124.91999816894533,104.85729217529295,11589100,1.53,1.54,1.69,264.97,257.155,118.8,20985.448,13.22,3.6,0.9,0.125,False,False,-0.006442432873974502,-0.006463274908471812,0.142226180464549,0.18623740372608635,0.22868840274317737,0.0721816707218168,-0.6346870611005493,-0.7405501782042725,0.1499999999999999,-0.08000000000000007,-0.1299999999999999,0.08999999999999986,-0.25,0.125,0.006818778695641736
2019-11-01,JPM,126.1999969482422,127.98999786376952,126.0199966430664,127.8000030517578,107.27474975585938,11682600,1.53,1.52,1.73,265.548,257.879,118.6,20985.448,12.3,3.6,0.9,0.125,False,False,0.023054739736413143,0.02279299456668427,0.17045796255634277,0.19434683782012485,0.22310549427888457,-0.06959152798789714,-0.6867693156763813,-0.723774138565313,0.20999999999999996,-0.07000000000000006,-0.1399999999999999,0.18999999999999995,-0.17999999999999994,0.125,0.006818778695641736
2019-11-04,JPM,129.0800018310547,129.4199981689453,128.55999755859375,128.82000732421875,108.13095092773438,9159900,1.56,1.53,1.79,265.548,257.879,118.6,20985.448,12.83,3.6,0.9,0.125,False,False,0.007981385869681112,0.007949703079544946,0.13659634678950577,0.18649248328573367,0.22311823189935664,0.04308943089430883,-0.6324557183452278,-0.7304010181257433,0.26,-0.06000000000000005,-0.11999999999999988,0.27,-0.17999999999999994,0.125,0.006818778695641736
2019-11-05,JPM,129.38999938964844,130.3000030517578,128.83999633789062,129.10000610351562,108.36599731445312,13747600,1.62,1.56,1.86,265.548,257.879,118.6,20985.448,13.1,3.6,0.9,0.125,False,False,0.0021737197786768636,0.002171360667917346,0.13287288889447116,0.18481624614602662,0.2174768948788044,0.02104442712392829,-0.6238278707396432,-0.7600765715753692,0.30000000000000004,0.020000000000000018,-0.06999999999999984,0.30000000000000004,-0.18999999999999995,0.125,0.006818778695641736
2019-11-06,JPM,128.69000244140625,129.83999633789062,128.5800018310547,129.3000030517578,108.53385162353516,11231100,1.58,1.56,1.81,265.548,257.879,118.6,20985.448,12.62,3.6,0.9,0.125,False,False,0.001548957359705394,0.0015477589626053676,0.13315974984230644,0.1546921511697343,0.21566268735793484,-0.036641221374045796,-0.444381064575067,-0.7537302986908904,0.25,0.030000000000000027,-0.06000000000000005,0.27,-0.15999999999999992,0.125,0.006818778695641736
2019-11-07,JPM,130.42999267578125,131.2899932861328,129.9199981689453,130.0,109.12144470214844,13528900,1.58,1.56,1.92,265.548,257.879,118.6,20985.448,12.73,3.6,0.9,0.125,False,False,0.005413915288397186,0.005399312729988559,0.13153846470766625,0.1547757588524108,0.21558792064625135,0.008716323296355188,-0.4602626431742861,-0.7535658420900418,0.3599999999999999,0.22999999999999998,0.020000000000000018,0.32999999999999985,-0.1299999999999999,0.125,0.006818778695641736
2019-11-08,JPM,129.8800048828125,130.39999389648438,129.25,130.3800048828125,109.44039154052734,9293400,1.58,1.55,1.94,265.548,257.879,118.6,20985.448,12.07,3.6,0.9,0.125,False,False,0.002922861214397221,0.0029185979608033577,0.12959371297695782,0.1531019477431549,0.21100169982953748,-0.05184603299293011,-0.4222802467693426,-0.7386771420239067,0.3899999999999999,0.20999999999999996,0.030000000000000027,0.27,-0.1299999999999999,0.125,0.006818778695641736
2019-11-11,JPM,129.60000610351562,130.10000610351562,129.35000610351562,129.9199981689453,109.05426788330078,8679000,1.58,1.57,1.93,265.548,257.879,118.6,20985.448,12.69,3.6,0.9,0.125,False,False,-0.0035281640698769934,-0.0035344027190366747,0.13410066856680547,0.15177790931987917,0.20995845810132568,0.05136702568351281,-0.39840872708545977,-0.7398702333509017,0.3599999999999999,0.1399999999999999,0.040000000000000036,0.16999999999999993,-0.10999999999999988,0.125,0.006818778695641736
2019-11-12,JPM,129.6300048828125,130.6199951171875,129.00999450683594,129.16000366210938,108.41633605957033,9099000,1.58,1.59,1.92,265.548,257.879,118.6,20985.448,12.68,3.6,0.9,0.125,False,False,-0.005849673159175284,-0.005866849514006243,0.14013716010295654,0.15647690680046553,0.18967230774895033,-0.0007880220646178104,-0.4269895483222287,-0.6773658420765848,0.32999999999999985,0.05999999999999983,0.030000000000000027,0.1549999999999998,-0.08499999999999974,0.125,0.006818778695641736
2019-11-13,JPM,128.1300048828125,128.82000732421875,127.41999816894533,128.47999572753906,107.84555053710938,8023300,1.57,1.57,1.88,265.548,257.879,118.6,20985.448,13.0,3.6,0.9,0.125,False,False,-0.005264755692789058,-0.005278663354143953,0.1397232962648562,0.13167480871102386,0.19047037975203363,0.025236593059936974,-0.3245859636837259,-0.67980752450204,0.30999999999999983,0.06999999999999984,0.010000000000000009,0.10999999999999988,-0.09999999999999987,0.125,0.006818778695641736
2019-11-14,JPM,127.72000122070312,128.83999633789062,127.58999633789062,128.60000610351562,107.94628143310548,8483400,1.55,1.57,1.82,265.548,257.879,118.6,20985.448,13.05,3.6,0.9,0.125,False,False,0.0009340292250763493,0.0009335932912085648,0.13163547201622167,0.13040215343591227,0.18596108496435038,0.0038461538461538325,-0.3205172228427601,-0.6633041917179868,0.25,-0.09999999999999987,0.010000000000000009,0.07000000000000006,-0.08999999999999986,0.125,0.006818778695641736
2019-11-15,JPM,129.22999572753906,129.52999877929688,128.39999389648438,129.52999877929688,108.72691345214844,10163600,1.54,1.57,1.84,265.548,257.879,118.6,20985.448,12.05,3.6,0.9,0.125,False,False,0.007231671241280546,0.007205648092065541,0.07803279338522287,0.13086117903471256,0.18576262192870116,-0.07662835249042144,-0.337809233387039,-0.6619381027513951,0.27,-0.09999999999999987,0.020000000000000018,0.08000000000000007,-0.08999999999999986,0.125,0.006818778695641736
2019-11-18,JPM,129.55999755859375,130.64999389648438,128.99000549316406,130.6199951171875,109.641845703125,8749300,1.54,1.57,1.81,265.548,257.879,118.6,20985.448,12.46,3.6,0.9,0.125,False,False,0.008414956535846452,0.008379748169123019,0.07907493103582902,0.13175473677903254,0.18330302721099528,0.03402489626556027,-0.30068972550863216,-0.6540014150420559,0.24,-0.11999999999999988,0.0,0.050000000000000044,-0.08999999999999986,0.125,0.006818778695641736
2019-11-19,JPM,130.99000549316406,131.25,130.17999267578125,130.5800018310547,109.60829162597656,8824500,1.54,1.57,1.79,265.548,257.879,118.6,20985.448,12.86,3.6,0.9,0.125,False,False,-0.0003060334941760168,-0.0003060803319819976,0.07936485487998998,0.10869582609264244,0.1834389427873875,0.0321027287319422,-0.3351812512858862,-0.6662692421944127,0.21999999999999997,-0.1299999999999999,-0.020000000000000018,-0.010000000000000009,-0.09999999999999987,0.125,0.006818778695641736
2019-11-20,JPM,130.3000030517578,130.6199951171875,128.94000244140625,129.6300048828125,108.81085968017578,11782800,1.54,1.57,1.73,265.548,257.879,118.6,20985.448,12.78,3.6,0.9,0.125,False,False,-0.007275288520342094,-0.007301882496273406,0.0898343134336174,0.1104479712101967,0.18405206820888756,-0.0062208398133748455,-0.3775729365826346,-0.6755639065285912,0.15999999999999992,-0.1499999999999999,0.0,-0.050000000000000044,-0.07999999999999985,0.125,0.006818778695641736
2019-11-21,JPM,130.0,130.72000122070312,129.38999938964844,129.92999267578125,109.06269073486328,7705500,1.55,1.58,1.77,265.548,257.879,118.6,20985.448,13.13,3.6,0.9,0.125,False,False,0.002314392657384534,0.00231171857581998,0.08614491134674537,0.11042270792948224,0.1750033500002087,0.027386541471048576,-0.3708218749390644,-0.6349316373112049,0.18999999999999995,-0.050000000000000044,0.010000000000000009,0.0,-0.06999999999999984,0.125,0.006818778695641736
2019-11-22,JPM,130.14999389648438,131.22000122070312,130.10000610351562,130.7899932861328,109.7845458984375,8167900,1.56,1.58,1.77,265.548,257.879,118.6,20985.448,12.34,3.6,0.9,0.125,False,False,0.006618717718317457,0.006596910178612244,0.09151056708742254,0.1112279755647479,0.17487602414285153,-0.06016755521706019,-0.40336822752672724,-0.6337144970561402,0.18999999999999995,-0.07000000000000006,0.010000000000000009,0.0,-0.08999999999999986,0.125,0.006818778695641736
2019-11-25,JPM,131.25,132.07000732421875,130.8699951171875,131.49000549316406,110.37212371826172,10068500,1.58,1.61,1.76,265.548,257.879,118.6,20985.448,11.87,3.6,0.9,0.125,False,False,0.005352099560240298,0.005337827974706363,0.0919009940531496,0.10985896436122185,0.17259529332170162,-0.038087520259319385,-0.37759254825695054,-0.6271962419215013,0.1499999999999999,-0.050000000000000044,0.040000000000000036,-0.040000000000000036,-0.04999999999999982,0.125,0.006818778695641736
2019-11-26,JPM,131.82000732421875,131.82000732421875,130.36000061035156,131.6699981689453,110.5232391357422,10490700,1.59,1.6,1.74,265.548,257.879,118.6,20985.448,11.54,3.6,0.9,0.125,False,False,0.0013691447839332405,0.0013682083598495379,0.08307346643175402,0.10968484844617944,0.1721582345270267,-0.02780117944397642,-0.3926589627819933,-0.6229188789770517,0.1399999999999999,-0.050000000000000044,0.030000000000000027,-0.1100000000000001,-0.04999999999999982,0.125,0.006818778695641736
2019-11-27,JPM,132.2899932861328,132.42999267578125,131.64999389648438,132.05999755859375,110.85055541992188,6607900,1.6,1.62,1.77,265.548,257.879,118.6,20985.448,11.75,3.6,0.9,0.125,False,False,0.002961515485242705,0.002957138837136288,0.07272035137653905,0.10934329354663523,0.16779285225696083,0.018197573656845822,-0.3832105187831176,-0.6117658202750689,0.1499999999999999,0.040000000000000036,0.050000000000000044,-0.07000000000000006,-0.009999999999999787,0.125,0.006818778695641736
2019-11-29,JPM,131.8699951171875,132.41000366210938,131.4499969482422,131.75999450683594,110.5987548828125,5712000,1.6,1.59,1.78,265.548,257.879,118.6,20985.448,12.62,3.6,0.9,0.125,False,False,-0.0022715315783083945,-0.002274115419757229,0.07663888079592647,0.1070275629789858,0.16804672409187157,0.07404255319148922,-0.5212086887818475,-0.623436710076865,0.18999999999999995,0.010000000000000009,0.010000000000000009,0.0,-0.030000000000000027,0.125,0.006818778695641736
2019-12-02,JPM,132.30999755859375,132.74000549316406,131.35000610351562,131.47000122070312,110.3553466796875,8615600,1.6,1.6,1.83,265.548,257.879,118.6,20985.448,14.91,3.6,0.9,0.125,False,False,-0.002200822273116132,-0.002203247641645183,0.07474500296661034,0.10363082954094294,0.16565006571408758,0.18145800316957228,-0.44486762914927325,-0.6015952302142465,0.22999999999999998,0.06000000000000005,0.020000000000000018,0.14000000000000012,0.06000000000000005,0.125,0.006818778695641736
2019-12-03,JPM,129.77000427246094,129.9600067138672,128.58999633789062,129.77999877929688,108.936767578125,10361300,1.57,1.57,1.72,265.548,257.879,118.6,20985.448,15.96,3.6,0.9,0.125,False,False,-0.012854647683541831,-0.01293798360668517,0.09386097123625815,0.08790761875589012,0.1677411831898801,0.07042253521126773,-0.40326766282643184,-0.6058681012671948,0.1499999999999999,-0.040000000000000036,-0.040000000000000036,-0.010000000000000009,0.050000000000000044,0.125,0.006818778695641736
2019-12-04,JPM,130.3800048828125,132.47000122070312,129.99000549316406,132.33999633789062,111.08561706542967,10318200,1.56,1.55,1.77,265.548,257.879,118.6,20985.448,14.8,3.6,0.9,0.125,False,False,0.019725658609831775,0.019533628972150704,0.1382232665993507,0.10698093668958558,0.1664231652579432,-0.07268170426065168,-0.5394633975901263,-0.6091159517218121,0.21999999999999997,0.030000000000000027,-0.050000000000000044,-0.020000000000000018,0.020000000000000018,0.125,0.006818778695641736
2019-12-05,JPM,132.67999267578125,133.30999755859375,132.17999267578125,133.05999755859375,111.68997192382812,9587400,1.56,1.54,1.8,265.548,257.879,118.6,20985.448,14.52,3.6,0.9,0.125,False,False,0.005440442015481439,0.005425696268895234,0.13049612460170926,0.1079110909437424,0.1665059874392654,-0.018918918918918948,-0.547450157508195,-0.6183734653943146,0.26,0.030000000000000027,-0.08000000000000007,-0.06000000000000005,-0.020000000000000018,0.125,0.006818778695641736
2019-12-06,JPM,134.69000244140625,135.77999877929688,134.64999389648438,135.0399932861328,113.35198974609376,10170600,1.57,1.53,1.84,265.548,257.879,118.6,20985.448,13.62,3.6,0.9,0.125,False,False,0.014880636046709084,0.014771005624352695,0.14398580844149192,0.11738568058796346,0.16244786092995717,-0.06198347107438018,-0.5933884838022363,-0.6574749557425907,0.31000000000000005,0.06000000000000005,-0.06000000000000005,0.030000000000000027,-0.030000000000000027,0.125,0.006818778695641736
2019-12-09,JPM,134.6300048828125,135.4600067138672,134.41000366210938,134.41000366210938,112.82316589355467,8498200,1.56,1.54,1.83,265.548,257.879,118.6,20985.448,15.86,3.6,0.9,0.125,False,False,-0.004665324832176743,-0.004676241426276376,0.14901359958096314,0.11896159221928217,0.1617929149105773,0.16446402349486045,-0.6042429975225277,-0.6543461141721553,0.29000000000000004,0.0,-0.06000000000000005,-0.08999999999999986,-0.020000000000000018,0.125,0.006818778695641736
2019-12-10,JPM,133.25,134.77000427246094,132.8800048828125,134.5,112.89871215820312,7532900,1.56,1.56,1.85,265.548,257.879,118.6,20985.448,15.68,3.6,0.9,0.125,False,False,0.0006695988722718038,0.0006693747909710745,0.14856833442332087,0.11889988521671867,0.16182549248998307,-0.011349306431273631,-0.6053979041463875,-0.6550758875502642,0.29000000000000004,0.13000000000000012,-0.010000000000000009,-0.08999999999999986,0.010000000000000009,0.125,0.006818778695641736
2019-12-11,JPM,134.2899932861328,135.02000427246094,134.00999450683594,134.17999267578125,112.6301040649414,9011900,1.55,1.57,1.79,265.548,257.879,118.6,20985.448,14.99,3.6,0.9,0.125,False,False,-0.002379195370141307,-0.002382030152672879,0.1503827152105017,0.11835310788600115,0.16190543861243661,-0.04400510204081631,-0.5624107667041816,-0.6453398502711133,0.21999999999999997,0.020000000000000018,0.020000000000000018,-0.1399999999999999,0.0,0.125,0.006818778695641736
2019-12-12,JPM,134.49000549316406,138.47000122070312,134.2100067138672,138.02000427246094,115.85338592529295,13717400,1.55,1.56,1.9,265.548,257.879,118.6,20985.448,13.94,3.6,0.9,0.125,False,False,0.028618297808666204,0.02821644324251884,0.20051244856519007,0.14693163559263422,0.1665735295831312,-0.07004669779853245,-0.5981033489825873,-0.6512656040602608,0.33999999999999986,0.09999999999999987,0.020000000000000018,-0.020000000000000018,-0.030000000000000027,0.125,0.006818778695641736
2019-12-13,JPM,137.9499969482422,138.8300018310547,136.22000122070312,136.80999755859375,114.83771514892578,10592100,1.54,1.57,1.82,265.548,257.879,118.6,20985.448,12.63,3.6,0.9,0.125,False,False,-0.00876686311975483,-0.008805518152316578,0.20910902035648868,0.1499603767481079,0.16653702273067855,-0.09397417503586791,-0.4666817878405892,-0.6057704482768577,0.25,-0.020000000000000018,0.040000000000000036,-0.05999999999999983,0.0,0.125,0.006818778695641736
2019-12-16,JPM,138.3800048828125,138.83999633789062,137.32000732421875,137.33999633789062,115.28260040283205,11372000,1.54,1.57,1.89,265.548,257.879,118.6,20985.448,12.14,3.6,0.9,0.125,False,False,0.0038740343564771518,0.003866549609928609,0.20646470441532577,0.1497973508003018,0.1659026844086115,-0.03879651623119562,-0.46560540203086725,-0.6105793140883681,0.31999999999999984,0.05999999999999983,0.030000000000000027,0.06999999999999984,0.0,0.125,0.006818778695641736
2019-12-17,JPM,137.72999572753906,138.6699981689453,137.22999572753906,138.17999267578125,115.98768615722656,11546800,1.53,1.56,1.89,265.548,257.879,118.6,20985.448,12.29,3.6,0.9,0.125,False,False,0.0061161506760840645,0.0060975229413068165,0.18251255077043826,0.14946638568935894,0.16536695961706646,0.012355848434925765,-0.4541229245190728,-0.6068240666379736,0.32999999999999985,0.039999999999999813,0.0,0.04999999999999982,-0.010000000000000009,0.125,0.006818778695641736
2019-12-18,JPM,138.14999389648438,139.02000427246094,137.72000122070312,138.0399932861328,115.87017822265624,10381500,1.54,1.56,1.92,265.548,257.879,118.6,20985.448,12.58,3.6,0.9,0.125,False,False,-0.0010131069811242233,-0.001013620520878263,0.1693816846287645,0.1488089649583826,0.16512679314792644,0.02359641985353944,-0.4754485241508771,-0.6081512825641522,0.3599999999999999,0.1299999999999999,-0.010000000000000009,0.10999999999999988,-0.010000000000000009,0.125,0.006818778695641736
2019-12-19,JPM,137.75999450683594,138.22000122070312,137.10000610351562,137.35000610351562,115.29100036621094,9350400,1.52,1.57,1.92,265.548,257.879,118.6,20985.448,12.5,3.6,0.9,0.125,False,False,-0.0049985066505408016,-0.005011040970942724,0.17529574482633695,0.15085749761371556,0.1652945538645362,-0.006359300476947549,-0.4601568985786123,-0.6017606622166174,0.34999999999999987,0.020000000000000018,0.010000000000000009,0.1299999999999999,0.0,0.125,0.006818778695641736
2019-12-20,JPM,138.02000427246094,138.8800048828125,136.89999389648438,137.24000549316406,115.19865417480467,29992600,1.52,1.58,1.92,265.548,257.879,118.6,20985.448,12.51,3.6,0.9,0.125,False,True,-0.0008009835209420446,-0.0008013044796423196,0.1634799631064965,0.14722303996915725,0.1653396407590661,0.0007999999999999119,-0.47679474246671627,-0.6039891323580775,0.33999999999999986,0.09999999999999987,0.010000000000000009,0.18999999999999995,0.010000000000000009,0.125,0.006818778695641736
2019-12-23,JPM,137.60000610351562,137.91000366210938,136.8800048828125,137.1999969482422,115.16507720947266,9738400,1.53,1.59,1.93,265.548,257.879,118.6,20985.448,12.61,3.6,0.9,0.125,False,False,-0.00029147011805419343,-0.00029151260372478887,0.16020349282972102,0.14758895896577104,0.16240637404670866,0.007993605115907298,-0.47789783582587847,-0.5848703795733659,0.33999999999999986,0.040000000000000036,0.020000000000000018,0.15999999999999992,0.010000000000000009,0.125,0.006818778695641736
2019-12-24,JPM,137.3300018310547,137.6300048828125,137.05999755859375,137.5800018310547,115.48406219482422,3324300,1.53,1.58,1.9,265.548,257.879,118.6,20985.448,12.67,3.6,0.9,0.125,False,False,0.002769806551437215,0.00276597770574944,0.1600415765842251,0.14687421509989348,0.16228590385679584,0.004758128469468659,-0.4700902779503167,-0.5849083657522763,0.31999999999999984,0.010000000000000009,0.020000000000000018,0.1299999999999999,0.0,0.125,0.006818778695641736
2019-12-26,JPM,137.88999938964844,139.10000610351562,137.77999877929688,139.0399932861328,116.70957946777344,6770900,1.53,1.58,1.9,265.548,257.879,118.6,20985.448,12.65,3.6,0.9,0.125,False,False,0.010612003506438317,0.010556091408970613,0.1626817234612157,0.1492775640834658,0.16154839056996123,-0.0015785319652722452,-0.46147693288293656,-0.5853155274375045,0.31999999999999984,-0.020000000000000018,0.020000000000000018,0.1399999999999999,-0.030000000000000027,0.125,0.006818778695641736
2019-12-27,JPM,139.3000030517578,139.77000427246094,138.6699981689453,139.13999938964844,116.79351043701172,7868200,1.51,1.57,1.88,265.548,257.879,118.6,20985.448,13.43,3.6,0.9,0.125,False,False,0.0007191437894047414,0.0007188853294156626,0.086883627741974,0.1493652085137495,0.16148636991774215,0.061660079051383265,-0.4686846474184805,-0.595860431810331,0.30999999999999983,-0.040000000000000036,0.0,0.1399999999999999,-0.030000000000000027,0.125,0.006818778695641736
2019-12-30,JPM,139.89999389648438,140.0800018310547,138.47000122070312,138.6300048828125,116.36544036865234,6963000,1.57,1.57,1.9,265.548,257.879,118.6,20985.448,14.82,3.6,0.9,0.125,False,False,-0.003665187104640033,-0.0036719203603590134,0.07381811724990947,0.1509379511912246,0.16189148438523557,0.10349962769918108,-0.48594577326768273,-0.6060693328134447,0.32999999999999985,-0.020000000000000018,-0.010000000000000009,0.1299999999999999,-0.050000000000000044,0.125,0.006818778695641736
2019-12-31,JPM,138.50999450683594,139.47999572753906,138.2899932861328,139.39999389648438,117.0117416381836,7201600,1.59,1.55,1.92,265.548,257.879,118.6,20985.448,13.78,3.6,0.9,0.125,False,False,0.00555406542942416,0.005538698481127027,0.07588075591556402,0.15037224506568175,0.15620058536560863,-0.07017543859649134,-0.477957714354132,-0.5737084750314391,0.3699999999999999,-0.010000000000000009,-0.040000000000000036,0.1399999999999999,-0.040000000000000036,0.125,0.0
2020-01-02,JPM,139.7899932861328,141.10000610351562,139.25999450683594,141.08999633789062,118.4303207397461,10803700,1.56,1.54,1.88,265.548,257.879,118.6,20985.448,12.47,3.6,0.9,0.125,False,False,0.012123391052061505,0.012050491349726302,0.0904838247374833,0.152624850512287,0.14989160964747386,-0.09506531204644408,-0.524051010375601,-0.5531304487649833,0.33999999999999986,-0.020000000000000018,-0.040000000000000036,0.04999999999999982,-0.06000000000000005,0.125,0.0
2020-01-03,JPM,137.5,139.22999572753906,137.0800018310547,138.33999633789062,116.8674545288086,10386800,1.55,1.52,1.8,265.548,257.879,118.6,20985.448,14.02,3.6,0.9,0.0,False,False,-0.013196504080842164,-0.013284351650642973,0.11878687985175207,0.15309495675796306,0.15334926635141713,0.12429831595829977,-0.5598229738789363,-0.5919597239827682,0.28,-0.09999999999999987,-0.06000000000000005,0.08000000000000007,-0.050000000000000044,0.125,0.0
2020-01-06,JPM,136.55999755859375,138.27000427246094,136.5,138.22999572753906,116.77452087402344,10259000,1.54,1.56,1.81,265.548,257.879,118.6,20985.448,13.85,3.6,0.9,0.0,False,False,-0.0007952056041594657,-0.0007955219478525455,0.114773161838184,0.14179100766682468,0.14912930096376403,-0.012125534950071293,-0.5210625364947498,-0.5684310640134559,0.25,-0.06999999999999984,-0.010000000000000009,0.040000000000000036,0.010000000000000009,0.125,0.0
2020-01-07,JPM,137.27999877929688,137.86000061035156,135.82000732421875,135.8800048828125,114.78927612304688,10531300,1.53,1.54,1.83,265.548,257.879,118.6,20985.448,13.79,3.6,0.9,0.0,False,False,-0.01700066706433545,-0.01714683743574546,0.1476804749348571,0.1564783064206887,0.15419055104399323,-0.0043321299638989785,-0.46403989757405223,-0.5448225622679634,0.29000000000000004,-0.06999999999999984,-0.030000000000000027,0.030000000000000027,0.0,0.125,0.0
2020-01-08,JPM,135.6999969482422,137.5800018310547,135.60000610351562,136.94000244140625,115.6847686767578,9695300,1.55,1.54,1.87,265.548,257.879,118.6,20985.448,13.45,3.6,0.9,0.0,False,False,0.007801186521561476,0.007770914601990163,0.15322110598317112,0.15065774779630073,0.14558548968173546,-0.024655547498187103,-0.436771831573508,-0.5000416992310657,0.33000000000000007,-0.04999999999999982,-0.010000000000000009,0.030000000000000027,0.010000000000000009,0.125,0.0
2020-01-09,JPM,138.0500030517578,138.22999572753906,137.0399932861328,137.44000244140625,116.10717010498048,9469000,1.54,1.54,1.85,265.548,257.879,118.6,20985.448,12.54,3.6,0.9,0.0,False,False,0.0036513141103557967,0.00364466424523798,0.15365582668811037,0.1494812821637078,0.14537174842976555,-0.06765799256505578,-0.43848967168749003,-0.49470437820222923,0.31000000000000005,-0.029999999999999805,0.0,0.020000000000000018,0.0,0.125,0.0
2020-01-10,JPM,137.2100067138672,137.25,135.80999755859375,136.07000732421875,114.94981384277344,10190900,1.53,1.54,1.83,265.548,257.879,118.6,20985.448,12.56,3.6,0.9,0.0,False,False,-0.009967999919045512,-0.010018013061793058,0.15078097371271898,0.1546059178039088,0.1461165397597376,0.0015948963317384823,-0.4346093135610442,-0.48056032545101457,0.29000000000000004,0.030000000000000027,0.020000000000000018,-0.020000000000000018,-0.020000000000000018,0.125,0.0
2020-01-13,JPM,136.19000244140625,137.1999969482422,135.75999450683594,137.1999969482422,115.90440368652344,12355200,1.53,1.57,1.85,265.548,257.879,118.6,20985.448,12.32,3.6,0.9,0.0,False,False,0.008304405303828366,0.008270113448278197,0.15848750953741153,0.15618913267473686,0.14380814135785797,-0.019108280254777066,-0.4522090675145827,-0.4574397361990829,0.28,0.040000000000000036,0.010000000000000009,0.06000000000000005,0.0,0.125,0.0
2020-01-14,JPM,137.94000244140625,140.75999450683594,137.69000244140625,138.8000030517578,117.2560577392578,24906000,1.53,1.57,1.82,265.548,257.879,118.6,20985.448,12.39,3.6,0.9,0.0,False,True,0.011661800671440181,0.011594325951824101,0.1688357199020788,0.12830804997456394,0.1448923161865962,0.005681818181818121,-0.3580755117374297,-0.45685800462095383,0.25,-0.010000000000000009,0.030000000000000027,-0.07999999999999985,0.010000000000000009,0.125,0.0
2020-01-15,JPM,137.85000610351562,138.60000610351562,136.14999389648438,136.72000122070312,115.49893951416016,16293400,1.54,1.57,1.79,265.548,257.879,118.6,20985.448,12.42,3.6,0.9,0.0,False,False,-0.014985308724986712,-0.015098722921262187,0.183625621312653,0.13574073967062336,0.13877440499106453,0.002421307506053294,-0.47042447710174423,-0.4225541723936829,0.21999999999999997,-0.08000000000000007,0.030000000000000027,-0.030000000000000027,0.0,0.125,0.0
2020-01-16,JPM,137.4499969482422,137.89999389648438,136.83999633789062,137.25,115.9466781616211,10783800,1.54,1.55,1.81,265.548,257.879,118.6,20985.448,12.32,3.6,0.9,0.0,False,False,0.003876560679642038,0.003869066180633291,0.1711370724806403,0.1357415793013235,0.13850866845684526,-0.00805152979066015,-0.46462608181914783,-0.4222985431916121,0.26,-0.040000000000000036,0.010000000000000009,-0.07999999999999985,-0.020000000000000018,0.125,0.0
2020-01-17,JPM,137.5399932861328,138.2899932861328,137.32000732421875,138.1999969482422,116.74921417236328,14697700,1.56,1.56,1.84,265.548,257.879,118.6,20985.448,12.1,3.6,0.9,0.0,False,False,0.006921595542595194,0.006897751263906004,0.16411499194771512,0.136201711290319,0.13866115678608068,-0.017857142857142905,-0.4840143356940645,-0.4250920731477455,0.28,0.010000000000000009,0.020000000000000018,-0.04999999999999982,0.0,0.125,0.0
2020-01-21,JPM,137.19000244140625,138.07000732421875,136.69000244140625,136.83999633789062,115.6002960205078,8474200,1.54,1.56,1.78,265.548,257.879,118.6,20985.448,12.85,3.6,0.9,0.0,False,False,-0.00984090693886186,-0.009889648702617502,0.1713809634192948,0.1406866669870046,0.1407855045495587,0.06198347107438007,-0.5176151720560803,-0.4392713356615244,0.21999999999999997,-0.07000000000000006,-0.010000000000000009,-0.1399999999999999,0.0,0.125,0.0
2020-01-22,JPM,137.24000549316406,137.39999389648438,136.3800048828125,136.67999267578125,115.46514892578124,7549100,1.55,1.55,1.77,265.548,257.879,118.6,20985.448,12.91,3.6,0.9,0.0,False,False,-0.0011690895212118635,-0.0011697734394592349,0.1461740187679524,0.1396262251291138,0.13336020053521225,0.0046692607003890885,-0.5271271236645737,-0.45138853774194554,0.21999999999999997,-0.050000000000000044,-0.020000000000000018,-0.1499999999999999,-0.020000000000000018,0.125,0.0
2020-01-23,JPM,135.7100067138672,136.74000549316406,134.72000122070312,136.5399932861328,115.3468780517578,9345700,1.55,1.55,1.74,265.548,257.879,118.6,20985.448,12.98,3.6,0.9,0.0,False,False,-0.001024299324287492,-0.0010248242773436824,0.1406341239958012,0.13964598323497515,0.1323957271931545,0.005422153369481153,-0.527560768372283,-0.4656683545396598,0.18999999999999995,-0.050000000000000044,-0.020000000000000018,-0.17999999999999994,-0.030000000000000027,0.125,0.0
2020-01-24,JPM,136.3699951171875,136.42999267578125,132.32000732421875,133.14999389648438,112.48303985595705,15166400,1.55,1.54,1.7,265.548,257.879,118.6,20985.448,14.56,3.6,0.9,0.0,False,False,-0.02482805121535847,-0.025141465805648373,0.18523743373284804,0.16471835806420038,0.1427065403751913,0.1217257318952234,-0.6367342733570196,-0.5140779694248477,0.15999999999999992,-0.1100000000000001,-0.010000000000000009,-0.22999999999999998,-0.050000000000000044,0.125,0.0
2020-01-27,JPM,130.27000427246094,132.94000244140625,129.7100067138672,132.02999877929688,111.53687286376952,12860500,1.53,1.55,1.61,265.548,257.879,118.6,20985.448,18.23,3.6,0.9,0.0,False,False,-0.008411641376328105,-0.008447218882278977,0.1837737787896169,0.16595873816521933,0.14393618828473867,0.25206043956043955,-0.5663338224164278,-0.5137209613681818,0.06000000000000005,-0.22999999999999998,-0.010000000000000009,-0.2899999999999998,-0.030000000000000027,0.125,0.0
2020-01-28,JPM,132.83999633789062,134.97000122070312,132.47999572753906,134.42999267578125,113.56436157226562,13062800,1.53,1.57,1.65,265.548,257.879,118.6,20985.448,16.28,3.6,0.9,0.0,False,False,0.01817774388360771,0.018014503951786838,0.20572608967900238,0.17465719665458906,0.14728639094139706,-0.10696653867251782,-0.6282024127696771,-0.531687415815076,0.07999999999999985,-0.13000000000000012,0.010000000000000009,-0.25,-0.010000000000000009,0.125,0.0
2020-01-29,JPM,134.80999755859375,135.5399932861328,133.69000244140625,134.22999572753906,113.39541625976562,9326000,1.51,1.56,1.6,265.548,257.879,118.6,20985.448,16.39,3.6,0.9,0.0,False,False,-0.0014876613592591514,-0.0014887690261108154,0.19143589062309452,0.17450287890159458,0.14727577605180608,0.006756756756756799,-0.639075598581361,-0.5347610934822813,0.040000000000000036,-0.16999999999999993,0.010000000000000009,-0.2799999999999998,-0.010000000000000009,0.125,0.0
2020-01-30,JPM,132.69000244140625,136.1300048828125,132.69000244140625,135.88999938964844,114.79776000976562,9048900,1.48,1.57,1.57,265.548,257.879,118.6,20985.448,15.49,3.6,0.9,0.0,False,False,0.01236684688195444,0.012291002098066533,0.19372397852322,0.18054789352090658,0.148937319573814,-0.05491153142159855,-0.6611893561595904,-0.5423949051369856,0.0,-0.16999999999999993,0.020000000000000018,-0.32999999999999985,0.0,0.125,0.0
2020-01-31,JPM,134.49000549316406,134.8300018310547,131.47000122070312,132.36000061035156,111.81566619873048,12785200,1.45,1.55,1.51,265.548,257.879,118.6,20985.448,18.84,3.6,0.9,0.0,False,False,-0.025976933790184287,-0.02632029367975213,0.23005578382438685,0.19952998127718874,0.1582891241301282,0.21626856036152353,-0.7281727314662386,-0.6179059112805839,-0.040000000000000036,-0.18999999999999995,0.010000000000000009,-0.4099999999999999,0.0,0.125,0.0
2020-02-03,JPM,132.66000366210938,134.24000549316406,132.66000366210938,133.3699951171875,112.66888427734376,10021100,1.46,1.57,1.54,265.548,257.879,118.6,20985.448,17.97,3.6,0.9,0.0,False,False,0.007630577249317261,0.007601611650911803,0.23098274434440097,0.19610259110734826,0.1581230033412911,-0.04617834394904463,-0.7159880178315513,-0.6168747173965667,-0.030000000000000027,-0.07000000000000006,0.020000000000000018,-0.33999999999999986,0.030000000000000027,0.125,0.0
2020-02-04,JPM,135.5500030517578,136.60000610351562,135.0800018310547,135.2899932861328,114.29087829589844,9157100,1.48,1.57,1.61,265.548,257.879,118.6,20985.448,16.05,3.6,0.9,0.0,False,False,0.01439611325662904,0.014293473124703426,0.2439574096030863,0.20000242769778165,0.15425893808581664,-0.10684474123539223,-0.7262353191196259,-0.6219914788182782,0.040000000000000036,-0.039999999999999813,0.0,-0.18999999999999995,0.050000000000000044,0.125,0.0
2020-02-05,JPM,136.57000732421875,137.72999572753906,136.00999450683594,137.58999633789062,116.23389434814452,10150700,1.49,1.57,1.66,265.548,257.879,118.6,20985.448,15.15,3.6,0.9,0.0,False,False,0.017000622282520306,0.01685772894678664,0.2601424552159792,0.20942537480462436,0.15689511982037288,-0.05607476635514019,-0.7331209680459262,-0.6368205683515907,0.08999999999999986,0.05999999999999983,0.010000000000000009,-0.15000000000000013,0.010000000000000009,0.125,0.0
2020-02-06,JPM,138.24000549316406,138.2899932861328,137.11000061035156,137.61000061035156,116.25077056884766,8992300,1.51,1.57,1.65,265.548,257.879,118.6,20985.448,14.96,3.6,0.9,0.0,False,False,0.00014519190635220447,0.0001451813670275068,0.25999609454133815,0.20017881635595178,0.15689368452375696,-0.012541254125412515,-0.7753414106295567,-0.6367357178065713,0.07999999999999985,0.07999999999999985,0.0,-0.18000000000000016,0.030000000000000027,0.125,0.0
2020-02-07,JPM,136.72999572753906,137.6699981689453,136.3000030517578,137.1699981689453,115.87907409667967,6379800,1.49,1.56,1.59,265.548,257.879,118.6,20985.448,15.47,3.6,0.9,0.0,False,False,-0.003197367813986718,-0.0032024903163861904,0.21881460093675034,0.19883222540772716,0.1571278804691916,0.03409090909090917,-0.7747252542609707,-0.639047361630746,0.030000000000000027,0.08000000000000007,0.010000000000000009,-0.28,0.020000000000000018,0.125,0.0
2020-02-10,JPM,136.9499969482422,137.85000610351562,136.75,137.74000549316406,116.36060333251952,5960700,1.45,1.58,1.56,265.548,257.879,118.6,20985.448,15.04,3.6,0.9,0.0,False,False,0.004155446007776176,0.004146835986093062,0.20933576840351664,0.19895323801703332,0.15700654749324194,-0.027795733678086743,-0.7802185896529974,-0.6410843479908857,-0.020000000000000018,0.020000000000000018,0.010000000000000009,-0.29000000000000004,0.040000000000000036,0.125,0.0
2020-02-11,JPM,138.25999450683594,138.82000732421875,137.77999877929688,138.0,116.58025360107422,6578600,1.48,1.57,1.59,265.548,257.879,118.6,20985.448,15.18,3.6,0.9,0.0,False,False,0.0018876686976863066,0.0018858892900663388,0.19475651797872706,0.19556710546990475,0.15696935901459907,0.009308510638297962,-0.7995110010463741,-0.6419770302086697,0.020000000000000018,-0.020000000000000018,0.0,-0.24,0.030000000000000027,0.125,0.0
2020-02-12,JPM,138.60000610351562,139.2899932861328,137.8000030517578,138.0,116.58025360107422,7958000,1.49,1.58,1.62,265.548,257.879,118.6,20985.448,13.74,3.6,0.9,0.0,False,False,0.0,0.0,0.19401886036415905,0.19360644608916272,0.15671304144864606,-0.09486166007905139,-0.769922314544895,-0.6283349376399038,0.040000000000000036,-0.039999999999999813,0.010000000000000009,-0.22999999999999998,0.010000000000000009,0.125,0.0
2020-02-13,JPM,137.75,138.33999633789062,136.39999389648438,137.8800048828125,116.47887420654295,7447500,1.48,1.59,1.61,265.548,257.879,118.6,20985.448,14.15,3.6,0.9,0.0,False,False,-0.0008696103448031511,-0.000869988675228315,0.18705894329479525,0.18919022932583573,0.15613300470386762,0.029839883551673996,-0.7858957311440619,-0.6319871635841514,0.020000000000000018,-0.039999999999999813,0.020000000000000018,-0.20999999999999996,0.020000000000000018,0.125,0.0
2020-02-14,JPM,137.83999633789062,138.19000244140625,136.94000244140625,137.4600067138672,116.12407684326172,6627600,1.49,1.58,1.59,265.548,257.879,118.6,20985.448,13.68,3.6,0.9,0.0,False,False,-0.003046023287039179,-0.003050671858142373,0.11155197837332735,0.1817878386278328,0.1558240848325965,-0.03321554770318025,-0.8123596930775725,-0.6257766618350878,0.010000000000000009,0.0,0.020000000000000018,-0.19999999999999996,0.010000000000000009,0.125,0.0
2020-02-18,JPM,137.33999633789062,137.7100067138672,135.0500030517578,135.63999938964844,114.58656311035156,8996400,1.47,1.58,1.55,265.548,257.879,118.6,20985.448,14.83,3.6,0.9,0.0,False,False,-0.0132402665726713,-0.013328700360819136,0.1378586027690066,0.18716459133958918,0.1585013080196551,0.08406432748538006,-0.8178928051500443,-0.6344631292995261,-0.030000000000000027,-0.010000000000000009,0.0,-0.26,0.030000000000000027,0.125,0.0
2020-02-19,JPM,136.91000366210938,138.38999938964844,136.33999633789062,137.49000549316406,116.1494140625,7071200,1.47,1.58,1.56,265.548,257.879,118.6,20985.448,14.38,3.6,0.9,0.0,False,False,0.013639042045823002,0.013546867481311264,0.13598527898958265,0.19186202117913811,0.16001906205744668,-0.030343897505057282,-0.8121392496474025,-0.6321024414086369,-0.020000000000000018,-0.030000000000000027,0.010000000000000009,-0.28,0.020000000000000018,0.125,0.0
2020-02-20,JPM,137.1699981689453,138.36000061035156,136.52999877929688,137.49000549316406,116.1494140625,7422800,1.46,1.58,1.52,265.548,257.879,118.6,20985.448,15.56,3.6,0.9,0.0,False,False,0.0,0.0,0.1061223134052205,0.18862962151978563,0.15933475139542877,0.08205841446453399,-0.7992382276234616,-0.6363437554315587,-0.06000000000000005,-0.10000000000000009,0.0,-0.26,0.020000000000000018,0.125,0.0
2020-02-21,JPM,136.5500030517578,136.9199981689453,134.9199981689453,135.80999755859375,114.73017120361328,9772800,1.43,1.56,1.46,265.548,257.879,118.6,20985.448,17.08,3.6,0.9,0.0,False,False,-0.012219113375148138,-0.012294380501110726,0.12251398503637326,0.19353917730199593,0.1614975517941165,0.09768637532133662,-0.8083111887283745,-0.6454944057454151,-0.10000000000000009,-0.15000000000000013,-0.030000000000000027,-0.31000000000000005,0.010000000000000009,0.125,0.0
2020-02-24,JPM,131.44000244140625,133.1999969482422,130.8000030517578,132.16000366210938,111.6467056274414,13618400,1.35,1.53,1.38,265.548,257.879,118.6,20985.448,25.03,3.6,0.9,0.0,False,False,-0.026875803843259383,-0.027243562437385016,0.17920236622624178,0.21490156707149508,0.17021556654241543,0.46545667447306815,-0.8205943019193891,-0.687204904057019,-0.15000000000000013,-0.2100000000000002,-0.050000000000000044,-0.3600000000000001,-0.020000000000000018,0.125,0.0
2020-02-25,JPM,131.0,132.22999572753906,125.58999633789062,126.26000213623048,106.66248321533205,20797200,1.3,1.53,1.33,265.548,257.879,118.6,20985.448,27.85,3.6,0.9,0.0,True,False,-0.044642807721899325,-0.045669985102841336,0.26963703191517074,0.2518783230191881,0.19349400431640448,0.11266480223731512,-0.7344407991089871,-0.6632782568845698,-0.19999999999999996,-0.21999999999999997,-0.050000000000000044,-0.3699999999999999,-0.010000000000000009,0.125,0.0
2020-02-26,JPM,126.93000030517578,128.9499969482422,126.33999633789062,126.63999938964844,106.9834976196289,24825600,1.26,1.53,1.33,265.548,257.879,118.6,20985.448,27.56,3.6,0.9,0.0,False,True,0.003009628077463633,0.003005108213350448,0.27092311361334337,0.25161259625319543,0.19310257535243447,-0.010412926391382471,-0.7565597238402171,-0.661479875532064,-0.19999999999999996,-0.22999999999999998,-0.050000000000000044,-0.28,-0.020000000000000018,0.125,0.0
2020-02-27,JPM,122.91000366210938,125.62000274658205,121.3000030517578,121.37000274658205,102.53148651123048,23005500,1.18,1.45,1.3,265.548,257.879,118.6,20985.448,39.16,3.6,0.9,0.0,True,False,-0.04161399849000247,-0.0425046578315481,0.31381380756532196,0.2770544017551703,0.2102586955517308,0.420899854862119,-0.8088642548294813,-0.7210017215144379,-0.1499999999999999,-0.21999999999999997,-0.13000000000000012,-0.34999999999999987,-0.1200000000000001,0.125,0.0
2020-02-28,JPM,117.5199966430664,118.48999786376952,112.66000366210938,116.11000061035156,98.0879364013672,45931400,0.97,1.27,1.13,265.548,257.879,118.6,20985.448,40.11,3.6,0.9,0.0,True,True,-0.043338395463295765,-0.04430555033562743,0.3419129381103412,0.308405219005244,0.22718015946733036,0.02425944841675176,-0.7070735670857599,-0.668125616757685,-0.14000000000000012,-0.33000000000000007,-0.29000000000000004,-0.4700000000000002,-0.29000000000000004,0.125,0.0
2020-03-02,JPM,116.62999725341795,121.58000183105467,114.45999908447266,121.5199966430664,102.65821075439452,27355400,0.89,1.13,1.1,265.548,257.879,118.6,20985.448,33.42,3.6,0.9,0.0,True,True,0.04659364362938745,0.045540741585136386,0.4635351057602784,0.35279595733867797,0.24605645989796973,-0.16679132385938666,-0.7270124344018987,-0.6857651843867203,-0.029999999999999805,-0.2799999999999998,-0.40000000000000013,-0.47,-0.44000000000000017,0.125,0.0
2020-03-03,JPM,120.97000122070312,122.9499969482422,116.23999786376952,116.95999908447266,98.80598449707033,32547700,0.73,0.95,1.02,265.548,257.879,118.6,20985.448,36.82,3.6,0.9,0.0,True,True,-0.03752477496944184,-0.03824695337947464,0.4815723957996427,0.36398205479060963,0.2569602930933811,0.101735487731897,-0.7004159652685317,-0.6814121040319148,0.07000000000000006,-0.31000000000000005,-0.5800000000000001,-0.49,-0.6000000000000001,0.125,0.0
2020-03-04,JPM,118.33000183105467,120.19000244140624,114.6999969482422,119.8499984741211,101.24742889404295,25795900,0.59,0.72,1.02,265.548,257.879,118.6,20985.448,31.99,3.6,0.9,0.0,False,True,0.024709478979433763,0.024409137273024215,0.5021342569859095,0.37628086479332506,0.2622441664777583,-0.13117870722433467,-0.7162441825630366,-0.702970775395669,0.30000000000000004,-0.31000000000000005,-0.81,-0.52,-0.8500000000000001,0.125,0.0
2020-03-05,JPM,115.66999816894533,116.43000030517578,112.58000183105467,113.97000122070312,96.28008270263672,25025600,0.48,0.62,0.92,265.548,257.879,118.6,20985.448,39.62,3.6,0.9,0.0,True,True,-0.04906145514672422,-0.05030584013020089,0.5265262443246451,0.40013753658575213,0.2790559093749189,0.23851203501094087,-0.7298085832962113,-0.7232763934035833,0.30000000000000004,-0.38,-0.83,-0.6900000000000001,-0.9500000000000001,0.125,0.0
2020-03-06,JPM,106.26000213623048,110.31999969482422,105.0199966430664,108.08000183105467,91.30429077148438,38159400,0.39,0.45,0.74,265.548,257.879,118.6,20985.448,41.94,3.6,0.9,0.0,True,True,-0.051680386965601066,-0.053063688996514896,0.5516797544732709,0.41795437521540024,0.2937159516349129,0.05855628470469454,-0.6732816322711764,-0.690123828766677,0.29,-0.3899999999999999,-0.8200000000000001,-0.9199999999999999,-1.12,0.125,0.0
2020-03-09,JPM,96.56999969482422,99.2300033569336,93.0,93.44000244140624,78.93665313720703,40352000,0.31,0.33,0.54,265.548,257.879,118.6,20985.448,54.46,3.6,0.9,0.0,True,True,-0.13545516349533848,-0.1455521111150099,0.8284065133454254,0.6218347560031031,0.40861593827457987,0.2985216976633287,-0.6671596958665295,-0.6852060539552652,0.21000000000000002,-0.56,-0.7999999999999998,-1.1099999999999999,-1.24,0.125,0.0
2020-03-10,JPM,99.0,101.27999877929688,94.58000183105467,100.6999969482422,85.06979370117188,31102700,0.43,0.44,0.76,265.548,257.879,118.6,20985.448,47.3,3.6,0.9,0.0,True,True,0.07769699271774644,0.07482635015349724,0.9888961367206421,0.6997782879383769,0.43737193120573153,-0.1314726404700698,-0.6905928417987138,-0.6848075935949103,0.32,-0.26,-0.51,-0.8300000000000001,-1.12,0.125,0.0
2020-03-11,JPM,97.6999969482422,100.0500030517578,94.5500030517578,95.95999908447266,81.06549835205078,38127000,0.4,0.42,0.82,265.548,257.879,118.6,20985.448,53.9,3.6,0.9,0.0,True,True,-0.04707070717941486,-0.048214572392551815,0.9851532000523191,0.7054772450738507,0.4460034970646889,0.13953488372093026,-0.6896649436388775,-0.697638760226056,0.39999999999999997,-0.20000000000000007,-0.3,-0.7400000000000001,-1.1600000000000001,0.125,0.0
2020-03-12,JPM,89.58999633789062,96.95999908447266,86.31999969482422,88.05000305175781,74.3832778930664,49725200,0.39,0.33,0.88,265.548,257.879,118.6,20985.448,75.47,3.6,0.9,0.0,True,True,-0.08242989428085501,-0.0860262924693138,1.02676160181162,0.7403601666263443,0.4741456124508974,0.40018552875695734,-0.7231661082687053,-0.7346139105540801,0.55,-0.040000000000000036,-0.29,-0.7100000000000001,-1.24,0.125,0.0
2020-03-13,JPM,95.98999786376952,103.98999786376952,92.0,103.91000366210938,87.78156280517578,38543300,0.38,0.28,0.94,265.548,257.879,118.6,20985.448,57.83,3.6,0.9,0.0,True,True,0.18012495942126638,0.16562033068542817,1.4216949285136513,0.983158100215668,0.586093294094507,-0.23373525904332848,-0.7458639656323567,-0.7135721252080927,0.6599999999999999,0.19999999999999996,-0.16999999999999998,-0.6800000000000002,-1.3,0.125,0.0
2020-03-16,JPM,85.19999694824219,93.9800033569336,84.55000305175781,88.36000061035156,74.6451416015625,38589700,0.29,0.24,0.73,265.548,257.879,118.6,20985.448,82.69,3.6,0.9,0.0,True,True,-0.14964897848502112,-0.16210604825675598,1.5649676113961712,1.1077918772640463,0.6622839480975836,0.42988068476569263,-0.7832097341436467,-0.7535222427105521,0.49,0.18999999999999995,-0.09000000000000002,-0.8800000000000001,-1.35,0.125,0.0
2020-03-17,JPM,90.88999938964844,97.44000244140624,87.5,93.76000213623048,79.20699310302734,35239800,0.3,0.19,1.02,265.548,257.879,118.6,20985.448,75.91,3.6,0.9,0.0,True,True,0.06111384349452886,0.0593191521741261,1.6291538540709187,1.141223382886689,0.675404734384443,-0.08199298585076797,-0.7958954694719077,-0.761991570179763,0.8300000000000001,0.26,-0.25,-0.5700000000000001,-1.3900000000000001,0.125,0.0
2020-03-18,JPM,87.66999816894531,90.79000091552734,80.36000061035156,83.88999938964844,70.86898803710938,41525600,0.21,0.02,1.18,265.548,257.879,118.6,20985.448,76.45,3.6,0.9,0.0,True,True,-0.10526854687025466,-0.11123165810100012,1.6626585572819608,1.1854729287102148,0.7071263199974751,0.007113687261230517,-0.737190524684196,-0.7219183166685095,1.16,0.36,-0.39999999999999997,-0.3700000000000001,-1.56,0.125,0.0
2020-03-19,JPM,81.55999755859375,88.11000061035156,76.91000366210938,85.30000305175781,72.06011962890625,32175100,0.2,0.04,1.12,265.548,257.879,118.6,20985.448,72.0,3.6,0.9,0.0,False,True,0.01680751517395951,0.01666783187086816,1.6800560083979241,1.1867299300985643,0.7082810966940227,-0.058207979071288496,-0.737681862619418,-0.7232480668978382,1.08,0.2400000000000001,-0.29000000000000004,-0.43999999999999995,-1.54,0.125,0.0
2020-03-20,JPM,86.30000305175781,89.45999908447266,82.4800033569336,83.5,70.53947448730469,30150800,0.15,0.05,0.92,265.548,257.879,118.6,20985.448,66.04,3.6,0.9,0.0,False,True,-0.021102450973333742,-0.021328290521476424,1.6748611635090191,1.1838786784457742,0.7086836903886253,-0.08277777777777773,-0.7249663119553085,-0.7140119346406916,0.87,-0.019999999999999907,-0.23000000000000004,-0.6,-1.53,0.125,0.0
2020-03-23,JPM,82.68000030517578,83.75,78.08999633789062,79.02999877929688,66.7633285522461,32536600,0.17,0.02,0.76,265.548,257.879,118.6,20985.448,61.59,3.6,0.9,0.0,True,True,-0.05353237974204361,-0.055018518893680105,1.5506744740950706,1.187914806027286,0.714891749616333,-0.06738340399757725,-0.6979118975234961,-0.692970832822087,0.74,0.030000000000000027,-0.22,-0.7,-1.54,0.125,0.0
2020-03-24,JPM,84.9000015258789,90.0999984741211,82.9000015258789,88.43000030517578,74.70428466796875,34363200,0.25,0.01,0.84,265.548,257.879,118.6,20985.448,61.67,3.6,0.9,0.0,True,True,0.11894188453333943,0.11238349280089502,1.6225715832352823,1.2806048144370643,0.7546884472611494,0.0012989121610651466,-0.7256892623902845,-0.6619897194147257,0.83,-0.18000000000000005,-0.18,-0.5399999999999999,-1.52,0.125,0.0
2020-03-25,JPM,89.23999786376953,95.1500015258789,84.54000091552734,91.7300033569336,77.49205780029297,38111700,0.19,0.0,0.88,265.548,257.879,118.6,20985.448,63.95,3.6,0.9,0.0,True,True,0.03731744631134304,0.03663800227819446,1.6269037438197371,1.2908148017178234,0.7595960497227185,0.03697097454191667,-0.7204744032240623,-0.6573431196574435,0.88,-0.29999999999999993,-0.02,-0.45000000000000007,-1.53,0.125,0.0
2020-03-26,JPM,94.08000183105467,98.56999969482422,93.54000091552734,98.12000274658205,82.89025115966797,29826300,0.13,0.0,0.83,265.548,257.879,118.6,20985.448,61.0,3.6,0.9,0.0,True,True,0.06966124674720664,0.06734200652300255,1.5935613354057363,1.3211404724207454,0.7735758565907827,-0.04612978889757624,-0.7235208015148168,-0.6569760137767662,0.83,-0.29000000000000015,-0.04,-0.5000000000000001,-1.53,0.125,0.0
2020-03-27,JPM,93.19000244140624,94.83999633789062,90.5500030517578,91.12999725341795,76.98521423339844,30041500,0.11,0.03,0.72,265.548,257.879,118.6,20985.448,65.54,3.6,0.9,0.0,True,True,-0.07123922106225633,-0.07390407716260984,1.381641343733368,1.3346391088355887,0.7849153592918796,0.07442622950819677,-0.7560016301755059,-0.6525225288126938,0.69,-0.20000000000000007,-0.020000000000000004,-0.5800000000000001,-1.42,0.125,0.0
2020-03-30,JPM,90.6500015258789,94.08999633789062,89.30000305175781,93.5,78.98734283447266,21656900,0.14,0.12,0.7,265.548,257.879,118.6,20985.448,57.08,3.6,0.9,0.0,False,False,0.02600666401998053,0.025674241873664273,1.1094453876307333,1.3363977625607897,0.7874444851003772,-0.12908147696063488,-0.7604064615729974,-0.6558436023233556,0.58,-0.06000000000000005,0.09999999999999999,-0.42999999999999994,-1.15,0.125,0.0
2020-03-31,JPM,92.0500030517578,94.16999816894533,89.33999633789062,90.02999877929688,76.05594635009766,23379300,0.17,0.11,0.7,265.548,257.879,118.6,20985.448,53.54,3.6,0.9,0.0,True,False,-0.03711223063317992,-0.03781841668922369,1.08477073332452,1.3236368037180775,0.7899548848716185,-0.06201822004204627,-0.7385643934036075,-0.64635591978587,0.59,-0.14,0.1,-0.40000000000000013,-1.0199999999999998,0.125,0.0
2020-04-01,JPM,85.0999984741211,86.55999755859375,83.25,84.36000061035156,71.2660140991211,28029600,0.16,0.09,0.62,265.746,256.032,116.6,19077.992,57.06,14.8,0.9,0.0,True,True,-0.06297906318761382,-0.06504965247639556,0.9763738160489787,1.332974552441299,0.7980651557316925,0.06574523720582759,-0.7348233750606901,-0.6439776042350708,0.53,-0.26,0.09,-0.4,-0.86,0.125,-0.09089422346380227
2020-04-02,JPM,83.51000213623047,87.91000366210938,82.95999908447266,87.51000213623047,73.92709350585938,24018000,0.14,0.09,0.63,265.746,256.032,116.6,19077.992,50.91,14.8,0.9,0.0,True,False,0.03734009036954267,0.036659831479207323,0.9906628179772248,1.3382678988804464,0.8020696416166926,-0.10778128286014732,-0.7394263433081886,-0.6482877820028996,0.54,-0.19999999999999996,0.09,-0.39,-0.63,0.125,-0.09089422346380227
2020-04-03,JPM,86.0,87.4800033569336,82.7699966430664,84.05000305175781,71.7419662475586,21199400,0.15,0.1,0.62,265.746,256.032,116.6,19077.992,46.8,14.8,0.9,0.0,False,False,-0.029557867821864092,-0.03000350496366414,0.9974535247979786,1.3333535083453076,0.8032575497732439,-0.08073070123747794,-0.7276641264861718,-0.6392546615800467,0.52,-0.09999999999999998,0.07,-0.30000000000000004,-0.52,0.125,-0.09089422346380227
2020-04-06,JPM,88.98999786376953,90.98999786376952,87.69999694824219,89.45999908447266,76.35972595214844,26820800,0.2,0.15,0.67,265.746,256.032,116.6,19077.992,45.24,14.8,0.9,0.0,True,True,0.06436622727422092,0.06237953026271253,0.9845846908237565,1.3506072905085496,0.8153258242027243,-0.033333333333333215,-0.7253935349428445,-0.6379895199704132,0.52,-0.029999999999999916,0.03,-0.06999999999999995,-0.30000000000000004,0.125,-0.09089422346380227
2020-04-07,JPM,94.4499969482422,94.5,90.37999725341795,90.63999938964844,77.36693572998047,22563800,0.2,0.14,0.75,265.746,256.032,116.6,19077.992,46.7,14.8,0.9,0.0,False,False,0.013190327299802185,0.013104092415843809,0.8170940294560612,1.256301979841376,0.8160013374203868,0.032272325375773736,-0.6815643609196064,-0.6385375212376025,0.61,0.050000000000000044,0.030000000000000013,0.20999999999999996,-0.19,0.125,-0.09089422346380227
2020-04-08,JPM,92.0999984741211,94.86000061035156,90.5500030517578,94.3000030517578,80.49100494384766,22903300,0.23,0.22,0.77,265.746,256.032,116.6,19077.992,43.35,14.8,0.9,0.0,True,False,0.04037990110879597,0.0395859359789934,0.8205680034466833,1.2352723264746714,0.8206926135481367,-0.07173447537473232,-0.6721913241405865,-0.6414660768028964,0.55,0.15000000000000002,0.13,0.010000000000000009,-0.22,0.125,-0.09089422346380227
2020-04-09,JPM,96.91999816894533,104.38999938964844,96.88999938964844,102.76000213623048,87.71212005615234,42055900,0.25,0.25,0.73,265.746,256.032,116.6,19077.992,41.67,14.8,0.9,0.0,True,True,0.08971331787126147,0.08591465052027696,0.8649367304931839,1.2600486581841785,0.840772094836845,-0.03875432525951561,-0.656943037917931,-0.6380630349488212,0.48,0.09999999999999998,0.16,-0.08999999999999997,-0.16999999999999998,0.125,-0.09089422346380227
2020-04-13,JPM,103.11000061035156,103.11000061035156,97.3000030517578,98.19000244140624,83.81133270263672,26911900,0.27,0.26,0.76,265.746,256.032,116.6,19077.992,41.17,14.8,0.9,0.0,True,True,-0.04447261508464717,-0.04549185541386542,0.8011705946279429,1.231151068875965,0.8447108690299521,-0.011999040076793865,-0.6436097802582688,-0.63170770643132,0.5,0.14,0.16,-0.12,-0.07,0.125,-0.09089422346380227
2020-04-14,JPM,101.0199966430664,102.0,93.63999938964844,95.5,81.51526641845703,46151300,0.25,0.2,0.76,265.746,256.032,116.6,19077.992,37.76,14.8,0.9,0.0,False,True,-0.02739565414531886,-0.027777912736724808,0.8139118761498454,1.0886183244334768,0.8454829177075744,-0.08282730143308248,-0.5432874431867019,-0.6218827068988788,0.56,0.08999999999999997,0.05000000000000002,-0.17999999999999994,-0.08000000000000002,0.125,-0.09089422346380227
2020-04-15,JPM,91.1500015258789,92.02999877929688,90.12999725341795,90.79000091552734,77.49497985839844,30118600,0.19,0.14,0.63,265.746,256.032,116.6,19077.992,40.84,14.8,0.9,0.0,True,True,-0.049319431030508176,-0.050577162482286366,0.8341621223100374,0.9426889948926874,0.8494817508985754,0.08156779661016955,-0.3034816269350837,-0.6225516257557236,0.49,-0.12,0.0,-0.09999999999999998,-0.09999999999999998,0.125,-0.09089422346380227
2020-04-16,JPM,90.2300033569336,90.56999969482422,87.05000305175781,87.33000183105469,74.5416488647461,32449600,0.17,0.14,0.61,265.746,256.032,116.6,19077.992,40.11,14.8,0.9,0.0,True,True,-0.03810996530418842,-0.03885514389822062,0.7841856294050455,0.9284286547113172,0.8517763955244133,-0.017874632713026584,-0.2757039353934457,-0.6178637155113594,0.47,-0.16000000000000003,-0.07999999999999999,-0.41000000000000003,-0.04999999999999999,0.125,-0.09089422346380227
2020-04-17,JPM,92.0,95.6999969482422,90.95999908447266,95.18000030517578,81.24212646484375,30191900,0.16,0.12,0.65,265.746,256.032,116.6,19077.992,38.15,14.8,0.9,0.0,True,True,0.08988904460988656,0.08607589712381412,0.8749269114304893,0.8890758855768559,0.8716567079484226,-0.048865619546247796,-0.2529574050748528,-0.6159660897085305,0.53,-0.07999999999999996,-0.13,-0.5299999999999999,0.09999999999999999,0.125,-0.09089422346380227
2020-04-20,JPM,92.47000122070312,94.70999908447266,90.45999908447266,91.70999908447266,78.28025817871094,23679400,0.15,0.12,0.63,265.746,256.032,116.6,19077.992,43.83,14.8,0.9,0.0,True,False,-0.03645729641769668,-0.037138470799753416,0.8846118526181058,0.9007869415288972,0.8735284027092411,0.1488859764089121,-0.29823661809348223,-0.6182928478940828,0.51,-0.13,-0.14,-0.4900000000000001,0.07999999999999999,0.125,-0.09089422346380227
2020-04-21,JPM,88.62000274658203,91.37999725341795,88.33000183105469,89.05000305175781,76.00979614257812,23035000,0.17,0.11,0.58,265.746,256.032,116.6,19077.992,45.41,14.8,0.9,0.0,False,False,-0.029004273733352126,-0.029433212073672388,0.8479872589584473,0.9040834143754521,0.874724424492842,0.036048368697239264,-0.3425483457912103,-0.6176148999662197,0.47,-0.18000000000000005,-0.09000000000000001,-0.3400000000000001,0.06,0.125,-0.09089422346380227
2020-04-22,JPM,90.69000244140624,91.87000274658205,89.18000030517578,89.33999633789062,76.2573013305664,16662400,0.16,0.12,0.63,265.746,256.032,116.6,19077.992,41.98,14.8,0.9,0.0,False,False,0.003256227493677377,0.003250937465511466,0.8450118053872858,0.8786919583071955,0.8748817712363823,-0.07553402334287607,-0.3870165248291213,-0.6166716267952603,0.51,0.0,-0.020000000000000018,-0.13,0.09999999999999999,0.125,-0.09089422346380227
2020-04-23,JPM,89.73999786376953,91.27999877929688,89.26000213623047,89.38999938964844,76.30000305175781,16638800,0.17,0.11,0.61,265.746,256.032,116.6,19077.992,41.38,14.8,0.9,0.0,False,False,0.0005599689530881857,0.0005598122289783355,0.814097493181193,0.7894958820269745,0.8749284438144049,-0.014292520247736862,-0.4624469718161661,-0.616642066321551,0.5,0.0,-0.030000000000000013,-0.22999999999999998,0.1,0.125,-0.09089422346380227
2020-04-24,JPM,90.63999938964844,91.0999984741211,88.48999786376953,90.70999908447266,77.42671203613281,15809200,0.18,0.12,0.6,265.746,256.032,116.6,19077.992,35.93,14.8,0.9,0.0,False,False,0.014766827513895464,0.014658859515261174,0.6531005563557336,0.7806185610640456,0.8751138132752814,-0.1317061382310295,-0.4954889018816923,-0.6153506545415326,0.48,-0.050000000000000044,0.0,-0.28,0.12,0.125,-0.09089422346380227
2020-04-27,JPM,91.94000244140624,95.62999725341795,91.54000091552734,94.62000274658205,80.7641372680664,22870200,0.17,0.12,0.67,265.746,256.032,116.6,19077.992,33.29,14.8,0.9,0.0,True,False,0.0431043130228248,0.04220118350364998,0.6768898634549338,0.7577995614380353,0.8803681349236859,-0.07347620372947394,-0.5152105337534668,-0.6291291653755952,0.55,0.040000000000000036,0.0,-0.15999999999999992,0.12,0.125,-0.09089422346380227
2020-04-28,JPM,97.80999755859376,98.36000061035156,95.02999877929688,95.29000091552734,81.33599853515625,20238900,0.16,0.11,0.62,265.746,256.032,116.6,19077.992,33.57,14.8,0.9,0.0,False,False,0.007080633638068434,0.007055683656928736,0.6646770504301178,0.7103944965513243,0.8794698045195207,0.008410934214478916,-0.4538127014587198,-0.6282602030836003,0.51,0.040000000000000036,0.0,-0.09999999999999998,0.08,0.125,-0.09089422346380227
2020-04-29,JPM,99.08000183105467,99.4499969482422,97.2699966430664,97.86000061035156,83.52967834472656,20462600,0.18,0.1,0.63,265.746,256.032,116.6,19077.992,31.23,14.8,0.9,0.0,False,False,0.026970589272622414,0.02661329302187328,0.6117760572794675,0.7107858541841183,0.8817574817603725,-0.06970509383378021,-0.45294258127760423,-0.6302801190893979,0.53,0.0,-0.01999999999999999,-0.06999999999999995,-0.01999999999999999,0.125,-0.09089422346380227
2020-04-30,JPM,95.5999984741211,96.83999633789062,94.5500030517578,95.76000213623048,81.7372055053711,19127600,0.16,0.09,0.64,265.746,256.032,116.6,19077.992,34.15,14.8,0.9,0.0,False,False,-0.02145911339389983,-0.0216927080357344,0.5806392120078459,0.7013464283507351,0.8816915443278328,0.09349983989753441,-0.5026990896002257,-0.6304640000413247,0.55,0.030000000000000027,-0.020000000000000004,-0.05999999999999994,-0.020000000000000004,0.125,-0.09089422346380227
2020-05-01,JPM,93.5,93.73999786376952,91.83999633789062,93.25,79.59473419189453,18547700,0.17,0.12,0.64,265.412,255.802,117.2,19077.992,37.19,13.2,0.9,0.0,False,False,-0.026211702494964517,-0.026561352655267437,0.41478244454392954,0.6657655514532581,0.881714933183745,0.08901903367496344,-0.47962599656917876,-0.6331364653045793,0.52,0.040000000000000036,0.0,0.020000000000000018,0.03,0.125,-0.09089422346380227
2020-05-04,JPM,92.0199966430664,92.66999816894533,90.8000030517578,92.13999938964844,78.64729309082031,15725900,0.16,0.13,0.64,265.412,255.802,117.2,19077.992,35.97,13.2,0.9,0.0,False,False,-0.011903313839707552,-0.01197472553616828,0.37222826792438957,0.6581399975647713,0.8814112946790144,-0.032804517343371864,-0.4496137080591482,-0.6312405418483458,0.51,-0.030000000000000027,0.010000000000000009,0.010000000000000009,0.04000000000000001,0.125,-0.09089422346380227
2020-05-05,JPM,93.6500015258789,94.20999908447266,91.9000015258789,92.0,78.5278091430664,18064100,0.16,0.13,0.66,265.412,255.802,117.2,19077.992,33.61,13.2,0.9,0.0,False,False,-0.001519237891836056,-0.0015203931038982594,0.33383989398098723,0.6474816178310377,0.8805198571099957,-0.06561023074784544,-0.49442374552883683,-0.6296441595965954,0.53,0.040000000000000036,0.020000000000000004,0.040000000000000036,0.03,0.125,-0.09089422346380227
2020-05-06,JPM,92.16000366210938,92.76000213623048,89.93000030517578,90.2699966430664,77.05110931396484,20978000,0.16,0.12,0.72,265.412,255.802,117.2,19077.992,34.12,13.2,0.9,0.0,False,False,-0.0188048010662214,-0.018983859665441808,0.35201948762181307,0.6161137686417274,0.8796626866330108,0.015174055340672288,-0.5064347624200323,-0.627977833309378,0.6,0.08999999999999997,0.01999999999999999,0.04999999999999993,-0.03,0.125,-0.09089422346380227
2020-05-07,JPM,91.33999633789062,92.91000366210938,90.58000183105467,91.20999908447266,77.85346984863281,16771900,0.15,0.11,0.63,265.412,255.802,117.2,19077.992,31.44,13.2,0.9,0.0,False,False,0.010413354743518788,0.010359509250564381,0.3550727884930556,0.6154753691517887,0.8802145729983346,-0.07854630715123079,-0.5221901905713647,-0.6281970543771829,0.52,-0.010000000000000009,0.020000000000000004,-0.12,-0.030000000000000013,0.125,-0.09089422346380227
2020-05-08,JPM,92.8000030517578,94.08000183105467,92.11000061035156,92.6999969482422,79.12528228759766,20487800,0.15,0.12,0.69,265.412,255.802,117.2,19077.992,27.98,13.2,0.9,0.0,False,False,0.01633597630828243,0.016203979834740645,0.3566943116214222,0.601848305250973,0.8813528569081174,-0.11005089058524176,-0.5073822178617393,-0.6289312989917384,0.57,0.04999999999999993,0.0,-0.08000000000000007,-0.1,0.125,-0.09089422346380227
2020-05-11,JPM,91.11000061035156,91.11000061035156,89.33000183105469,89.97000122070312,76.79505920410156,31907600,0.16,0.12,0.73,265.412,255.802,117.2,19077.992,27.57,13.2,0.9,0.0,False,True,-0.029449791724298735,-0.029892143269519812,0.3107922379566023,0.5196637165445253,0.8823799408156223,-0.014653323802716223,-0.5539831683498155,-0.6258239721060642,0.61,0.08999999999999997,-0.010000000000000009,0.0,-0.13,0.125,-0.09089422346380227
2020-05-12,JPM,90.1500015258789,90.79000091552734,86.9000015258789,87.02999877929688,74.28556823730469,27962900,0.16,0.13,0.69,265.412,255.802,117.2,19077.992,33.04,13.2,0.9,0.0,False,True,-0.03267776589802862,-0.033223608322280725,0.33195626861516836,0.5096558388776523,0.8838010280826332,0.1984040623866521,-0.575979920866135,-0.6266060019450292,0.5599999999999999,0.029999999999999916,0.0,-0.07000000000000006,-0.13,0.125,-0.09089422346380227
2020-05-13,JPM,86.37999725341797,86.86000061035156,83.4000015258789,84.02999877929688,71.72489166259766,35451600,0.15,0.13,0.64,265.412,255.802,117.2,19077.992,35.28,13.2,0.9,0.0,True,True,-0.03447071396865364,-0.035078845070899846,0.2878135026927873,0.5142395866448027,0.8854301331357203,0.06779661016949157,-0.6404526670987654,-0.6294137894931962,0.51,-0.07999999999999996,0.010000000000000009,-0.12,-0.07,0.125,-0.09089422346380227
2020-05-14,JPM,82.72000122070312,88.11000061035156,82.4000015258789,87.5199966430664,74.70381927490234,35152500,0.15,0.12,0.63,265.412,255.802,117.2,19077.992,32.61,13.2,0.9,0.0,True,True,0.04153268890691275,0.040693367598803584,0.39794439366918727,0.5119488884813611,0.890622068757902,-0.07568027210884354,-0.6344286524864107,-0.6328621702774785,0.51,0.0,0.009999999999999995,0.0,-0.020000000000000018,0.125,-0.09089422346380227
2020-05-15,JPM,86.8499984741211,87.27999877929688,85.30000305175781,85.9000015258789,73.321044921875,26099000,0.15,0.12,0.64,265.412,255.802,117.2,19077.992,31.89,13.2,0.9,0.0,False,True,-0.018510089128627727,-0.018683544614049877,0.390096607839009,0.4981077108264518,0.8908854714162509,-0.022079116835326595,-0.6532260577125972,-0.63144674781437,0.52,-0.04999999999999993,0.0,0.030000000000000027,-0.020000000000000018,0.125,-0.09089422346380227
2020-05-18,JPM,88.69000244140625,91.1500015258789,87.87999725341797,90.4499969482422,77.20476531982422,30504400,0.17,0.13,0.73,265.412,255.802,117.2,19077.992,29.3,13.2,0.9,0.0,True,True,0.05296869953350236,0.05161350767063175,0.4905759564672136,0.432351223729255,0.8985340775336637,-0.0812166823455629,-0.7573563410820824,-0.6353223114240958,0.6,0.0,0.010000000000000009,0.07999999999999996,0.010000000000000009,0.125,-0.09089422346380227
2020-05-19,JPM,90.05000305175781,91.1999969482422,88.58999633789062,88.66999816894531,75.6854019165039,19597300,0.16,0.13,0.7,265.412,255.802,117.2,19077.992,30.53,13.2,0.9,0.0,False,False,-0.019679658334900485,-0.019875881480800474,0.4988138037400964,0.4188120994257606,0.8980246542351934,0.041979522184300455,-0.7387920057579943,-0.6348088381071585,0.57,0.010000000000000009,0.0,0.06999999999999995,0.010000000000000009,0.125,-0.09089422346380227
2020-05-20,JPM,90.70999908447266,92.38999938964844,90.37000274658205,91.33000183105467,77.9559097290039,20552400,0.16,0.12,0.68,265.412,255.802,117.2,19077.992,27.99,13.2,0.9,0.0,False,False,0.029999283283252298,0.02955810639979968,0.5163444996905211,0.41927884366328055,0.9008754023731085,-0.08319685555191625,-0.7433436038720385,-0.6389389242608909,0.56,0.040000000000000036,-0.010000000000000009,0.10000000000000009,0.009999999999999995,0.125,-0.09089422346380227
2020-05-21,JPM,90.2699966430664,91.76000213623048,89.66999816894531,90.16999816894533,76.96575164794922,14621400,0.16,0.12,0.68,265.412,255.802,117.2,19077.992,29.53,13.2,0.9,0.0,False,False,-0.01270151402884978,-0.012782867870264017,0.5178757846435681,0.4219628188076018,0.9008890790462251,0.055019649874955334,-0.7537418576608655,-0.6395598489613106,0.56,0.050000000000000044,0.0,0.050000000000000044,0.0,0.125,-0.09089422346380227
2020-05-22,JPM,90.01000213623047,90.36000061035156,88.72000122070312,89.47000122070312,76.3682632446289,13557900,0.17,0.12,0.66,265.412,255.802,117.2,19077.992,28.16,13.2,0.9,0.0,False,False,-0.007763042529010833,-0.00779333180344673,0.5093038878866014,0.42292407612090743,0.8998937649784969,-0.04639349813748739,-0.7429243053244565,-0.6746043471762719,0.54,0.020000000000000018,0.0,0.050000000000000044,0.009999999999999995,0.125,-0.09089422346380227
2020-05-26,JPM,92.88999938964844,97.5,92.61000061035156,95.81999969482422,81.78840637207031,41233900,0.17,0.14,0.69,265.412,255.802,117.2,19077.992,28.01,13.2,0.9,0.0,True,True,0.07097376445604331,0.0685682948593569,0.5986874986385987,0.48331767305083667,0.9084035729366075,-0.005326704545454475,-0.6411372738986121,-0.6645499282176165,0.5499999999999999,-0.040000000000000036,0.010000000000000009,0.08999999999999997,0.020000000000000018,0.125,-0.09089422346380227
2020-05-27,JPM,102.06999969482422,102.58000183105467,98.8000030517578,101.37000274658205,86.52567291259766,39402000,0.18,0.15,0.68,265.412,255.802,117.2,19077.992,27.62,13.2,0.9,0.0,True,True,0.057921003118420744,0.05630566440876727,0.6018823631152816,0.5000553237465465,0.9163455217468015,-0.0139235987147448,-0.5834814226394485,-0.6612776689270891,0.53,-0.019999999999999907,0.01999999999999999,0.010000000000000009,0.03,0.125,-0.09089422346380227
2020-05-28,JPM,102.94000244140624,102.9499969482422,99.4000015258789,99.86000061035156,85.23680114746094,24713900,0.17,0.15,0.7,265.412,255.802,117.2,19077.992,28.59,13.2,0.9,0.0,False,True,-0.014895830587051906,-0.015007887652607296,0.5619990984501957,0.5037840792278426,0.9132172090400633,0.03511947863866749,-0.5914813021267451,-0.6860011237146025,0.5499999999999999,0.019999999999999907,0.03,0.07999999999999996,0.039999999999999994,0.125,-0.09089422346380227
2020-05-29,JPM,98.66000366210938,99.18000030517578,96.77999877929688,97.30999755859376,83.0602035522461,26526400,0.17,0.14,0.65,265.412,255.802,117.2,19077.992,27.51,13.2,0.9,0.0,False,True,-0.025535890201337952,-0.025867590062495453,0.5832156786985068,0.5045818895613068,0.9105626672901725,-0.03777544596012583,-0.5455225527987873,-0.683158774272877,0.51,-0.030000000000000027,0.020000000000000018,0.020000000000000018,0.04000000000000001,0.125,-0.09089422346380227
2020-06-01,JPM,97.75,99.51000213623048,97.37999725341795,98.5999984741211,84.16130828857422,15176800,0.17,0.14,0.66,265.849,257.042,117.5,19077.992,28.23,11.0,0.9,0.0,False,False,0.013256706451911349,0.013169605257805448,0.5598817618015379,0.5003654129440819,0.9058904193847442,0.026172300981461172,-0.5166390916321908,-0.6774787162708794,0.52,0.0,0.020000000000000018,0.020000000000000018,0.05000000000000002,0.125,-0.09089422346380227
2020-06-02,JPM,100.27999877929688,100.41999816894533,97.93000030517578,98.93000030517578,84.44296264648438,21195000,0.17,0.15,0.68,265.849,257.042,117.5,19077.992,26.84,11.0,0.9,0.0,False,False,0.0033466014685086254,0.00334101406022961,0.5195568942752286,0.48993022024489086,0.9031564887740565,-0.04923839886645409,-0.484785971402189,-0.67441380470367,0.53,-0.009999999999999898,0.009999999999999981,0.040000000000000036,0.03,0.125,-0.09089422346380227
2020-06-03,JPM,101.58000183105467,104.91999816894533,101.05999755859376,104.2699966430664,89.00100708007812,25941100,0.17,0.16,0.77,265.849,257.042,117.5,19077.992,25.66,11.0,0.9,0.0,True,True,0.0539777891578217,0.05257137699184129,0.5340501576729002,0.5157214121332758,0.9083077269267041,-0.04396423248882264,-0.4986507760141284,-0.6744943665754548,0.61,0.08999999999999997,0.010000000000000009,0.13,0.03,0.125,-0.09089422346380227
2020-06-04,JPM,103.81999969482422,106.61000061035156,102.79000091552734,106.44000244140624,90.85324096679688,26784700,0.17,0.15,0.82,265.849,257.042,117.5,19077.992,25.81,11.0,0.9,0.0,False,True,0.02081138121338566,0.02059778285401907,0.5296537908544494,0.5174061858814516,0.9040555941569735,0.005845674201091056,-0.5084294262415063,-0.671894931829378,0.6699999999999999,0.12,0.0,0.15999999999999992,0.01999999999999999,0.125,-0.09089422346380227
2020-06-05,JPM,114.93000030517578,115.7699966430664,109.52999877929688,111.2300033569336,94.94181060791016,42231000,0.18,0.15,0.91,265.849,257.042,117.5,19077.992,24.52,11.0,0.9,0.0,True,True,0.045001912948900546,0.0440187159882094,0.5219942326590339,0.5236207338997696,0.9021452892218854,-0.049980627663696264,-0.513958025949864,-0.6712231323751267,0.76,0.26,0.009999999999999981,0.19000000000000006,0.03,0.125,-0.09089422346380227
2020-06-08,JPM,113.41000366210938,114.19000244140624,111.94000244140624,113.4499969482422,96.8367156982422,24881800,0.19,0.17,0.88,265.849,257.042,117.5,19077.992,25.81,11.0,0.9,0.0,False,True,0.01995859440850145,0.019762032755077038,0.49718825181958953,0.5247269187606565,0.8524954752284831,0.05261011419249595,-0.5028277454485797,-0.6283658233731947,0.71,0.21999999999999997,0.03,0.25,0.06000000000000001,0.125,-0.09089422346380227
2020-06-09,JPM,110.6500015258789,111.62999725341795,109.01000213623048,110.54000091552734,94.35285186767578,17031100,0.19,0.19,0.84,265.849,257.042,117.5,19077.992,27.57,11.0,0.9,0.0,False,False,-0.025650021406204204,-0.025984718941721566,0.48493076475606417,0.5389955512421186,0.8418661725325283,0.06819062378922913,-0.5474167505174521,-0.620896489114036,0.6499999999999999,0.15999999999999992,0.04000000000000001,0.15000000000000002,0.07,0.125,-0.09089422346380227
2020-06-10,JPM,110.45999908447266,110.51000213623048,105.8499984741211,106.05999755859376,90.5288543701172,24913300,0.18,0.17,0.75,265.849,257.042,117.5,19077.992,27.57,11.0,0.9,0.0,True,True,-0.04052869014411464,-0.041372865121727116,0.49575310165782,0.5506096278851466,0.840329062489141,0.0,-0.5489406777032162,-0.6110797473805695,0.58,-0.020000000000000018,0.010000000000000009,0.020000000000000018,0.05000000000000002,0.125,-0.09089422346380227
2020-06-11,JPM,100.02999877929688,101.58000183105467,96.54000091552734,97.20999908447266,82.97486114501953,36259200,0.19,0.17,0.66,265.849,257.042,117.5,19077.992,40.79,11.0,0.9,0.0,True,True,-0.08344293405298164,-0.08713094855945952,0.6750829532972729,0.6275501796456718,0.8408008382086123,0.4795067101922379,-0.6560094805548023,-0.6014359988052783,0.49,-0.15999999999999992,0.020000000000000018,-0.029999999999999916,0.04000000000000001,0.125,-0.09089422346380227
2020-06-12,JPM,100.70999908447266,101.12999725341795,97.33000183105467,99.87000274658205,85.24533081054688,24856800,0.18,0.16,0.71,265.849,257.042,117.5,19077.992,36.09,11.0,0.9,0.0,False,True,0.02736334395979423,0.02699565996388162,0.67642004782952,0.613958481818446,0.7740371104489492,-0.11522431968619751,-0.6571397017385169,-0.5626158077854736,0.5499999999999999,-0.20000000000000007,0.010000000000000009,0.06999999999999995,0.03,0.125,-0.09089422346380227
2020-06-15,JPM,96.41999816894533,101.43000030517578,95.87000274658205,101.25,86.4232406616211,22153600,0.17,0.18,0.71,265.849,257.042,117.5,19077.992,34.4,11.0,0.9,0.0,False,False,0.013817881165738788,0.013723284665155874,0.6766680341228727,0.6029972535726692,0.7012564671446629,-0.04682737600443354,-0.6466808657504943,-0.4553056025893814,0.53,-0.17000000000000004,0.009999999999999981,0.07999999999999996,0.06,0.125,-0.09089422346380227
2020-06-16,JPM,105.37000274658205,105.68000030517578,99.30999755859376,102.05999755859376,87.1146240234375,22193600,0.18,0.17,0.75,265.849,257.042,117.5,19077.992,33.67,11.0,0.9,0.0,False,False,0.007999970338111062,0.00796814022269932,0.677198397791785,0.5957520911280971,0.6917494339968868,-0.021220930232558,-0.6639033846081756,-0.4472405505849845,0.58,-0.08999999999999997,-0.01999999999999999,0.10999999999999999,0.05000000000000002,0.125,-0.09089422346380227
2020-06-17,JPM,102.52999877929688,102.54000091552734,99.20999908447266,99.4800033569336,84.91244506835938,15639800,0.19,0.17,0.74,265.849,257.042,117.5,19077.992,33.47,11.0,0.9,0.0,False,False,-0.025279096130698453,-0.02560410140408231,0.6293591666529451,0.5848162400573842,0.6552627468695047,-0.005940005940005988,-0.6322138427830534,-0.46237970487027863,0.57,-0.010000000000000009,0.0,0.010000000000000009,0.04000000000000001,0.125,-0.09089422346380227
2020-06-18,JPM,98.66999816894533,100.5199966430664,98.12999725341795,98.94000244140624,84.45153045654297,16591900,0.19,0.16,0.71,265.849,257.042,117.5,19077.992,32.94,11.0,0.9,0.0,False,False,-0.005428116119437387,-0.005442901871867819,0.6134218506122551,0.5793380404401042,0.6548623789908596,-0.015835076187630803,-0.6259840167990325,-0.4606213162748279,0.5499999999999999,0.04999999999999993,-0.010000000000000009,0.010000000000000009,0.03,0.125,-0.09089422346380227
2020-06-19,JPM,100.52999877929688,100.5999984741211,96.7300033569336,97.80999755859376,83.48698425292969,40371200,0.18,0.15,0.7,265.849,257.042,117.5,19077.992,35.12,11.0,0.9,0.0,False,True,-0.011421299275441998,-0.011487023228528117,0.5425759065746215,0.575042459684955,0.6537005279438346,0.06618093503339395,-0.6194277178533408,-0.47404537875713915,0.5499999999999999,-0.010000000000000009,-0.010000000000000009,0.019999999999999907,0.03,0.125,-0.09089422346380227
2020-06-22,JPM,97.25,97.9499969482422,96.54000091552734,96.75,82.58222198486328,16216900,0.17,0.16,0.71,265.849,257.042,117.5,19077.992,31.77,11.0,0.9,0.0,False,False,-0.010837165531400239,-0.010896315342150902,0.5119294981634392,0.574415917018432,0.6437534562628658,-0.09538724373576302,-0.582062582243005,-0.4884306251358234,0.5499999999999999,0.0,-0.01999999999999999,0.029999999999999916,0.04000000000000001,0.125,-0.09089422346380227
2020-06-23,JPM,98.97000122070312,99.97000122070312,97.8499984741211,97.93000030517578,83.58942413330078,15381400,0.18,0.16,0.72,265.849,257.042,117.5,19077.992,31.37,11.0,0.9,0.0,False,False,0.012196355634777056,0.012122579351502275,0.5264931006287363,0.5736887108931189,0.604800095949892,-0.012590494176896394,-0.5959899532600126,-0.52745290664542,0.5599999999999999,-0.030000000000000027,-0.010000000000000009,0.05999999999999994,0.04000000000000001,0.125,-0.09089422346380227
2020-06-24,JPM,96.75,96.83999633789062,94.30999755859376,94.66000366210938,80.79826354980469,22919800,0.17,0.15,0.69,265.849,257.042,117.5,19077.992,33.84,11.0,0.9,0.0,True,False,-0.0333913125067713,-0.033961531929741474,0.5161734982625885,0.5377917224533144,0.6047456510021012,0.07873764743385414,-0.6491495401439296,-0.5456034888212733,0.5399999999999999,-0.050000000000000044,-0.020000000000000018,0.0,0.009999999999999981,0.125,-0.09089422346380227
2020-06-25,JPM,94.3499984741211,98.20999908447266,94.26000213623048,97.95999908447266,83.61502075195312,25743600,0.17,0.16,0.68,265.849,257.042,117.5,19077.992,32.22,11.0,0.9,0.0,True,True,0.034861605663247586,0.03426770344174722,0.35040670116195144,0.5132798131493088,0.5934353641164909,-0.04787234042553201,-0.686427951542118,-0.5503411361801616,0.52,-0.029999999999999916,0.0,0.0,0.010000000000000009,0.125,-0.09089422346380227
2020-06-26,JPM,95.11000061035156,95.37000274658205,92.0,92.58999633789062,79.0313949584961,41896300,0.17,0.14,0.64,265.849,257.042,117.5,19077.992,34.73,11.0,0.9,0.0,True,True,-0.054818210319585,-0.056377999956951134,0.4189294186164686,0.5458400901330096,0.5855299994002003,0.07790192427063936,-0.6804070583224147,-0.5514292186069571,0.5,-0.05999999999999994,-0.009999999999999981,-0.05999999999999994,-0.009999999999999981,0.125,-0.09089422346380227
2020-06-29,JPM,93.4000015258789,94.48999786376952,92.18000030517578,93.0,79.38134765625,18499700,0.16,0.14,0.64,265.849,257.042,117.5,19077.992,31.78,11.0,0.9,0.0,False,False,0.004428021268480631,0.0044182464271511285,0.40815295444425753,0.5403268093839884,0.5833423747967746,-0.08494097322199812,-0.7023300607459939,-0.5447551688300911,0.5,-0.06999999999999995,-0.01999999999999999,-0.010000000000000009,0.0,0.125,-0.09089422346380227
2020-06-30,JPM,92.83000183105467,94.66000366210938,92.56999969482422,94.05999755859376,80.28614044189453,19137000,0.16,0.16,0.66,265.849,257.042,117.5,19077.992,30.43,11.0,0.9,0.0,False,False,0.011398052720931418,0.011333584331589024,0.4122836313124806,0.5397076744140715,0.5786275027865591,-0.04247954688483324,-0.7113180750285973,-0.5624130335048393,0.5,-0.05999999999999994,0.0,0.0,0.01999999999999999,0.125,-0.09089422346380227
2020-07-01,JPM,94.88999938964844,95.70999908447266,93.02999877929688,93.26000213623048,79.6032943725586,18755700,0.16,0.14,0.69,267.389,258.352,118.2,20558.879,28.62,10.2,0.9,0.0,False,False,-0.008505155006549803,-0.008541530235549927,0.4008104868508563,0.539727830646493,0.5632999394543203,-0.05948077555044362,-0.7002628243344808,-0.5521755519420759,0.5499999999999999,0.0,-0.009999999999999981,0.009999999999999898,-0.009999999999999981,0.125,0.07762279174873354
2020-07-02,JPM,94.73999786376952,94.95999908447266,91.93000030517578,92.66000366210938,79.86186218261719,27845600,0.16,0.14,0.68,267.389,258.352,118.2,20558.879,27.68,10.2,0.9,0.0,False,True,0.003248204890220263,0.003242940868715888,0.4037861591979466,0.5016589799582035,0.558831002900127,-0.03284416491963671,-0.7217165712471064,-0.5439734424740025,0.54,0.0,-0.01999999999999999,-0.08999999999999997,-0.01999999999999999,0.125,0.07762279174873354
2020-07-06,JPM,94.43000030517578,95.1999969482422,93.4800033569336,95.0,81.87864685058594,18625300,0.16,0.15,0.69,267.389,258.352,118.2,20558.879,27.94,10.2,0.9,0.0,False,False,0.025253413993240548,0.024939815197426274,0.4294740282753849,0.5046843682563149,0.5571526506372921,0.009393063583815087,-0.716014504665003,-0.5591332286024732,0.5399999999999999,0.04999999999999993,0.009999999999999981,-0.13,0.0,0.125,0.07762279174873354
2020-07-07,JPM,93.81999969482422,94.0999984741211,92.0,92.31999969482422,79.56881713867188,25757200,0.15,0.15,0.65,267.389,258.352,118.2,20558.879,29.43,10.2,0.9,0.0,False,True,-0.028210404064555328,-0.028615963040637526,0.44860063508332415,0.4778899900394913,0.546762371728341,0.053328561202576896,-0.7297549421577911,-0.5682914964688262,0.5,0.010000000000000009,0.009999999999999981,-0.26,0.0,0.125,0.07762279174873354
2020-07-08,JPM,92.29000091552734,93.33999633789062,91.8000030517578,93.3000030517578,80.4134521484375,18762200,0.15,0.15,0.67,267.389,258.352,118.2,20558.879,28.08,10.2,0.9,0.0,False,False,0.010615151011904578,0.01055920585898107,0.44712119741114764,0.47208196687250276,0.5465504775771919,-0.04587155963302758,-0.7684107854516975,-0.5725262816989924,0.52,0.010000000000000009,-0.010000000000000009,-0.20999999999999996,-0.020000000000000018,0.125,0.07762279174873354
2020-07-09,JPM,93.5199966430664,94.12000274658205,90.77999877929688,91.27999877929688,78.67244720458984,25600800,0.15,0.13,0.62,267.389,258.352,118.2,20558.879,29.26,10.2,0.9,0.0,False,True,-0.021650667858828965,-0.021888482396202693,0.4280750810094416,0.47041893383753425,0.5425477080983768,0.042022792022792244,-0.7660312160482844,-0.5693845864873367,0.49,-0.06999999999999995,-0.010000000000000009,-0.21999999999999997,-0.06,0.125,0.07762279174873354
2020-07-10,JPM,92.0,96.83999633789062,91.87000274658205,96.2699966430664,82.97323608398438,28954200,0.15,0.13,0.65,267.389,258.352,118.2,20558.879,27.29,10.2,0.9,0.0,True,True,0.05466702806651247,0.05322510390460231,0.4811593738040723,0.5006829797242461,0.5250767309198333,-0.06732740943267268,-0.7711412111466417,-0.5900759812490242,0.52,-0.030000000000000027,-0.010000000000000009,-0.09999999999999998,-0.04000000000000001,0.125,0.07762279174873354
2020-07-13,JPM,98.7300033569336,99.2699966430664,96.2300033569336,97.6500015258789,84.16262817382812,32079200,0.16,0.14,0.64,267.389,258.352,118.2,20558.879,32.19,10.2,0.9,0.0,False,True,0.014334647483676077,0.014232877826242687,0.37050677393920395,0.4025109934291206,0.517991590174498,0.17955294979846093,-0.453192569336339,-0.5681259025773215,0.5,-0.04999999999999993,-0.009999999999999981,-0.020000000000000018,-0.03,0.125,0.07762279174873354
2020-07-14,JPM,98.37000274658205,99.9499969482422,96.63999938964844,98.20999908447266,84.64530181884766,42731700,0.17,0.15,0.63,267.389,258.352,118.2,20558.879,29.52,10.2,0.9,0.0,False,True,0.0057350115543282065,0.005718628981881878,0.37038025948670894,0.3915813830706577,0.5149966119943108,-0.08294501397949672,-0.40672572195816603,-0.5860639612499365,0.48,-0.020000000000000018,0.0,-0.07999999999999996,-0.010000000000000009,0.125,0.07762279174873354
2020-07-15,JPM,100.88999938964844,101.29000091552734,98.6500015258789,99.7300033569336,85.95535278320312,22508400,0.15,0.16,0.64,267.389,258.352,118.2,20558.879,27.76,10.2,0.9,0.0,False,False,0.015476948350413577,0.015358401978012486,0.37242057916783855,0.39236130067165337,0.5051553874244737,-0.05962059620596194,-0.41114545178050727,-0.5804120839020925,0.48,-0.030000000000000027,0.010000000000000009,-0.06999999999999995,-0.01999999999999999,0.125,0.07762279174873354
2020-07-16,JPM,98.77999877929688,101.22000122070312,98.5500030517578,100.01000213623048,86.19667053222656,16886900,0.14,0.11,0.62,267.389,258.352,118.2,20558.879,28.0,10.2,0.9,0.0,False,False,0.0028074778499493913,0.0028035442446303896,0.36356440544477336,0.39140361119230593,0.4984061546774147,0.008645533141210304,-0.4073060877830402,-0.5916731576402109,0.51,0.0,-0.020000000000000004,-0.13,-0.06000000000000001,0.125,0.07762279174873354
2020-07-17,JPM,100.0,100.08000183105467,98.13999938964844,98.16000366210938,84.6021957397461,16137700,0.14,0.11,0.64,267.389,258.352,118.2,20558.879,25.68,10.2,0.9,0.0,False,False,-0.01849810187139811,-0.018671331361630985,0.387384618038646,0.386508071993246,0.47007130416025544,-0.08285714285714285,-0.35932346349690275,-0.5939360162614699,0.53,-0.010000000000000009,-0.020000000000000004,-0.09999999999999998,-0.06000000000000001,0.125,0.07762279174873354
2020-07-20,JPM,97.43000030517578,98.38999938964844,97.26000213623048,97.3000030517578,83.86096954345703,14458100,0.14,0.13,0.62,267.389,258.352,118.2,20558.879,24.46,10.2,0.9,0.0,False,False,-0.008761311568901031,-0.008799917517005715,0.3775269648986207,0.3872588676854751,0.4641936374720439,-0.04750778816199375,-0.3478334377092735,-0.5761454452502658,0.49,-0.020000000000000018,-0.010000000000000009,-0.08999999999999997,-0.03,0.125,0.07762279174873354
2020-07-21,JPM,97.70999908447266,100.0500030517578,97.63999938964844,99.41000366210938,85.6795425415039,17798100,0.15,0.13,0.61,267.389,258.352,118.2,20558.879,24.84,10.2,0.9,0.0,False,False,0.021685570867440163,0.02145378384490742,0.3446135600559398,0.39208737692377854,0.4617424662030122,0.015535568274734235,-0.30777323585013333,-0.569517458106036,0.48,-0.020000000000000018,-0.01999999999999999,-0.08999999999999997,-0.01999999999999999,0.125,0.07762279174873354
2020-07-22,JPM,99.6500015258789,100.12999725341795,97.52999877929688,98.69000244140624,85.05897521972656,14271200,0.14,0.13,0.6,267.389,258.352,118.2,20558.879,24.32,10.2,0.9,0.0,False,False,-0.007242887897968564,-0.007269244955106742,0.35158707460222965,0.39087287058044673,0.46209668009369353,-0.020933977455716568,-0.34930015183118973,-0.5703152822145211,0.47,-0.040000000000000036,-0.03,-0.10999999999999999,-0.03,0.125,0.07762279174873354
2020-07-23,JPM,98.5,99.3499984741211,97.97000122070312,98.9800033569336,85.3089370727539,12870200,0.14,0.12,0.59,267.389,258.352,118.2,20558.879,26.08,10.2,0.9,0.0,False,False,0.002938688743682194,0.002934379238714221,0.31765887663537545,0.3889904899874395,0.46209656341970434,0.07236842105263142,-0.3340891328393052,-0.5668375384266989,0.47,-0.030000000000000027,0.009999999999999995,-0.13,-0.04000000000000001,0.125,0.07762279174873354
2020-07-24,JPM,99.5999984741211,99.8000030517578,97.94000244140624,98.27999877929688,84.70562744140625,12744200,0.16,0.11,0.59,267.389,258.352,118.2,20558.879,25.84,10.2,0.9,0.0,False,False,-0.007072056598632082,-0.007097182120384306,0.2004119549449922,0.3692237354999274,0.4616788266412971,-0.009202453987730008,-0.2667822372296128,-0.5661252576599551,0.48,-0.050000000000000044,0.0,-0.09999999999999998,-0.039999999999999994,0.125,0.07762279174873354
2020-07-27,JPM,97.51000213623048,97.62999725341795,96.16999816894533,96.9000015258789,83.51622009277344,11959100,0.14,0.11,0.62,267.389,258.352,118.2,20558.879,24.74,10.2,0.9,0.0,False,False,-0.014041656789043566,-0.014141173536734776,0.20278373299064703,0.35410072441448914,0.4551591788035385,-0.042569659442724506,-0.22023518493079489,-0.5535070694033865,0.51,0.0,-0.020000000000000004,-0.06000000000000005,-0.05,0.125,0.07762279174873354
2020-07-28,JPM,96.5,97.88999938964844,96.5,97.31999969482422,83.87820434570312,11754300,0.14,0.11,0.59,267.389,258.352,118.2,20558.879,25.44,10.2,0.9,0.0,False,False,0.0043342988048020725,0.004324932785402666,0.20165240815307858,0.2888760787504426,0.455032842865004,0.02829426030719495,-0.05793136858781165,-0.5529523174932053,0.48,-0.020000000000000018,-0.020000000000000004,-0.050000000000000044,-0.030000000000000013,0.125,0.07762279174873354
2020-07-29,JPM,97.06999969482422,99.70999908447266,97.0,99.68000030517578,85.91223907470703,12743500,0.13,0.11,0.58,267.389,258.352,118.2,20558.879,24.1,10.2,0.9,0.0,False,False,0.02424986019753894,0.023960500952316582,0.22442226635457363,0.29801378456069416,0.4544443489566833,-0.05267295597484278,-0.09010081232769518,-0.5511381496144802,0.47,-0.020000000000000018,-0.020000000000000004,-0.06000000000000005,-0.030000000000000013,0.125,0.07762279174873354
2020-07-30,JPM,97.54000091552734,97.73999786376952,96.0500030517578,97.0199966430664,83.6196517944336,14834800,0.11,0.09,0.55,267.389,258.352,118.2,20558.879,24.76,10.2,0.9,0.0,False,False,-0.026685223257653212,-0.02704773756039816,0.26086504958215473,0.31491145280744953,0.4556293609237511,0.027385892116182475,-0.11815811795950742,-0.5459383901634254,0.4600000000000001,-0.039999999999999925,-0.03,-0.10999999999999999,-0.07,0.125,0.07762279174873354
2020-07-31,JPM,96.4800033569336,96.93000030517578,95.25,96.63999938964844,83.2921142578125,14535000,0.11,0.09,0.55,267.389,258.352,118.2,20558.879,24.46,10.2,0.9,0.0,False,False,-0.003916992352782089,-0.003924683858944992,0.2462076967214249,0.3133781445297147,0.4524307874336723,-0.012116316639741553,-0.1426091609270616,-0.5382050971051504,0.4600000000000001,-0.039999999999999925,-0.020000000000000004,-0.1399999999999999,-0.05000000000000002,0.125,0.07762279174873354
2020-08-03,JPM,97.0199966430664,97.56999969482422,95.8499984741211,96.0999984741211,82.82670593261719,12962800,0.12,0.1,0.56,267.389,258.352,118.2,20558.879,24.28,10.2,0.9,0.0,False,False,-0.005587663722339209,-0.005603333112726367,0.2440898041218421,0.3144882676928096,0.4518832338824116,-0.007358953393295176,-0.1408347355644478,-0.5416904586681334,0.4600000000000001,-0.05999999999999994,-0.009999999999999995,-0.12,-0.04000000000000001,0.125,0.07762279174873354
2020-08-04,JPM,95.91000366210938,95.9499969482422,95.02999877929688,95.5500030517578,82.3526840209961,13366200,0.14,0.09,0.52,267.389,258.352,118.2,20558.879,23.76,10.2,0.9,0.0,False,False,-0.0057230564258673455,-0.005739495865861348,0.2089365258241358,0.30374013132638633,0.45205087460987536,-0.021416803953871466,-0.1558795116975399,-0.5438119513158497,0.43000000000000005,-0.06999999999999995,-0.020000000000000004,-0.16999999999999993,-0.06,0.125,0.07762279174873354
2020-08-05,JPM,95.87000274658205,98.47000122070312,95.72000122070312,97.20999908447266,83.78340148925781,15260900,0.12,0.1,0.55,267.389,258.352,118.2,20558.879,22.99,10.2,0.9,0.0,False,False,0.017373052078022866,0.017223866008386372,0.23288124810787542,0.28999978483388256,0.45142464429469875,-0.03240740740740755,-0.10157488070922996,-0.5450738590523174,0.45000000000000007,-0.029999999999999916,-0.009999999999999995,-0.09999999999999998,-0.04999999999999999,0.125,0.07762279174873354
2020-08-06,JPM,97.58000183105467,98.0999984741211,96.54000091552734,97.23999786376952,83.80925750732422,10482100,0.14,0.1,0.55,267.389,258.352,118.2,20558.879,22.65,10.2,0.9,0.0,False,False,0.0003086054947258887,0.00030855788584485753,0.23184855834785636,0.28856202966033473,0.45105488931801824,-0.014789038712483715,-0.08867660609402453,-0.5442998454549062,0.45000000000000007,0.0,0.010000000000000009,-0.12,-0.04999999999999999,0.125,0.07762279174873354
2020-08-07,JPM,96.93000030517578,99.48999786376952,96.55999755859376,99.37999725341795,85.6536865234375,14743700,0.14,0.1,0.57,267.389,258.352,118.2,20558.879,22.21,10.2,0.9,0.0,False,False,0.022007461597569833,0.021768792730956422,0.25718851673150106,0.28265124951862824,0.45194519959602747,-0.019426048565121312,-0.039099562931315626,-0.5419169425419819,0.47,0.019999999999999907,0.010000000000000009,-0.050000000000000044,-0.03,0.125,0.07762279174873354
2020-08-10,JPM,100.11000061035156,102.04000091552734,100.02999877929688,100.63999938964844,86.73965454101562,14989900,0.13,0.11,0.59,267.389,258.352,118.2,20558.879,22.13,10.2,0.9,0.0,False,False,0.01267859051555198,0.01259889013880188,0.24763363372718167,0.22215216620443848,0.44801414265115447,-0.0036019810895994153,0.13727875772106318,-0.5500110224465956,0.48,0.029999999999999916,0.009999999999999995,-0.06000000000000005,-0.020000000000000004,0.125,0.07762279174873354
2020-08-11,JPM,103.86000061035156,106.16000366210938,103.51000213623048,103.81999969482422,89.48043823242188,31518600,0.15,0.11,0.64,267.389,258.352,118.2,20558.879,24.03,10.2,0.9,0.0,False,True,0.03159781654549065,0.03110887845194286,0.28320873666932533,0.2406720906120397,0.44596623745314545,0.08585630366018981,0.20817519625168682,-0.5064553907448867,0.53,0.12,0.020000000000000004,0.0,-0.030000000000000013,0.125,0.07762279174873354
2020-08-12,JPM,106.16000366210938,106.43000030517578,101.70999908447266,102.94000244140624,88.72199249267578,19240800,0.13,0.11,0.69,267.389,258.352,118.2,20558.879,22.28,10.2,0.9,0.0,False,False,-0.008476106674579098,-0.008512233152863348,0.27379868144702535,0.24361600221368027,0.4398811367498563,-0.07282563462338743,0.2764667759200901,-0.48849368636070223,0.58,0.1399999999999999,0.009999999999999995,0.05999999999999994,-0.039999999999999994,0.125,0.07762279174873354
2020-08-13,JPM,102.0,103.36000061035156,101.63999938964844,102.37000274658205,88.23070526123047,13598600,0.14,0.1,0.71,267.389,258.352,118.2,20558.879,22.13,10.2,0.9,0.0,False,False,-0.005537378249094949,-0.005552766360852916,0.2240030442431342,0.24017315161591352,0.43361408271649143,-0.006732495511669767,0.33955373352648754,-0.4788310060806199,0.61,0.15999999999999992,0.0,0.06999999999999995,-0.06,0.125,0.07762279174873354
2020-08-14,JPM,101.5,103.30999755859376,101.41999816894533,102.41000366210938,88.26519012451172,12134400,0.13,0.1,0.71,267.389,258.352,118.2,20558.879,22.05,10.2,0.9,0.0,False,False,0.00039084877740869217,0.0003907724159218392,0.22000234363363577,0.24012119015266473,0.4314740983456727,-0.0036150022593763875,0.3384101484783374,-0.48440627938658937,0.61,0.14,0.0,0.08999999999999997,-0.009999999999999995,0.125,0.07762279174873354
2020-08-17,JPM,101.5,102.0,99.52999877929688,99.70999908447266,85.93810272216797,14988000,0.13,0.1,0.69,267.389,258.352,118.2,20558.879,21.35,10.2,0.9,0.0,False,False,-0.026364724293473252,-0.02671850572759193,0.27040594902448,0.2499011928896753,0.4239372768274887,-0.031746031746031744,0.2836833341961375,-0.46111657556501645,0.59,0.09999999999999998,-0.009999999999999995,0.04999999999999993,-0.009999999999999995,0.125,0.07762279174873354
2020-08-18,JPM,99.91000366210938,99.91000366210938,98.12000274658205,98.31999969482422,84.74008178710938,13246500,0.13,0.09,0.67,267.389,258.352,118.2,20558.879,21.51,10.2,0.9,0.0,False,False,-0.013940509472634255,-0.014038590979145765,0.28148942852037184,0.2530615292872065,0.42288917258876607,0.007494145199063329,0.23725782584889146,-0.45728548950935527,0.5800000000000001,0.030000000000000027,-0.020000000000000004,0.050000000000000044,-0.04000000000000001,0.125,0.07762279174873354
2020-08-19,JPM,98.91999816894533,100.58999633789062,98.33999633789062,98.5500030517578,84.93832397460938,13533000,0.13,0.11,0.68,267.389,258.352,118.2,20558.879,22.54,10.2,0.9,0.0,False,False,0.002339414634954462,0.0023366824648268546,0.26989732676033534,0.24151511886036792,0.4191127089318626,0.04788470478847029,0.2115756641733405,-0.4463564901036905,0.5700000000000001,-0.009999999999999898,0.0,0.07000000000000006,-0.020000000000000004,0.125,0.07762279174873354
2020-08-20,JPM,97.26000213623048,98.02999877929688,96.8000030517578,97.37000274658205,83.92130279541016,13672600,0.12,0.11,0.65,267.389,258.352,118.2,20558.879,22.72,10.2,0.9,0.0,False,False,-0.011973643128433298,-0.012045904594581098,0.27825278426508326,0.2437797348236561,0.41901419842492493,0.007985803016858917,0.1891972947892465,-0.4429622236494104,0.54,-0.05999999999999994,0.009999999999999995,0.050000000000000044,-0.020000000000000004,0.125,0.07762279174873354
2020-08-21,JPM,97.2699966430664,98.56999969482422,96.94000244140624,97.31999969482422,83.87820434570312,12228300,0.13,0.1,0.64,267.389,258.352,118.2,20558.879,22.54,10.2,0.9,0.0,False,False,-0.0005135579199967433,-0.000513689836031622,0.25087813045122265,0.24343488198014543,0.4186196621849855,-0.007922535211267623,0.18580329531934214,-0.44768618925277864,0.54,-0.06999999999999995,0.0,0.050000000000000044,-0.01999999999999999,0.125,0.07762279174873354
2020-08-24,JPM,98.4499969482422,100.20999908447266,97.41999816894533,100.05999755859376,86.23976135253906,17898300,0.14,0.12,0.65,267.389,258.352,118.2,20558.879,22.37,10.2,0.9,0.0,False,False,0.028154596599407444,0.027765541523251912,0.28498460084572663,0.26137687436971413,0.39956540488062625,-0.007542147293699952,0.16807674139606962,-0.46965255333782857,0.53,-0.039999999999999925,0.01999999999999999,0.06000000000000005,0.009999999999999995,0.125,0.07762279174873354
2020-08-25,JPM,101.2699966430664,101.9800033569336,99.8000030517578,100.5,86.61900329589844,13648900,0.13,0.11,0.69,267.389,258.352,118.2,20558.879,22.03,10.2,0.9,0.0,False,False,0.004397530065152644,0.004387889183526778,0.22758266374253366,0.2558040503036378,0.38343975137189007,-0.015198927134555174,0.12134114872372839,-0.48476565207825395,0.58,0.019999999999999907,0.020000000000000004,0.06999999999999995,0.0,0.125,0.07762279174873354
2020-08-26,JPM,99.94000244140624,100.2699966430664,99.0500030517578,99.08999633789062,85.40371704101562,12052400,0.12,0.11,0.69,267.389,258.352,118.2,20558.879,23.27,10.2,0.9,0.0,False,False,-0.014030249814019236,-0.014129604174684857,0.2329042318415127,0.261379134990941,0.38330386907860065,0.0562868815251929,0.0245402147181653,-0.48602893730915003,0.58,0.009999999999999898,0.0,0.09999999999999998,0.0,0.125,0.07762279174873354
2020-08-27,JPM,99.0,102.6500015258789,99.0,102.3499984741211,88.2134780883789,22163900,0.13,0.11,0.74,267.389,258.352,118.2,20558.879,24.47,10.2,0.9,0.0,False,False,0.03289975126040323,0.032370139213695255,0.29459880681267764,0.27214629564219445,0.38500330725790927,0.05156854318865478,0.25667320229037244,-0.4776117482297915,0.63,0.08999999999999997,0.0,0.16000000000000003,0.0,0.125,0.07762279174873354
2020-08-28,JPM,103.13999938964844,103.25,101.80999755859376,102.7699966430664,88.57544708251953,13756700,0.12,0.1,0.74,267.389,258.352,118.2,20558.879,22.96,10.2,0.9,0.0,False,False,0.004103329808376577,0.004094934109662701,0.29532919116877365,0.25196668378968745,0.38426023561186845,-0.06170821413976291,0.31966910110690916,-0.48076447352238333,0.64,0.09999999999999998,0.0,0.18999999999999995,0.010000000000000009,0.125,0.07762279174873354
2020-08-31,JPM,102.12000274658205,102.18000030517578,100.0199966430664,100.19000244140624,86.35181427001953,14219400,0.12,0.11,0.72,267.389,258.352,118.2,20558.879,26.41,10.2,0.9,0.0,False,False,-0.025104392760539995,-0.02542488321462749,0.29206252400408494,0.2695295978811146,0.3877812764166027,0.1502613240418118,-0.02006026746078837,-0.4952491527903431,0.61,0.06999999999999995,-0.009999999999999995,0.16999999999999993,0.020000000000000004,0.125,0.07762279174873354
2020-09-01,JPM,99.5500030517578,100.87000274658205,99.04000091552734,100.13999938964844,86.30870819091797,11595600,0.12,0.12,0.68,268.933,259.997,118.8,20558.879,26.12,7.8,0.9,0.0,False,False,-0.0004991913541824156,-0.0004993159916668232,0.28091244535159554,0.26836011212034605,0.37297907449512796,-0.010980689132904176,-0.023206633466230354,-0.49609611722541574,0.56,-0.009999999999999898,0.009999999999999995,0.12,0.01999999999999999,0.125,0.07762279174873354
2020-09-02,JPM,99.9499969482422,101.94000244140624,99.55999755859376,101.6500015258789,87.61014556884766,14475700,0.13,0.12,0.66,268.933,259.997,118.8,20558.879,26.57,7.8,0.9,0.0,False,False,0.015078865217758253,0.014966309197212929,0.2885945087360074,0.2704513393768979,0.37185345153929655,0.017228177641653852,-0.027775469692851672,-0.4961881822987712,0.54,-0.029999999999999916,0.009999999999999995,0.14,0.03,0.125,0.07762279174873354
2020-09-03,JPM,103.31999969482422,104.98999786376952,100.63999938964844,101.33000183105467,87.3343505859375,23281200,0.12,0.11,0.63,268.933,259.997,118.8,20558.879,33.6,7.8,0.9,0.0,False,False,-0.0031479799641860318,-0.003152945276320451,0.27881607186807034,0.26607397726894416,0.36065911173446125,0.264584117425668,-0.04944608424413772,-0.4622049857246561,0.52,-0.10999999999999999,0.0,0.07999999999999996,0.009999999999999995,0.125,0.07762279174873354
2020-09-04,JPM,104.0500030517578,105.20999908447266,101.37000274658205,103.5199966430664,89.22187042236328,26325500,0.13,0.11,0.72,268.933,259.997,118.8,20558.879,30.75,7.8,0.9,0.0,False,True,0.02161257081276924,0.02138233068473183,0.29034846076027665,0.27429686559902355,0.36105851700071634,-0.0848214285714286,-0.12208394540700175,-0.4830548171199056,0.61,-0.020000000000000018,0.009999999999999995,0.16999999999999993,0.009999999999999995,0.125,0.07762279174873354
2020-09-08,JPM,102.9800033569336,103.56999969482422,99.4800033569336,99.91999816894533,86.11910247802734,22108600,0.15,0.13,0.69,268.933,259.997,118.8,20558.879,31.46,7.8,0.9,0.0,True,False,-0.0347758675047708,-0.03539494295862586,0.3293470165266312,0.2956104230144043,0.36415071681263395,0.023089430894309038,-0.09386939639708711,-0.47320124487114174,0.5599999999999999,-0.030000000000000027,0.020000000000000004,0.12,0.03,0.125,0.07762279174873354
2020-09-09,JPM,100.8000030517578,101.69000244140624,99.55999755859376,100.87000274658205,86.9378890991211,13434000,0.14,0.12,0.71,268.933,259.997,118.8,20558.879,28.81,7.8,0.9,0.0,False,False,0.009507607459130929,0.009462694610741928,0.3322728225172666,0.2941568081318648,0.35559052244667727,-0.08423394787031158,-0.11320536520479339,-0.4896191005997739,0.59,0.029999999999999916,0.0,0.12,0.009999999999999995,0.125,0.07762279174873354
2020-09-10,JPM,101.4000015258789,102.41999816894533,99.63999938964844,99.83000183105467,86.04151916503906,15922800,0.15,0.12,0.68,268.933,259.997,118.8,20558.879,29.71,7.8,0.9,0.0,False,False,-0.01031046352022702,-0.01036398455149299,0.32818515406301585,0.27343998525462165,0.3099111323493761,0.0312391530718501,-0.21578975927817293,-0.2585154188176587,0.56,0.020000000000000018,0.0,0.040000000000000036,0.009999999999999995,0.125,0.07762279174873354
2020-09-11,JPM,99.97000122070312,101.36000061035156,99.58999633789062,101.06999969482422,87.11024475097656,13784300,0.13,0.11,0.67,268.933,259.997,118.8,20558.879,26.87,7.8,0.9,0.0,False,False,0.012421045052535051,0.012344536762916563,0.28695772738043285,0.27657980406888993,0.3061976038929454,-0.09559071019858634,-0.2846122166630055,-0.23929389726041891,0.56,0.040000000000000036,0.0,-0.019999999999999907,0.0,0.125,0.07762279174873354
2020-09-14,JPM,101.51000213623048,103.45999908447266,101.37000274658205,102.47000122070312,88.31688690185547,19017400,0.14,0.11,0.68,268.933,259.997,118.8,20558.879,25.85,7.8,0.9,0.0,False,False,0.013851897148588588,0.013756836462610061,0.2959624894387353,0.2805236898310154,0.3062035701638176,-0.03796055080014882,-0.3059541652755483,-0.23811555594581782,0.5700000000000001,-0.039999999999999925,0.0,-0.029999999999999916,0.009999999999999995,0.125,0.07762279174873354
2020-09-15,JPM,102.7300033569336,102.8499984741211,99.13999938964844,99.27999877929688,85.5675048828125,23683000,0.13,0.11,0.68,268.933,259.997,118.8,20558.879,25.59,7.8,0.9,0.0,False,False,-0.031130875594588048,-0.031625738746250694,0.311913409216093,0.30119171995416305,0.31237387222930896,-0.0100580270793037,-0.2644818286853444,-0.22878977089744718,0.5700000000000001,-0.009999999999999898,-0.020000000000000004,-0.029999999999999916,0.009999999999999995,0.125,0.07762279174873354
2020-09-16,JPM,99.43000030517578,101.12999725341795,98.76000213623048,99.6999969482422,85.92948150634766,19270600,0.12,0.12,0.69,268.933,259.997,118.8,20558.879,26.04,7.8,0.9,0.0,False,False,0.004230304763834125,0.004221382179287129,0.3129868446980188,0.28727026668687283,0.30821560835051043,0.017584994138335253,-0.3161937146894957,-0.23188326923854835,0.57,-0.020000000000000018,0.0,0.0,0.01999999999999999,0.125,0.07762279174873354
2020-09-17,JPM,98.6999969482422,99.33999633789062,97.70999908447266,98.55999755859376,84.94693756103516,18290100,0.12,0.09,0.69,268.933,259.997,118.8,20558.879,26.46,7.8,0.9,0.0,False,False,-0.011434305526909494,-0.011500179831049688,0.3045950802342394,0.2858387903224394,0.30890279526569125,0.016129032258064502,-0.32170971480004057,-0.23500063803769947,0.6,0.009999999999999898,-0.03,0.019999999999999907,0.0,0.125,0.07762279174873354
2020-09-18,JPM,97.88999938964844,99.48999786376952,97.44000244140624,98.3499984741211,84.76593780517578,20121600,0.13,0.1,0.7,268.933,259.997,118.8,20558.879,25.83,7.8,0.9,0.0,False,False,-0.00213073903611094,-0.0021330122902458505,0.30463192717140525,0.28582063226577925,0.30804286226815136,-0.023809523809523947,-0.32187943527533514,-0.22655549148747617,0.6,0.029999999999999916,-0.009999999999999995,0.019999999999999907,-0.009999999999999995,0.125,0.07762279174873354
2020-09-21,JPM,95.1999969482422,96.0500030517578,93.81999969482422,95.30999755859376,82.14582824707031,28378800,0.12,0.1,0.68,268.933,259.997,118.8,20558.879,27.78,7.8,0.9,0.0,False,True,-0.03090993417813026,-0.03139772422610065,0.3016272251542994,0.3033389966723367,0.31373204545436434,0.07549361207897798,-0.363407891570476,-0.2673537754070272,0.5800000000000001,0.0,-0.009999999999999995,0.030000000000000027,-0.009999999999999995,0.125,0.07762279174873354
2020-09-22,JPM,94.95999908447266,95.66000366210938,93.66999816894533,94.2699966430664,81.24947357177734,19257000,0.12,0.1,0.68,268.933,259.997,118.8,20558.879,26.86,7.8,0.9,0.0,False,False,-0.0109117491955526,-0.01097171897998326,0.2624924255825594,0.3052769499949273,0.31347977646692404,-0.03311735061195109,-0.34439366441091723,-0.260673213931003,0.5800000000000001,0.0,-0.009999999999999995,0.040000000000000036,0.0,0.125,0.07762279174873354
2020-09-23,JPM,94.77999877929688,95.3499984741211,92.66000366210938,92.73999786376952,79.9308090209961,19952700,0.13,0.11,0.68,268.933,259.997,118.8,20558.879,28.58,7.8,0.9,0.0,False,False,-0.01622982270299045,-0.0163629688666987,0.2522030707563697,0.2898265550615128,0.30775699661309175,0.06403574087862984,-0.3628258392336098,-0.2458054166328778,0.5700000000000001,-0.009999999999999898,-0.009999999999999995,0.030000000000000027,-0.009999999999999995,0.125,0.07762279174873354
2020-09-24,JPM,92.31999969482422,94.3000030517578,91.37999725341795,92.66000366210938,79.86186218261719,18366500,0.12,0.1,0.67,268.933,259.997,118.8,20558.879,28.51,7.8,0.9,0.0,False,False,-0.000862581515480465,-0.0008629537529880788,0.2546329953938565,0.28856713197307504,0.29969314490448384,-0.0024492652204337606,-0.3587062641281149,-0.23143683471664728,0.5700000000000001,-0.019999999999999907,0.010000000000000009,-0.019999999999999907,-0.009999999999999995,0.125,0.07762279174873354
2020-09-25,JPM,92.0500030517578,93.72000122070312,91.87000274658205,93.47000122070312,80.55996704101562,13293100,0.12,0.1,0.66,268.933,259.997,118.8,20558.879,26.38,7.8,0.9,0.0,False,False,0.008741404712077738,0.008703419834198414,0.24725545006015553,0.28917556849342696,0.2780598523461994,-0.07471062784987736,-0.3691099393097017,-0.19600884804694596,0.56,-0.039999999999999925,0.0,-0.029999999999999916,-0.009999999999999995,0.125,0.07762279174873354
2020-09-28,JPM,95.05999755859376,96.93000030517578,94.3499984741211,96.16000366210938,82.87843322753906,20894100,0.12,0.11,0.67,268.933,259.997,118.8,20558.879,26.19,7.8,0.9,0.0,False,False,0.028779383503757305,0.02837303493782736,0.2901333691490754,0.28332600504113253,0.2835731982480779,-0.007202426080363811,-0.4477643850976055,-0.19247485328605546,0.56,-0.010000000000000009,0.009999999999999995,-0.06999999999999995,0.0,0.125,0.07762279174873354
2020-09-29,JPM,96.02999877929688,96.02999877929688,94.33000183105467,95.3499984741211,82.18031311035156,12848200,0.12,0.09,0.66,268.933,259.997,118.8,20558.879,26.27,7.8,0.9,0.0,False,False,-0.008423423199505287,-0.008459100721219217,0.2547907873015311,0.28271818458821085,0.28331491506121903,0.0030546009927452378,-0.4384269590219393,-0.18742595344477359,0.5700000000000001,-0.020000000000000018,-0.010000000000000009,-0.07999999999999996,-0.010000000000000009,0.125,0.07762279174873354
2020-09-30,JPM,95.3499984741211,97.1999969482422,95.26000213623048,96.2699966430664,82.97323608398438,16400600,0.12,0.1,0.69,268.933,259.997,118.8,20558.879,26.37,7.8,0.9,0.0,False,False,0.00964857571871347,0.009602325473362682,0.261030877279396,0.27451801017707417,0.28331914736404545,0.003806623524933439,-0.36697922697894847,-0.19618499934263092,0.59,0.009999999999999898,-0.009999999999999995,-0.030000000000000027,-0.009999999999999995,0.125,0.0
2020-10-01,JPM,97.12000274658205,97.7699966430664,96.02999877929688,96.97000122070312,83.57654571533203,15778700,0.12,0.09,0.68,269.306,260.319,119.4,20791.917,26.7,6.9,0.9,0.0,False,False,0.007271135366312409,0.007244828107012622,0.2619060073391652,0.2763209273508926,0.28358047736951436,0.012514220705347023,-0.3609983967984671,-0.1941682686662414,0.5900000000000001,0.010000000000000009,-0.010000000000000009,0.0,-0.03,0.125,0.011335151104298946
2020-10-02,JPM,95.25,98.58999633789062,95.08999633789062,97.88999938964844,84.36947631835938,15149600,0.12,0.09,0.7,269.306,260.319,119.4,20791.917,27.63,6.9,0.9,0.0,False,False,0.00948747757209456,0.009442754109463566,0.2676622859540733,0.2728056841699846,0.2798707087908436,0.03483146067415732,-0.35988534784298154,-0.1949357924011932,0.61,0.039999999999999925,-0.010000000000000009,0.039999999999999925,-0.03,0.0,0.011335151104298946
2020-10-05,JPM,98.31999969482422,99.25,97.52999877929688,99.04000091552734,86.15274047851562,13871900,0.12,0.1,0.78,269.306,260.319,119.4,20791.917,27.96,6.9,0.9,0.0,False,False,0.021136366349214786,0.020916091820505623,0.22360746338037493,0.28381508812378514,0.2764554786044691,0.011943539630836053,-0.5054898656608521,-0.1725416881394823,0.68,0.10999999999999999,-0.009999999999999995,0.15000000000000002,-0.009999999999999995,0.0,0.011335151104298946
2020-10-06,JPM,100.06999969482422,100.86000061035156,97.51000213623048,98.0199966430664,85.26544189453125,19220400,0.14,0.1,0.76,269.306,260.319,119.4,20791.917,29.48,6.9,0.9,0.0,False,False,-0.010299133597562626,-0.010352536660619093,0.2224059013277769,0.27389345167452,0.27676048356645583,0.05436337625178833,-0.45907201686089955,-0.17453864329773475,0.66,0.09999999999999998,0.010000000000000009,0.040000000000000036,-0.009999999999999995,0.0,0.011335151104298946
2020-10-07,JPM,98.95999908447266,100.3499984741211,98.66999816894533,99.7300033569336,86.75296783447266,16358500,0.13,0.1,0.81,269.306,260.319,119.4,20791.917,28.06,6.9,0.9,0.0,False,False,0.017445824555526235,0.017295393237045455,0.19513463934867867,0.25338399478526324,0.2747172701923029,-0.04816824966078703,-0.48353687487677444,-0.17366136627622447,0.7100000000000001,0.1200000000000001,0.0,0.1200000000000001,-0.03,0.0,0.011335151104298946
2020-10-08,JPM,100.51000213623048,101.91999816894533,99.9000015258789,101.77999877929688,88.53617858886719,15659000,0.13,0.09,0.78,269.306,260.319,119.4,20791.917,26.36,6.9,0.9,0.0,False,False,0.020555040350860976,0.02034663650306103,0.1966233693937197,0.261006849648984,0.2568712862632667,-0.06058446186742694,-0.5167103598546294,-0.1472239058595544,0.6900000000000001,0.09999999999999998,0.0,0.07000000000000006,-0.03,0.0,0.011335151104298946
2020-10-09,JPM,102.0,102.11000061035156,100.11000061035156,101.1999969482422,88.03166198730469,13689100,0.15,0.1,0.79,269.306,260.319,119.4,20791.917,25.0,6.9,0.9,0.0,False,False,-0.005698423058276614,-0.005714721015547063,0.2125972981875662,0.25897503251234594,0.25579989112732615,-0.05159332321699539,-0.4654780903714925,-0.19340288450898444,0.6900000000000001,0.09000000000000008,0.010000000000000009,0.10999999999999999,-0.01999999999999999,0.0,0.011335151104298946
2020-10-12,JPM,101.0999984741211,103.0,100.8499984741211,102.44000244140624,89.11032104492188,16058000,0.14,0.10500000000000001,0.765,269.306,260.319,119.4,20791.917,25.07,6.9,0.9,0.0,False,False,0.012253080690135532,0.012178619333885135,0.18471330792271023,0.25888479404154413,0.2566385610219097,0.0027999999999999137,-0.4370222224299162,-0.188115430298949,0.66,-0.015000000000000013,0.0050000000000000044,0.09499999999999997,-0.0049999999999999906,0.0,0.011335151104298946
2020-10-13,JPM,103.0,103.22000122070312,100.26000213623048,100.77999877929688,87.66632843017578,21697300,0.13,0.11,0.74,269.306,260.319,119.4,20791.917,26.07,6.9,0.9,0.0,False,False,-0.016204549571964377,-0.01633727912027161,0.20643057894523395,0.2612971455291186,0.25716702767826194,0.039888312724371655,-0.44476929886356503,-0.18514401616115425,0.63,-0.020000000000000018,0.009999999999999995,0.05999999999999994,0.0,0.0,0.011335151104298946
2020-10-14,JPM,101.02999877929688,101.93000030517578,100.0999984741211,100.22000122070312,87.1791763305664,15204100,0.13,0.12,0.73,269.306,260.319,119.4,20791.917,26.4,6.9,0.9,0.0,False,False,-0.005556889496032502,-0.00557238644301343,0.21388786051241654,0.2364084792607005,0.2573828246479259,0.012658227848101111,-0.5269049633009988,-0.18653621930006448,0.61,-0.08000000000000007,0.01999999999999999,0.04999999999999993,0.009999999999999995,0.0,0.011335151104298946
2020-10-15,JPM,99.0999984741211,101.77999877929688,99.04000091552734,101.72000122070312,88.48400115966797,17171200,0.12,0.11,0.74,269.306,260.319,119.4,20791.917,26.97,6.9,0.9,0.0,False,False,0.014967161701022746,0.01485625896646246,0.2195184286082764,0.24112106325691007,0.25613369679041664,0.021590909090908994,-0.49767706443962323,-0.2140951176496278,0.63,-0.040000000000000036,0.020000000000000004,0.050000000000000044,-0.009999999999999995,0.0,0.011335151104298946
2020-10-16,JPM,101.41000366210938,102.33000183105467,100.72000122070312,101.51000213623048,88.30133056640625,13275000,0.12,0.11,0.76,269.306,260.319,119.4,20791.917,27.41,6.9,0.9,0.0,False,False,-0.002064447706564443,-0.0020665816161333024,0.2216257094643209,0.23694251351395781,0.2554705021402443,0.01631442343344469,-0.49586042729226787,-0.22540091898244738,0.65,-0.030000000000000027,0.009999999999999995,0.07000000000000006,0.020000000000000004,0.0,0.011335151104298946
2020-10-19,JPM,101.5999984741211,101.87000274658205,99.55999755859376,99.8000030517578,86.81385040283203,11725700,0.13,0.11,0.78,269.306,260.319,119.4,20791.917,29.18,6.9,0.9,0.0,False,False,-0.01684550112702521,-0.01698900040883324,0.22493479197165733,0.24551805440225422,0.254417242476403,0.06457497263772338,-0.5525469642285373,-0.2478365127479823,0.67,0.015000000000000013,0.0049999999999999906,0.08000000000000007,0.009999999999999995,0.0,0.011335151104298946
2020-10-20,JPM,100.30999755859376,101.7699966430664,100.12000274658205,100.37000274658205,87.30967712402344,11257100,0.13,0.1,0.81,269.306,260.319,119.4,20791.917,29.35,6.9,0.9,0.0,False,False,0.005711378068023576,0.005695129984913676,0.21701352501363108,0.2153563848490406,0.25418957951597193,0.0058259081562714865,-0.45761768199226877,-0.2517984743585006,0.7100000000000001,0.07000000000000006,-0.009999999999999995,0.13,0.0,0.0,0.011335151104298946
2020-10-21,JPM,100.36000061035156,100.98999786376952,99.33000183105467,99.37000274658205,86.43978881835938,10730500,0.13,0.1,0.83,269.306,260.319,119.4,20791.917,28.65,6.9,0.9,0.0,False,False,-0.009963251890490743,-0.0100132172398711,0.20751307529485624,0.2146025658625475,0.2549856611896624,-0.02385008517887577,-0.4785459699728919,-0.2514990494857082,0.73,0.09999999999999998,-0.01999999999999999,0.1499999999999999,0.0,0.0,0.011335151104298946
2020-10-22,JPM,99.31999969482422,103.23999786376952,99.30999755859376,102.87999725341795,89.49307250976562,14837200,0.13,0.09,0.87,269.306,260.319,119.4,20791.917,28.11,6.9,0.9,0.0,True,False,0.03532266486469893,0.034713131624772534,0.2548002577377271,0.2291353796174208,0.2636795035202886,-0.01884816753926699,-0.41492920361010943,-0.25751446801534617,0.78,0.13,-0.020000000000000004,0.18999999999999995,-0.020000000000000004,0.0,0.011335151104298946
2020-10-23,JPM,103.5,104.4499969482422,102.93000030517578,103.80999755859376,90.30204010009766,15087600,0.12,0.1,0.85,269.306,260.319,119.4,20791.917,27.55,6.9,0.9,0.0,False,False,0.009039443698211969,0.008998832478774255,0.2545274789901215,0.22829447000233677,0.2623824028215575,-0.01992173603699743,-0.420851782557154,-0.2752153904732002,0.75,0.08999999999999997,-0.009999999999999995,0.17999999999999994,0.0,0.0,0.011335151104298946
2020-10-26,JPM,102.6500015258789,102.6999969482422,100.25,101.23999786376952,88.06647491455078,12410700,0.12,0.11,0.81,269.306,260.319,119.4,20791.917,32.46,6.9,0.9,0.0,False,False,-0.024756530229757878,-0.02506812657242426,0.28222959912124607,0.2517472179588426,0.26751303706911844,0.17822141560798554,-0.5849702349839488,-0.32469624297696537,0.7000000000000001,0.030000000000000027,0.0,0.15000000000000002,0.009999999999999995,0.0,0.011335151104298946
2020-10-27,JPM,100.51000213623048,100.91999816894533,99.16000366210938,99.33000183105467,86.40499877929688,10391700,0.12,0.1,0.79,269.306,260.319,119.4,20791.917,33.35,6.9,0.9,0.0,False,False,-0.01886615919242829,-0.01904639568767279,0.28659775017252503,0.24804131976024751,0.2661865786541569,0.027418361059765806,-0.5862051395734657,-0.3127297881231873,0.6900000000000001,-0.020000000000000018,0.0,0.12,-0.009999999999999995,0.0,0.011335151104298946
2020-10-28,JPM,97.5,98.3000030517578,96.06999969482422,96.54000091552734,83.9780502319336,16389500,0.12,0.1,0.79,269.306,260.319,119.4,20791.917,40.28,6.9,0.9,0.0,False,False,-0.028088057191718807,-0.028490072444206573,0.31727816687717036,0.2676023312934833,0.2667991928859805,0.20779610194902554,-0.6774032754564513,-0.36361092356110963,0.6900000000000001,-0.039999999999999925,0.0,0.13,0.010000000000000009,0.0,0.011335151104298946
2020-10-29,JPM,96.12000274658205,97.9800033569336,95.23999786376952,97.16999816894533,84.52606964111328,14208800,0.12,0.09,0.85,269.306,260.319,119.4,20791.917,37.59,6.9,0.9,0.0,False,False,0.006525745806983396,0.006504545310531837,0.3061458778730624,0.2665652041926339,0.26698014208228005,-0.06678252234359483,-0.6670453687379875,-0.3679977257563701,0.76,-0.020000000000000018,0.0,0.16000000000000003,-0.010000000000000009,0.0,0.011335151104298946
2020-10-30,JPM,97.91000366210938,98.41999816894533,96.2300033569336,98.04000091552734,85.28285217285156,15194500,0.13,0.09,0.88,269.306,260.319,119.4,20791.917,38.02,6.9,0.9,0.0,False,False,0.008953244069568989,0.00891340141728636,0.3135386864582266,0.26712903693317874,0.26726870299755984,0.01143921255653102,-0.6664412885705123,-0.3689625135907648,0.79,0.030000000000000027,-0.010000000000000009,0.19999999999999996,0.0,0.0,0.011335151104298946
2020-11-02,JPM,99.38999938964844,100.87999725341795,97.86000061035156,100.25,87.20528411865234,15011600,0.13,0.09,0.87,269.306,260.319,119.4,20791.917,37.13,6.9,0.9,0.0,False,False,0.022541834575424247,0.022291522108059333,0.32782495784856325,0.27583483505287953,0.2704847216463807,-0.023408732246186226,-0.6823350464856239,-0.3776373927977805,0.78,0.05999999999999994,-0.020000000000000004,0.17000000000000004,0.0,0.0,0.011335151104298946
2020-11-03,JPM,103.0199966430664,104.73999786376952,102.69000244140624,103.41000366210938,89.95409393310547,17482600,0.14,0.1,0.9,269.306,260.319,119.4,20791.917,35.55,6.9,0.9,0.0,False,False,0.031521138222691425,0.03103454602175766,0.36206743195342206,0.2867844732395279,0.2752391254514205,-0.042553191489361875,-0.7090495234405211,-0.3830047388696624,0.8,0.10999999999999999,0.0,0.12,0.0,0.0,0.011335151104298946
2020-11-04,JPM,101.0,102.06999969482422,98.93000030517578,100.25,87.20528411865234,18886500,0.12,0.1,0.78,269.306,260.319,119.4,20791.917,29.57,6.9,0.9,0.0,False,False,-0.030557917869722284,-0.03103454602175769,0.3968987866620509,0.3063421059701572,0.28265690157254325,-0.16821378340365678,-0.3813380968703812,-0.2802885439034559,0.68,-0.010000000000000009,0.0,0.020000000000000018,0.0,0.0,0.011335151104298946
2020-11-05,JPM,101.05999755859376,105.0999984741211,101.0,104.3499984741211,90.77178192138672,17837400,0.12,0.1,0.79,269.306,260.319,119.4,20791.917,27.58,6.9,0.9,0.0,True,False,0.04089772585204554,0.04008353874685723,0.4104022553851445,0.3307476275812117,0.29048879043555886,-0.06729793709841059,-0.4066613772336629,-0.30065537450433183,0.6900000000000001,-0.05999999999999994,0.010000000000000009,-0.020000000000000018,0.0,0.0,0.011335151104298946
2020-11-06,JPM,105.02999877929688,105.0999984741211,102.38999938964844,102.95999908447266,89.56265258789062,12552800,0.12,0.1,0.83,269.306,260.319,119.4,20791.917,24.86,6.9,0.9,0.0,False,False,-0.013320541999971569,-0.013410056226957057,0.4142126744489585,0.32801566715182323,0.29089622714486474,-0.0986221899927483,-0.3227254920217691,-0.2753964555660658,0.73,-0.050000000000000044,0.010000000000000009,0.04999999999999993,0.010000000000000009,0.0,0.011335151104298946
2020-11-09,JPM,113.16000366210938,118.9000015258789,110.3499984741211,116.9000015258789,101.68875885009766,47792400,0.12,0.11,0.96,269.306,260.319,119.4,20791.917,25.75,6.9,0.9,0.0,True,True,0.1353924421823851,0.12697835520810039,0.740070496257257,0.5458378537215179,0.3810934477575449,0.035800482703137515,-0.12228729988854327,-0.18935876949018834,0.85,0.08999999999999997,0.020000000000000004,0.16999999999999993,0.009999999999999995,0.0,0.011335151104298946
2020-11-10,JPM,117.3499984741211,117.4499969482422,114.69000244140624,116.5199966430664,101.3582000732422,20539300,0.12,0.1,0.98,269.306,260.319,119.4,20791.917,24.8,6.9,0.9,0.0,False,False,-0.0032506914293519706,-0.0032559864047376486,0.7241738146657177,0.5465637810397678,0.3806471768430345,-0.03689320388349515,-0.11421361443499231,-0.1965648536137027,0.88,0.07999999999999996,0.0,0.21499999999999997,-0.0050000000000000044,0.0,0.011335151104298946
2020-11-11,JPM,116.88999938964844,116.95999908447266,113.95999908447266,114.77999877929688,99.84461975097656,14443400,0.125,0.1,0.9299999999999999,269.306,260.319,119.4,20791.917,23.45,6.9,0.9,0.0,False,False,-0.014932983430762548,-0.015045602998339066,0.7039286417623677,0.5459126178981333,0.38189569158172215,-0.05443548387096775,-0.0784637520750694,-0.18630491687596937,0.83,0.1499999999999999,0.0,0.18999999999999995,-0.009999999999999995,0.0,0.011335151104298946
2020-11-12,JPM,112.52999877929688,113.95999908447266,112.05999755859376,113.37000274658205,98.61809539794922,22063000,0.13,0.1,0.88,269.306,260.319,119.4,20791.917,25.35,6.9,0.9,0.0,False,False,-0.012284330954301148,-0.01236040701883813,0.7182582409658083,0.5482574904044312,0.3829590628714567,0.08102345415778256,-0.09897369735230689,-0.19440401178908148,0.78,0.08999999999999997,0.0,0.15000000000000002,-0.01999999999999999,0.0,0.011335151104298946
2020-11-13,JPM,114.6999969482422,114.86000061035156,113.56999969482422,114.08000183105467,99.23570251464844,11847900,0.12,0.09,0.89,269.306,260.319,119.4,20791.917,23.1,6.9,0.9,0.0,False,False,0.006262614525326393,0.006243085846296308,0.7190601468462909,0.54728989650515,0.3786458629968117,-0.08875739644970415,-0.09991673791216679,-0.20702479274560093,0.8,0.06000000000000005,-0.010000000000000009,0.15000000000000002,-0.020000000000000004,0.0,0.011335151104298946
2020-11-16,JPM,117.79000091552734,118.61000061035156,115.7300033569336,117.3000030517578,102.03669738769533,19858600,0.12,0.09,0.91,269.306,260.319,119.4,20791.917,22.45,6.9,0.9,0.0,False,False,0.028225676869002125,0.02783467296799496,0.7211365266752588,0.5518906657115951,0.38056570274780505,-0.02813852813852824,-0.10408396095914856,-0.21238488807713174,0.8200000000000001,-0.04999999999999993,-0.020000000000000004,0.15000000000000002,-0.020000000000000004,0.0,0.011335151104298946
2020-11-17,JPM,115.38999938964844,116.44000244140624,114.58000183105467,116.11000061035156,101.00154876708984,14553200,0.12,0.09,0.87,269.306,260.319,119.4,20791.917,22.71,6.9,0.9,0.0,False,False,-0.010144865985542095,-0.010196675839000165,0.7262831175830147,0.548680750840954,0.38147203037423016,0.01158129175946554,-0.083230914888181,-0.21328936039432375,0.78,-0.10999999999999999,-0.010000000000000009,0.08999999999999997,-0.020000000000000004,0.0,0.011335151104298946
2020-11-18,JPM,117.33999633789062,118.61000061035156,115.1999969482422,115.25,100.2534637451172,12571200,0.11,0.09,0.88,269.306,260.319,119.4,20791.917,23.84,6.9,0.9,0.0,False,False,-0.007406668819482487,-0.0074342343880198156,0.6965615507866172,0.5510169719617014,0.3808560469141244,0.049757815940114414,-0.09528441929568568,-0.216669326393863,0.79,-0.04999999999999993,-0.010000000000000009,0.06999999999999995,-0.010000000000000009,0.0,0.011335151104298946
2020-11-19,JPM,114.18000030517578,115.81999969482422,113.55999755859376,115.55999755859376,100.52313232421876,10202500,0.11,0.07,0.86,269.306,260.319,119.4,20791.917,23.11,6.9,0.9,0.0,False,False,0.002689867950968372,0.002686256730526127,0.6824208806764055,0.5479450982286557,0.3807958805684084,-0.03062080536912748,-0.09869975027080631,-0.21658707616574527,0.79,-0.020000000000000018,-0.03,0.030000000000000027,-0.03,0.0,0.011335151104298946
2020-11-20,JPM,114.43000030517578,115.6500015258789,114.08999633789062,114.56999969482422,99.66194152832033,12718900,0.11,0.07,0.83,269.306,260.319,119.4,20791.917,23.7,6.9,0.9,0.0,False,False,-0.008567090738088257,-0.008603999209949708,0.6781776172377949,0.541030206540114,0.3780702655347555,0.02553007356122894,-0.1012103871315081,-0.2178189408616668,0.76,-0.06000000000000005,-0.01999999999999999,-0.040000000000000036,-0.01999999999999999,0.0,0.011335151104298946
2020-11-23,JPM,116.0500030517578,118.16999816894533,115.56999969482422,117.87000274658205,102.53253173828124,13209200,0.1,0.08,0.86,269.306,260.319,119.4,20791.917,22.66,6.9,0.9,0.0,False,False,0.02880327400751259,0.02839625685182352,0.25063521071696304,0.5469208787856161,0.3816424788090937,-0.04388185654008436,-0.11310901536325133,-0.22606860749182747,0.78,-0.050000000000000044,-0.009999999999999995,0.010000000000000009,-0.020000000000000004,0.0,0.011335151104298946
2020-11-24,JPM,120.06999969482422,123.5,119.70999908447266,123.31999969482422,107.27336883544922,20121600,0.11,0.09,0.88,269.306,260.319,119.4,20791.917,21.64,6.9,0.9,0.0,True,False,0.04623739428642204,0.045200294277205504,0.33303197259000944,0.5507031120800698,0.38939095753464703,-0.04501323918799649,-0.03795534771387892,-0.23141797678796622,0.79,0.010000000000000009,0.0,0.06999999999999995,-0.020000000000000004,0.0,0.011335151104298946
2020-11-25,JPM,121.37000274658205,122.37999725341795,120.47000122070312,122.02999877929688,106.15122985839844,11715600,0.11,0.09,0.88,269.306,260.319,119.4,20791.917,21.25,6.9,0.9,0.0,False,False,-0.010460555021554963,-0.010515651188372036,0.325840196683736,0.5459240653894997,0.38595184438418495,-0.01802218114602594,-0.014373474905255977,-0.2452690074360884,0.79,0.0,0.0,0.08999999999999997,-0.010000000000000009,0.0,0.011335151104298946
2020-11-27,JPM,122.0,122.3499984741211,121.08000183105467,121.22000122070312,105.44664001464844,5983600,0.11,0.09,0.84,269.306,260.319,119.4,20791.917,20.84,6.9,0.9,0.0,False,False,-0.006637604149192566,-0.006659731010863955,0.3179458241245474,0.5316832099985749,0.38641991118756996,-0.019294117647058795,0.211226618004091,-0.24403779000185907,0.75,-0.020000000000000018,0.01999999999999999,0.04999999999999993,-0.010000000000000009,0.0,0.011335151104298946
2020-11-30,JPM,120.0,120.72000122070312,117.7699966430664,117.87999725341795,102.54124450683594,14411800,0.11,0.08,0.84,269.306,260.319,119.4,20791.917,20.57,6.9,0.9,0.0,False,False,-0.027553229836520976,-0.027939940037960402,0.3624918667557585,0.5483499630461552,0.3871976778882525,-0.012955854126679434,0.18875943169850695,-0.20948027542605102,0.76,0.010000000000000009,0.009999999999999995,-0.010000000000000009,-0.009999999999999995,0.0,0.011335151104298946
2020-12-01,JPM,120.33999633789062,121.58000183105467,119.62999725341795,119.73999786376952,104.15921020507812,12668900,0.12,0.09,0.92,270.341,262.045,120.0,20791.917,20.77,6.7,0.9,0.0,False,False,0.015778682090544782,0.015655492839279445,0.344076986997375,0.5488027122495623,0.3879976704951196,0.009722897423432242,0.19522241786906905,-0.20806118758697556,0.8300000000000001,0.06000000000000005,0.009999999999999995,0.040000000000000036,0.0,0.0,0.011335151104298946
2020-12-02,JPM,119.6999969482422,122.30999755859376,119.2699966430664,122.04000091552734,106.15992736816406,10811300,0.11,0.09,0.95,270.341,262.045,120.0,20791.917,21.17,6.7,0.9,0.0,False,False,0.019208259731873456,0.019026109935452444,0.3461982726953537,0.5479612491504562,0.38859177090148117,0.01925854597977872,0.2017791094778457,-0.20670992886361717,0.86,0.06999999999999995,0.0,0.07999999999999996,0.0,0.0,0.011335151104298946
2020-12-03,JPM,121.8499984741211,121.88999938964844,120.36000061035156,121.23999786376952,105.46402740478516,12904400,0.1,0.08,0.92,270.341,262.045,120.0,20791.917,21.28,6.7,0.9,0.0,False,False,-0.006555203838502277,-0.006576783545132189,0.3453630294735506,0.5447009438215638,0.38887408538709684,0.0051960321209258975,0.2012554328946655,-0.22026615894815305,0.8400000000000001,0.040000000000000036,-0.009999999999999995,0.020000000000000018,-0.020000000000000004,0.0,0.011335151104298946
2020-12-04,JPM,122.4800033569336,123.29000091552734,121.69000244140624,122.33999633789062,106.42089080810548,13583700,0.11,0.09,0.97,270.341,262.045,120.0,20791.917,20.79,6.7,0.9,0.0,False,False,0.0090728888974414,0.00903197751108222,0.34560731833084374,0.5262889942979215,0.3872816327818094,-0.023026315789473784,0.0686107006106199,-0.20929845377597558,0.88,0.13,0.0,0.18999999999999995,-0.010000000000000009,0.0,0.011335151104298946
2020-12-07,JPM,121.1500015258789,122.16999816894533,120.20999908447266,121.87999725341795,106.020751953125,9724300,0.1,0.08,0.94,270.341,262.045,120.0,20791.917,21.3,6.7,0.9,0.0,False,False,-0.0037599652844665377,-0.003767051722688135,0.3408212265667657,0.5159841248855824,0.3796956492772733,0.024531024531024626,0.11226176839477321,-0.2036741072980625,0.86,0.09999999999999998,0.0,0.1499999999999999,-0.020000000000000004,0.0,0.011335151104298946
2020-12-08,JPM,121.04000091552734,122.33000183105467,120.76000213623048,122.0,106.1251220703125,9592100,0.1,0.09,0.92,270.341,262.045,120.0,20791.917,20.68,6.7,0.9,0.0,False,False,0.0009844310218969365,0.0009839467874493842,0.31780363333676986,0.5110571584419791,0.37951493912792983,-0.029107981220657275,0.05942387397123712,-0.20043899753952402,0.8300000000000001,0.0,0.0,0.09000000000000008,-0.010000000000000009,0.0,0.011335151104298946
2020-12-09,JPM,123.16999816894533,123.3000030517578,120.44000244140624,121.0500030517578,105.29875946044922,13073900,0.1,0.08,0.95,270.341,262.045,120.0,20791.917,22.27,6.7,0.9,0.0,False,False,-0.007786682302384329,-0.007817156812992616,0.21876628504544082,0.274477563101279,0.3791799449581979,0.07688588007736952,-0.3423066695508901,-0.20289712476665675,0.87,0.0,-0.009999999999999995,-0.010000000000000009,-0.03,0.0,0.011335151104298946
2020-12-10,JPM,119.98999786376952,120.77999877929688,119.55999755859376,120.2699966430664,104.6202392578125,13668400,0.1,0.08,0.92,270.341,262.045,120.0,20791.917,22.52,6.7,0.9,0.0,False,False,-0.006443762548708598,-0.00646461320598757,0.21519329991295955,0.27542524522251943,0.3792034649434742,0.011225864391558149,-0.36454584887025115,-0.19887987473047272,0.8400000000000001,0.0,0.0,-0.05999999999999994,-0.020000000000000004,0.0,0.011335151104298946
2020-12-11,JPM,118.94000244140624,120.0199966430664,118.37000274658205,119.55999755859376,104.00262451171876,9981600,0.1,0.08,0.9,270.341,262.045,120.0,20791.917,23.31,6.7,0.9,0.0,False,False,-0.005903396421908069,-0.005920890349602595,0.21472418222805095,0.2702808147779134,0.3789572863386516,0.03507992895204248,-0.46188954263304366,-0.1980746618694686,0.8200000000000001,-0.06999999999999995,-0.009999999999999995,-0.029999999999999916,-0.020000000000000004,0.0,0.011335151104298946
2020-12-14,JPM,121.33999633789062,121.41999816894533,118.11000061035156,118.3000030517578,102.90658569335938,12112400,0.1,0.09,0.9,270.341,262.045,120.0,20791.917,24.72,6.7,0.9,0.0,False,False,-0.010538568843864948,-0.010594492813245667,0.16699795606284173,0.26917025864307664,0.3735336334519224,0.06048906048906044,-0.4551929254750848,-0.21252058723615816,0.81,-0.039999999999999925,0.009999999999999995,0.020000000000000018,-0.010000000000000009,0.0,0.011335151104298946
2020-12-15,JPM,119.29000091552734,120.9000015258789,118.62000274658205,120.31999969482422,104.66372680664062,12590200,0.09,0.08,0.92,270.341,262.045,120.0,20791.917,22.89,6.7,0.9,0.0,False,False,0.017075108472816014,0.01693096731171354,0.17035882307967962,0.2737862986545002,0.374575829530121,-0.07402912621359214,-0.5222590109108937,-0.22109972523273616,0.8400000000000001,0.0,-0.009999999999999995,0.030000000000000027,-0.009999999999999995,0.0,0.011335151104298946
2020-12-16,JPM,120.3000030517578,121.08000183105467,119.86000061035156,120.66999816894533,104.96820068359376,11169400,0.09,0.09,0.92,270.341,262.045,120.0,20791.917,22.5,6.7,0.9,0.0,False,False,0.0029090677949548116,0.002904844645539861,0.1372265249442629,0.2579213610946944,0.37339500086153204,-0.017038007863695914,-0.4997800830780971,-0.21881734649592177,0.8300000000000001,-0.029999999999999916,0.009999999999999995,0.010000000000000009,0.0,0.0,0.011335151104298946
2020-12-17,JPM,121.26000213623048,121.4499969482422,119.58000183105467,119.66999816894533,104.09831237792967,11618000,0.09,0.08,0.94,270.341,262.045,120.0,20791.917,21.93,6.7,0.9,0.0,False,False,-0.00828716030187271,-0.008321689714319831,0.13942805175411946,0.2569437592215591,0.37396968916244033,-0.02533333333333332,-0.46623564145828855,-0.21665671550441962,0.86,0.019999999999999907,0.0,0.06999999999999995,-0.009999999999999995,0.0,0.011335151104298946
2020-12-18,JPM,119.13999938964844,119.87999725341795,118.2699966430664,119.08000183105467,103.5850830078125,28954800,0.09,0.08,0.95,270.341,262.045,120.0,20791.917,21.57,6.7,0.9,0.0,False,True,-0.004930237180540309,-0.004942430894981225,0.12756646997455245,0.2560028916046021,0.3676945713612828,-0.01641586867305056,-0.4423285021948548,-0.19041212552719924,0.87,0.04999999999999993,0.0,0.06999999999999995,-0.009999999999999995,0.0,0.011335151104298946
2020-12-21,JPM,123.16999816894533,125.0,121.08999633789062,123.5500030517578,107.47344970703124,28323600,0.09,0.09,0.95,270.341,262.045,120.0,20791.917,25.16,6.7,0.9,0.0,True,True,0.03753790204450058,0.03685050454652062,0.235420175606084,0.28375388681025643,0.37235866094467046,0.16643486323597578,0.03289551198327898,-0.12213445288632276,0.86,0.04999999999999993,0.0,0.08999999999999997,0.01999999999999999,0.0,0.011335151104298946
2020-12-22,JPM,123.38999938964844,123.5199966430664,121.61000061035156,121.66999816894533,105.83806610107422,11788200,0.09,0.09,0.93,270.341,262.045,120.0,20791.917,24.23,6.7,0.9,0.0,False,False,-0.015216628948033328,-0.015333589863751409,0.24995382306086092,0.28819911170193857,0.37213053449358824,-0.036963434022257546,0.08484816567770938,-0.10024147170933613,0.8400000000000001,0.010000000000000009,0.009999999999999995,0.10000000000000009,0.01999999999999999,0.0,0.011335151104298946
2020-12-23,JPM,122.77999877929688,126.5199966430664,122.3499984741211,125.06999969482422,108.79566192626952,14973200,0.09,0.09,0.96,270.341,262.045,120.0,20791.917,23.31,6.7,0.9,0.0,False,False,0.027944537671076075,0.027561213895696417,0.28118911508458705,0.2872800036494583,0.3748116710088394,-0.037969459347915846,0.0954463098634513,-0.10850623099439971,0.87,0.039999999999999925,0.0,0.09999999999999998,0.009999999999999995,0.0,0.011335151104298946
2020-12-24,JPM,125.08999633789062,125.5500030517578,123.56999969482422,124.5199966430664,108.31723022460938,4164900,0.1,0.09,0.94,270.341,262.045,120.0,20791.917,21.53,6.7,0.9,0.0,False,False,-0.004397525537225722,-0.00440722309326091,0.2793792615949486,0.24307387815846157,0.37518900348413986,-0.07636207636207626,0.2648884801722495,-0.0977808554789866,0.85,0.0,0.009999999999999995,0.05999999999999994,0.0,0.0,0.011335151104298946
2020-12-28,JPM,125.81999969482422,126.6500015258789,124.79000091552734,125.33999633789062,109.0305404663086,8072600,0.11,0.11,0.94,270.341,262.045,120.0,20791.917,21.7,6.7,0.9,0.0,False,False,0.006585381108989541,0.006563792215708849,0.2746145610747236,0.24054307076289386,0.37211867581095115,0.007895959126799745,0.2568122626139178,-0.09682149716618511,0.83,-0.010000000000000009,0.03,0.05999999999999994,0.020000000000000004,0.0,0.011335151104298946
2020-12-29,JPM,126.1999969482422,126.27999877929688,124.88999938964844,125.01000213623048,108.74347686767578,8389200,0.11,0.1,0.94,270.341,262.045,120.0,20791.917,23.08,6.7,0.9,0.0,False,False,-0.002632873297748306,-0.0026363454043995954,0.26492186896303543,0.23927135267441627,0.37148549947335574,0.06359447004608287,0.22546847362731778,-0.1006772666774077,0.84,-0.010000000000000009,0.010000000000000009,0.09999999999999998,0.010000000000000009,0.0,0.011335151104298946
2020-12-30,JPM,125.48999786376952,125.8499984741211,124.9000015258789,125.36000061035156,109.04792022705078,7398000,0.12,0.08,0.93,270.341,262.045,120.0,20791.917,22.77,6.7,0.9,0.0,False,False,0.0027996470974112064,0.002795735384718775,0.2572619140056694,0.21403478560578285,0.3713508731629579,-0.013431542461005197,0.21196289720652242,-0.10063283845854913,0.8500000000000001,0.0,-0.009999999999999995,0.09000000000000008,0.0,0.0,0.011335151104298946
2020-12-31,JPM,125.08999633789062,127.33000183105467,124.81999969482422,127.06999969482422,110.53540802001952,8580200,0.1,0.09,0.93,270.341,262.045,120.0,20791.917,22.75,6.7,0.9,0.0,False,False,0.013640680077819045,0.013548483471426655,0.2613887644003002,0.21257578183978962,0.3717652334969917,-0.0008783487044355942,0.2051704983264264,-0.10096131941255225,0.8400000000000001,-0.029999999999999916,0.0,0.010000000000000009,0.0,0.0,0.0
2021-01-04,JPM,127.5,127.86000061035156,124.77999877929688,125.87000274658205,109.4915542602539,16819900,0.1,0.09,0.93,270.341,262.045,120.0,20791.917,26.97,6.7,0.9,0.0,False,False,-0.009443614299379566,-0.00948848796139011,0.2631345845025011,0.20810320434674254,0.3726562896007056,0.1854945054945054,0.0460201272456999,-0.12218453574676935,0.8400000000000001,-0.009999999999999898,0.0,-0.019999999999999907,0.0,0.0,0.0
2021-01-05,JPM,124.98999786376952,126.3000030517578,123.7699966430664,125.6500015258789,110.08734130859376,13731200,0.1,0.09,0.96,270.341,262.045,120.0,20791.917,25.34,6.7,0.9,0.0,False,False,0.005441397305619766,0.005426646389503662,0.25718921527864297,0.20640117829887594,0.37110604598127767,-0.060437523173896834,0.02759789230762426,-0.12437359237432194,0.87,0.020000000000000018,-0.020000000000000004,0.039999999999999925,0.009999999999999995,0.0,0.0
2021-01-06,JPM,129.8800048828125,132.77000427246094,127.87999725341795,131.5500030517578,115.25660705566406,24909100,0.11,0.09,1.04,270.341,262.045,120.0,20791.917,25.07,6.7,0.9,0.0,True,True,0.04695604131795639,0.045886945637320334,0.2894323721475149,0.2557182812631046,0.3792879126210869,-0.010655090765588016,-0.010466583647506906,-0.11884639109008285,0.9500000000000001,0.10000000000000009,-0.010000000000000009,0.07000000000000006,0.0,0.0,0.0
2021-01-07,JPM,135.69000244140625,138.19000244140625,134.9199981689453,135.8699951171875,119.04151153564452,21940400,0.11,0.09,1.08,270.341,262.045,120.0,20791.917,22.37,6.7,0.9,0.0,False,False,0.0328389371912754,0.03231126045087265,0.2853234789629925,0.27227482879155435,0.38247669569086357,-0.10769844435580367,-0.13026699799862582,-0.13882538493592586,0.9900000000000001,0.15000000000000002,0.009999999999999995,0.14000000000000012,0.009999999999999995,0.0,0.0
2021-01-08,JPM,135.97000122070312,136.35000610351562,134.1199951171875,136.02000427246094,119.17294311523438,12035100,0.1,0.08,1.13,270.341,262.045,120.0,20791.917,21.56,6.7,0.9,0.0,False,False,0.001104081911380117,0.0011034728611995683,0.27501373904249005,0.27225007405807583,0.3812774148288641,-0.03620920876173461,-0.1288544501654552,-0.12955160990977468,1.0499999999999998,0.19999999999999984,-0.009999999999999995,0.20999999999999985,-0.009999999999999995,0.0,0.0
2021-01-11,JPM,134.5800018310547,138.1999969482422,134.11000061035156,138.0500030517578,120.95149230957033,15937900,0.1,0.08,1.15,270.341,262.045,120.0,20791.917,24.08,6.7,0.9,0.0,False,False,0.014924102299094688,0.014813833637876469,0.26531595100985905,0.26955305020731785,0.38120513284277424,0.11688311688311681,-0.05091041695512902,-0.12166903228102549,1.0699999999999998,0.21999999999999986,-0.009999999999999995,0.19999999999999996,0.0,0.0,0.0
2021-01-12,JPM,139.44000244140625,141.66000366210938,138.8300018310547,140.22000122070312,122.8527374267578,18033500,0.11,0.09,1.15,270.341,262.045,120.0,20791.917,23.33,6.7,0.9,0.0,False,False,0.01571907118203475,0.015596806179713995,0.2649306494907314,0.2669014768969172,0.38152636947664725,-0.03114617940199338,-0.05982795047702384,-0.12464370227033723,1.0599999999999998,0.18999999999999995,0.0,0.22999999999999987,0.009999999999999995,0.0,0.0
2021-01-13,JPM,138.58999633789062,140.7899932861328,138.10000610351562,140.35000610351562,122.9666519165039,14816800,0.12,0.09,1.1,270.341,262.045,120.0,20791.917,22.21,6.7,0.9,0.0,False,False,0.0009272442123158253,0.0009268145869590945,0.26000096616202295,0.26354747997368716,0.3791391183809184,-0.04800685812258887,-0.02904951211834968,-0.11488275256445414,1.01,0.06000000000000005,0.0,0.20000000000000007,0.009999999999999995,0.0,0.0
2021-01-14,JPM,140.49000549316406,142.75,140.0,141.1699981689453,123.68504333496094,18565600,0.1,0.09,1.15,270.341,262.045,120.0,20791.917,23.25,6.7,0.9,0.0,False,False,0.005842164580888376,0.005825165313604818,0.25733387920686207,0.2549676500109199,0.3784866814224761,0.04682575416479051,0.010878687461785067,-0.11327014567949276,1.0599999999999998,0.06999999999999984,0.0,0.2499999999999999,0.0,0.0,0.0
2021-01-15,JPM,137.42999267578125,141.64999389648438,137.00999450683594,138.63999938964844,121.46841430664062,27881000,0.1,0.09,1.11,270.341,262.045,120.0,20791.917,24.34,6.7,0.9,0.0,False,True,-0.017921560833489725,-0.018084096866025204,0.29957886360577224,0.26927577985384943,0.38092124056010385,0.04688172043010752,-0.007349748765760387,-0.12444497909655361,1.02,-0.019999999999999796,0.009999999999999995,0.19000000000000006,0.009999999999999995,0.0,0.0
2021-01-19,JPM,139.86000061035156,140.6999969482422,137.82000732421875,138.0399932861328,120.94275665283205,19843800,0.1,0.09,1.1,270.341,262.045,120.0,20791.917,23.24,6.7,0.9,0.0,False,False,-0.004327525446093161,-0.004336916286864373,0.2914755287141918,0.27185036888348546,0.38112014403050387,-0.04519309778142977,0.010951356468890068,-0.11876589341691743,1.01,-0.04999999999999982,0.009999999999999995,0.18000000000000005,0.0,0.0,0.0
2021-01-20,JPM,137.82000732421875,138.1699981689453,135.44000244140625,135.97000122070312,119.12911987304688,16028800,0.1,0.08,1.1,270.341,262.045,120.0,20791.917,21.58,6.7,0.9,0.0,False,False,-0.014995828026239222,-0.015109402312661783,0.31746503048517966,0.27754780408235363,0.38069781335821024,-0.0714285714285714,0.05393979702973333,-0.09162496765054899,1.02,-0.04999999999999982,-0.009999999999999995,0.16000000000000014,0.0,0.0,0.0
2021-01-21,JPM,135.69000244140625,136.16000366210938,134.32000732421875,134.8300018310547,118.13035583496094,13411700,0.1,0.09,1.12,270.341,262.045,120.0,20791.917,21.32,6.7,0.9,0.0,False,False,-0.008383878258735544,-0.008419220642189014,0.24404700615174782,0.2795953837288063,0.3816419185431027,-0.012048192771084265,0.053540764928418666,-0.09024043837182709,1.03,0.020000000000000018,0.0,0.17000000000000015,0.009999999999999995,0.0,0.0
2021-01-22,JPM,132.69000244140625,134.39999389648438,132.1999969482422,133.7899932861328,117.21914672851562,12933200,0.1,0.08,1.1,270.341,262.045,120.0,20791.917,21.91,6.7,0.9,0.0,False,False,-0.0077135897882028015,-0.00774349339728474,0.1817615575434049,0.2601095232511613,0.3813107239784095,0.027673545966228952,-0.1897617538969302,-0.09691200899497433,1.02,-0.04999999999999982,-0.009999999999999995,0.15000000000000013,-0.009999999999999995,0.0,0.0
2021-01-25,JPM,132.13999938964844,133.1699981689453,130.05999755859375,132.1199951171875,115.7559814453125,14212800,0.1,0.09,1.05,270.341,262.045,120.0,20791.917,23.19,6.7,0.9,0.0,False,False,-0.012482306210536365,-0.012560864605899126,0.18899099877157538,0.25766064791578935,0.37796193060502536,0.05842081241442276,-0.26390033083692915,-0.10187123675054655,0.9600000000000001,-0.06000000000000005,0.0,0.12,0.0,0.0,0.0
2021-01-26,JPM,132.75,133.1699981689453,131.33999633789062,131.5800018310547,115.28287506103516,11307800,0.09,0.07,1.05,270.341,262.045,120.0,20791.917,23.02,6.7,0.9,0.0,False,False,-0.004087100971977509,-0.0040954759966586145,0.16112395077292369,0.24460291579604365,0.3781771576477774,-0.007330746011211753,-0.23299712979618756,-0.100471162607321,0.98,-0.050000000000000044,-0.01999999999999999,0.09000000000000008,-0.01999999999999999,0.0,0.0
2021-01-27,JPM,129.58999633789062,129.85000610351562,127.3499984741211,127.86000061035156,112.02362060546876,17603900,0.09,0.08,1.04,270.341,262.045,120.0,20791.917,37.21,6.7,0.9,0.0,False,False,-0.02827180059346035,-0.028679143865709047,0.15744490232604041,0.2669882195591261,0.3793675888518731,0.6164205039096438,-0.4735286748555487,-0.16313971825195905,0.9600000000000001,-0.06000000000000005,0.0,0.10000000000000009,-0.009999999999999995,0.0,0.0
2021-01-28,JPM,129.89999389648438,132.1699981689453,128.99000549316406,130.11000061035156,113.99494171142578,13761800,0.08,0.07,1.07,270.341,262.045,120.0,20791.917,30.21,6.7,0.9,0.0,False,False,0.01759737004840911,0.01744432913537414,0.20262494275218784,0.2721465929452364,0.3774431099631548,-0.18812147272238644,-0.5027360830645067,-0.1720811328824473,1.0,-0.050000000000000044,-0.01999999999999999,0.13000000000000012,-0.039999999999999994,0.0,0.0
2021-01-29,JPM,131.19000244140625,131.72000122070312,128.19000244140625,128.6699981689453,112.7332763671875,14808100,0.1,0.06,1.11,270.341,262.045,120.0,20791.917,33.09,6.7,0.9,0.0,False,False,-0.011067730947502463,-0.011129433979102146,0.18861883764496928,0.27558556038569393,0.3728638564790566,0.09533267130089373,-0.50816669725304,-0.14415259714547676,1.05,0.010000000000000009,-0.020000000000000004,0.17000000000000015,-0.04000000000000001,0.0,0.0
2021-02-01,JPM,129.39999389648438,130.07000732421875,128.47999572753906,129.6199951171875,113.56559753417967,11080700,0.08,0.07,1.09,270.793,263.579,122.0,20791.917,30.24,6.2,0.9,0.0,False,False,0.007383101013414883,0.007355979336038351,0.1983215676894422,0.2762626446582562,0.37288473320239934,-0.08612873980054414,-0.5117125580190337,-0.1444925212550295,1.02,0.040000000000000036,-0.01999999999999999,0.16000000000000003,-0.009999999999999995,0.0,0.0
2021-02-02,JPM,131.94000244140625,134.38999938964844,131.22000122070312,133.61000061035156,117.06143188476562,12253600,0.08,0.07,1.12,270.793,263.579,122.0,20791.917,25.56,6.2,0.9,0.0,False,False,0.03078251183888514,0.03031823403213689,0.2724614484440182,0.2908683825322669,0.3763123417393957,-0.15476190476190477,-0.5497739259808966,-0.16593441603351716,1.05,0.07000000000000006,0.0,0.19000000000000006,-0.01999999999999999,0.0,0.0
2021-02-03,JPM,133.64999389648438,135.75999450683594,133.50999450683594,135.13999938964844,118.40190887451172,10600800,0.08,0.04,1.15,270.793,263.579,122.0,20791.917,22.91,6.2,0.9,0.0,False,False,0.011451055810300037,0.011385988724143281,0.2726666000694495,0.2887994830347461,0.37490827006959354,-0.10367762128325508,-0.5406189269293747,-0.16698961513016575,1.1099999999999999,0.10999999999999988,-0.04,0.21999999999999986,-0.049999999999999996,0.0,0.0
2021-02-04,JPM,135.47000122070312,138.66000366210938,135.47000122070312,138.25,121.1267318725586,12419500,0.07,0.04,1.15,270.793,263.579,122.0,20791.917,21.77,6.2,0.9,0.0,False,False,0.023013336726984468,0.02275252376328276,0.2918997610131745,0.29622639103321663,0.3729182175450933,-0.0497599301615016,-0.542762705231095,-0.1664679894811652,1.1099999999999999,0.07999999999999985,-0.030000000000000006,0.18999999999999995,-0.049999999999999996,0.0,0.0
2021-02-05,JPM,139.38999938964844,139.49000549316406,137.3800048828125,137.97999572753906,120.8901824951172,10051300,0.06,0.03,1.19,270.793,263.579,122.0,20791.917,20.87,6.2,0.9,0.0,False,False,-0.0019529081135473136,-0.001954817524938948,0.28762427551422076,0.25569613745220154,0.3660571443822107,-0.04134129536058795,-0.6154647530097366,-0.2097167406214236,1.16,0.07999999999999985,-0.03,0.1499999999999999,-0.06,0.0,0.0
2021-02-08,JPM,138.1999969482422,140.3000030517578,138.17999267578125,140.13999938964844,122.78262329101562,10136400,0.07,0.05,1.19,270.793,263.579,122.0,20791.917,21.24,6.2,0.9,0.0,False,False,0.015654214071310957,0.015532950746331408,0.2792923543039763,0.23676537959391336,0.3597830605413371,0.01772879731672239,-0.5975526379028764,-0.19675283746803837,1.14,0.09999999999999987,-0.020000000000000004,0.10999999999999988,-0.039999999999999994,0.0,0.0
2021-02-09,JPM,139.42999267578125,139.97999572753906,138.5399932861328,139.5800018310547,122.29203033447266,8614800,0.07,0.04,1.18,270.793,263.579,122.0,20791.917,21.63,6.2,0.9,0.0,False,False,-0.003995622046453429,-0.004003625871509828,0.2792007421058715,0.23752569315308963,0.35833747133025445,0.01836158192090398,-0.5981727516097853,-0.21246611155753045,1.14,0.05999999999999983,-0.030000000000000006,0.050000000000000044,-0.04,0.0,0.0
2021-02-10,JPM,140.0,140.8699951171875,139.0399932861328,139.66000366210938,122.36207580566406,10323200,0.07,0.05,1.15,270.793,263.579,122.0,20791.917,21.99,6.2,0.9,0.0,False,False,0.0005727721667538876,0.0005726081953855533,0.2070459293804788,0.23233027943864068,0.2586933255338702,0.01664355062413314,-0.6521762728079856,-0.34596394371017913,1.0999999999999999,0.0,0.010000000000000002,0.0,-0.03,0.0,0.0
2021-02-11,JPM,139.66000366210938,140.5500030517578,138.22000122070312,139.27000427246094,122.02042388916016,9201000,0.07,0.05,1.16,270.793,263.579,122.0,20791.917,21.25,6.2,0.9,0.0,False,False,-0.002792138938918609,-0.002796044229949783,0.20838642092272877,0.2259728328475468,0.2586501997316178,-0.03365165984538421,-0.6552093468186955,-0.34644005993158417,1.1099999999999999,0.010000000000000009,0.010000000000000002,0.010000000000000009,-0.039999999999999994,0.0,0.0
2021-02-12,JPM,139.0500030517578,141.61000061035156,139.0,141.25,123.75516510009766,8324600,0.06,0.04,1.2,270.793,263.579,122.0,20791.917,19.97,6.2,0.9,0.0,False,False,0.014216810232631882,0.014116699110905196,0.18475215689920865,0.2314455747255877,0.2569763359831321,-0.060235294117647165,-0.6578544505071862,-0.36496434226485525,1.16,0.010000000000000009,0.010000000000000002,0.09999999999999987,-0.049999999999999996,0.0,0.0
2021-02-16,JPM,143.5500030517578,145.32000732421875,142.39999389648438,144.64999389648438,126.73405456542967,12130600,0.08,0.04,1.3,270.793,263.579,122.0,20791.917,21.46,6.2,0.9,0.0,False,False,0.024070829390616444,0.023785693552002336,0.19779106005490069,0.24481984910274548,0.2581274677448166,0.07461191787681543,-0.5905513665728269,-0.337036256292107,1.26,0.1100000000000001,-0.010000000000000002,0.15000000000000013,-0.049999999999999996,0.0,0.0
2021-02-17,JPM,143.9499969482422,145.3800048828125,143.1199951171875,145.10000610351562,127.12834167480467,10810100,0.07,0.04,1.29,270.793,263.579,122.0,20791.917,21.5,6.2,0.9,0.0,False,False,0.003111137813171183,0.003106308238314167,0.16822314974555716,0.23462530966206668,0.2580919983864242,0.0018639328984155767,-0.5992362831859958,-0.3373457066190062,1.25,0.1100000000000001,0.0,0.17999999999999994,-0.049999999999999996,0.0,0.0
2021-02-18,JPM,144.0,145.7899932861328,143.39999389648438,145.58999633789062,127.5575942993164,10587800,0.06,0.03,1.29,270.793,263.579,122.0,20791.917,22.49,6.2,0.9,0.0,False,False,0.003376529724660182,0.003370842047647068,0.16884987741589116,0.23344876754869326,0.2534795526876302,0.04604651162790696,-0.609583865186324,-0.3358461355830838,1.26,0.14000000000000012,-0.020000000000000004,0.18999999999999995,-0.06,0.0,0.0
2021-02-19,JPM,145.86000061035156,148.83999633789062,145.86000061035156,148.02000427246094,129.6866455078125,11969800,0.07,0.04,1.34,270.793,263.579,122.0,20791.917,22.05,6.2,0.9,0.0,False,False,0.01669090123713235,0.016553138949532323,0.15545315184265263,0.22901862923834218,0.2532317292436587,-0.019564250778123515,-0.6660554147648019,-0.3379928631418873,1.3,0.18000000000000016,-0.010000000000000002,0.24,-0.04,0.0,0.0
2021-02-22,JPM,146.8699951171875,150.19000244140625,146.7899932861328,149.41000366210938,130.9044952392578,11488400,0.06,0.03,1.37,270.793,263.579,122.0,20791.917,23.45,6.2,0.9,0.0,False,False,0.009390710405659641,0.009346891796338125,0.14773489366510784,0.22507225782203533,0.252383245725549,0.06349206349206349,-0.6779137412116796,-0.3304225885680708,1.34,0.17000000000000015,-0.010000000000000002,0.25,-0.06,0.0,0.0
2021-02-23,JPM,151.50999450683594,152.30999755859375,149.58999633789062,150.61000061035156,131.95584106445312,16234400,0.08,0.04,1.37,270.793,263.579,122.0,20791.917,23.11,6.2,0.9,0.0,False,False,0.00803139589113222,0.00799931588152102,0.14163447539010485,0.22049900650118587,0.25247446070997775,-0.01449893390191892,-0.6889661995826363,-0.3318002490440935,1.33,0.07000000000000006,0.0,0.27,-0.04,0.0,0.0
2021-02-24,JPM,150.11000061035156,153.75999450683594,150.11000061035156,153.25999450683594,134.27761840820312,15061400,0.08,0.03,1.38,270.793,263.579,122.0,20791.917,21.34,6.2,0.9,0.0,False,False,0.017595108522827196,0.017442106716015062,0.13486642411368852,0.21368523441739706,0.2524298494618684,-0.0765902206836867,-0.7075347749068654,-0.3376788595902866,1.3499999999999999,0.08999999999999986,-0.010000000000000002,0.32999999999999985,-0.06,0.0,0.0
2021-02-25,JPM,154.27000427246094,154.89999389648438,150.58999633789062,151.17999267578125,132.4552764892578,18127700,0.09,0.04,1.54,270.793,263.579,122.0,20791.917,28.89,6.2,0.9,0.0,False,False,-0.0135714495129442,-0.013664383423690153,0.17405332253065245,0.22237813468213508,0.25041200072786296,0.35379568884723533,-0.759698347961809,-0.35944268003840596,1.5,0.25,0.010000000000000002,0.49,-0.030000000000000006,0.0,0.0
2021-02-26,JPM,150.3000030517578,150.8699951171875,146.50999450683594,147.1699981689453,128.94190979003906,19829200,0.08,0.04,1.44,270.793,263.579,122.0,20791.917,27.95,6.2,0.9,0.0,False,False,-0.026524928204756604,-0.02688306128228908,0.24367592804692106,0.21884564054289268,0.24369236345663342,-0.032537210107303594,-0.48120136421169746,-0.33708174383350287,1.4,0.09999999999999987,0.0,0.3999999999999999,-0.04,0.0,0.0
2021-03-01,JPM,149.52000427246094,151.3800048828125,148.47999572753906,150.5,131.85948181152344,14845500,0.08,0.05,1.45,271.459,264.961,122.8,20791.917,23.35,6.1,0.9,0.0,False,False,0.022627026590773758,0.022374832603360154,0.2550947474564464,0.22253175976443076,0.2451953336201328,-0.16457960644007152,-0.4988926930872163,-0.36272019671318406,1.4,0.07999999999999985,0.020000000000000004,0.3799999999999999,-0.020000000000000004,0.0,0.0
2021-03-02,JPM,150.0800018310547,151.77999877929688,149.83999633789062,150.00999450683594,131.43017578125,14221700,0.08,0.04,1.42,271.459,264.961,122.8,20791.917,24.1,6.1,0.9,0.0,False,False,-0.0032557842968553574,-0.0032610958946270156,0.2389331611559599,0.2160600660530278,0.24471995496473997,0.032119914346895095,-0.47295571923009466,-0.3675101286791728,1.38,0.04999999999999982,0.0,0.30999999999999983,-0.019999999999999997,0.0,0.0
2021-03-03,JPM,151.22999572753906,154.97999572753906,150.82000732421875,152.91000366210938,133.97097778320312,14324100,0.08,0.05,1.47,271.459,264.961,122.8,20791.917,26.67,6.1,0.9,0.0,False,False,0.019331953159539284,0.019147464841316367,0.25118802886986064,0.21992025346824684,0.23816742080006303,0.10663900414937766,-0.4154017941517273,-0.36731666929923146,1.42,0.09000000000000008,0.020000000000000004,0.3799999999999999,-0.020000000000000004,0.0,0.0
2021-03-04,JPM,152.61000061035156,154.3800048828125,148.6199951171875,150.55999755859375,131.91209411621094,20093900,0.08,0.04,1.54,271.459,264.961,122.8,20791.917,28.57,6.1,0.9,0.0,False,False,-0.015368131972015253,-0.015487445710171651,0.27209213549941547,0.2182413044403954,0.24023788026763226,0.07124109486314212,-0.3575487030795,-0.3744105390139954,1.5,0.0,0.0,0.41999999999999993,-0.030000000000000006,0.0,0.0
2021-03-05,JPM,153.22000122070312,153.49000549316406,147.97000122070312,150.91000366210938,132.21868896484375,18465100,0.08,0.04,1.56,271.459,264.961,122.8,20791.917,24.66,6.1,0.9,0.0,False,False,0.0023242360807547158,0.0023215392220243855,0.26195610150127785,0.21751680156883926,0.23823509670205123,-0.13685684284214206,-0.31167089677359755,-0.37216242505351305,1.52,0.1200000000000001,0.0,0.41000000000000014,0.0,0.0,0.0
2021-03-08,JPM,152.47000122070312,155.4600067138672,150.75,152.91000366210938,133.97097778320312,17133300,0.09,0.05,1.59,271.459,264.961,122.8,20791.917,25.47,6.1,0.9,0.0,False,False,0.013252958655680658,0.013165906488147227,0.2656576306664881,0.2102129833774367,0.23811838332514282,0.03284671532846706,-0.27914233780663944,-0.37036787606719157,1.54,0.14000000000000012,0.0,0.44000000000000017,0.010000000000000002,0.0,0.0
2021-03-09,JPM,151.5,154.25,149.82000732421875,151.8300018310547,133.02476501464844,16238800,0.1,0.05,1.55,271.459,264.961,122.8,20791.917,24.03,6.1,0.9,0.0,False,False,-0.00706281900909822,-0.0070878787800713475,0.26740969279087246,0.21302428913007468,0.23885951128038868,-0.05653710247349819,-0.25805655741596906,-0.36049221076560345,1.5,0.13000000000000012,0.010000000000000002,0.3600000000000001,0.020000000000000004,0.0,0.0
2021-03-10,JPM,151.91000366210938,156.16000366210938,151.50999450683594,155.1300048828125,135.916015625,14342200,0.08,0.04,1.53,271.459,264.961,122.8,20791.917,22.56,6.1,0.9,0.0,False,False,0.02173467932856843,0.021501848809647797,0.27514585435299577,0.21784893547472953,0.24105313046439278,-0.06117353308364559,-0.2940189570370232,-0.36621742245940186,1.49,0.06000000000000005,-0.010000000000000002,0.3400000000000001,-0.010000000000000002,0.0,0.0
2021-03-11,JPM,154.11000061035156,156.14999389648438,153.36000061035156,154.32000732421875,135.20639038085938,11771500,0.08,0.04,1.54,271.459,264.961,122.8,20791.917,21.91,6.1,0.9,0.0,False,False,-0.005221056848065064,-0.005234734192938192,0.2654675347287086,0.21851929698500772,0.24168342920765098,-0.028812056737588576,-0.2763839617594481,-0.36327925437260616,1.5,0.0,0.0,0.3600000000000001,0.0,0.0,0.0
2021-03-12,JPM,156.86000061035156,157.6300048828125,155.07000732421875,156.14999389648438,136.80970764160156,12849500,0.09,0.04,1.64,271.459,264.961,122.8,20791.917,20.69,6.1,0.9,0.0,False,False,0.011858294983142725,0.01178853634068272,0.21328217274983532,0.2192508211768548,0.24101842840887408,-0.05568233683249657,-0.2850226241338665,-0.3611694206848512,1.5999999999999999,0.07999999999999985,0.0,0.49,-0.010000000000000002,0.0,0.0
2021-03-15,JPM,156.35000610351562,156.9199981689453,153.9600067138672,155.3699951171875,136.1262969970703,12101100,0.08,0.04,1.62,271.459,264.961,122.8,20791.917,20.03,6.1,0.9,0.0,False,False,-0.004995337365397812,-0.005007855769597028,0.19788036292096806,0.2204125582864743,0.24077501753695887,-0.03189946834219426,-0.2815377832091828,-0.35751687674645477,1.58,0.030000000000000027,-0.010000000000000002,0.4600000000000002,-0.010000000000000002,0.0,0.0
2021-03-16,JPM,154.08999633789062,154.60000610351562,152.19000244140625,153.50999450683594,134.49668884277344,12805600,0.07,0.02,1.62,271.459,264.961,122.8,20791.917,19.79,6.1,0.9,0.0,False,False,-0.01197129570293054,-0.01204352872404096,0.21040545230187638,0.22565875261437446,0.2421264429016653,-0.011982026959560743,-0.24862399376886407,-0.35053691856055524,1.6,0.07000000000000006,-0.030000000000000002,0.42000000000000015,-0.02,0.0,0.0
2021-03-17,JPM,155.33999633789062,156.8800048828125,153.0500030517578,155.08999633789062,135.88099670410156,13952400,0.07,0.02,1.63,271.459,264.961,122.8,20791.917,19.23,6.1,0.9,0.0,False,False,0.010292505140750086,0.010239897974809774,0.19460013261187475,0.21530760519015593,0.24057421905739776,-0.028297119757453193,-0.32285830890668166,-0.347053429487906,1.6099999999999999,0.09999999999999987,-0.02,0.32999999999999985,-0.02,0.0,0.0
2021-03-18,JPM,157.60000610351562,161.69000244140625,157.11000061035156,157.64999389648438,138.1239013671875,21898500,0.08,0.01,1.71,271.459,264.961,122.8,20791.917,21.58,6.1,0.9,0.0,False,False,0.016506389542977562,0.016371639893343334,0.18245635590165118,0.2199955863248159,0.2404584897088296,0.12220488819552777,-0.25450974976677915,-0.32372952756415685,1.7,0.16999999999999993,-0.03,0.41999999999999993,-0.03,0.0,0.0
2021-03-19,JPM,155.50999450683594,155.94000244140625,151.19000244140625,155.13999938964844,135.92478942871094,54418800,0.07,0.01,1.74,271.459,264.961,122.8,20791.917,20.95,6.1,0.9,0.0,False,True,-0.015921299041723902,-0.016049404479510605,0.21009690471593517,0.23066715552369949,0.24390202561908256,-0.02919369786839665,-0.2224620345877154,-0.3132213833540924,1.73,0.10000000000000009,-0.03,0.44999999999999996,-0.019999999999999997,0.0,0.0
2021-03-22,JPM,152.8000030517578,153.97000122070312,150.61000061035156,150.97000122070312,132.27127075195312,19944800,0.06,0.03,1.69,271.459,264.961,122.8,20791.917,18.88,6.1,0.9,0.0,False,False,-0.02687897249731619,-0.02724681860882558,0.2485103058189207,0.24758276749228486,0.2506634839684754,-0.09880668257756564,-0.11140640532103863,-0.27880750958194783,1.66,0.06999999999999984,-0.010000000000000002,0.34999999999999987,-0.010000000000000002,0.0,0.0
2021-03-23,JPM,150.3300018310547,152.1199951171875,148.9600067138672,149.4600067138672,130.94830322265625,17076300,0.08,0.01,1.63,271.459,264.961,122.8,20791.917,20.3,6.1,0.9,0.0,False,False,-0.010001926508877546,-0.010052281823958018,0.2508854202421843,0.2484013503849556,0.25159460923037685,0.07521186440677985,-0.1511996348992274,-0.28711897631206795,1.6199999999999999,0.009999999999999787,-0.01,0.2599999999999998,-0.019999999999999997,0.0,0.0
2021-03-24,JPM,150.0,153.17999267578125,149.86000061035156,150.6199951171875,131.964599609375,13079800,0.07,0.02,1.62,271.459,264.961,122.8,20791.917,21.2,6.1,0.9,0.0,False,False,0.007761050442866013,0.0077310884155646666,0.22344484477539112,0.24829444595181116,0.24258891946906191,0.04433497536945796,-0.13754207128677484,-0.3510933434613527,1.6,-0.009999999999999787,0.0,0.25,-0.02,0.0,0.0
2021-03-25,JPM,150.0,152.97000122070312,149.3300018310547,152.5500030517578,133.65557861328125,15608300,0.07,0.02,1.63,271.459,264.961,122.8,20791.917,19.81,6.1,0.9,0.0,False,False,0.012813883487781341,0.012732480338881138,0.23614447626806906,0.24463564674509422,0.2403297736729742,-0.06556603773584913,-0.12486991413851603,-0.36630237840753765,1.6099999999999999,-0.08000000000000007,0.01,0.25,-0.009999999999999998,0.0,0.0
2021-03-26,JPM,154.3000030517578,155.4499969482422,152.5500030517578,155.08999633789062,135.88099670410156,16754400,0.06,0.02,1.67,271.459,264.961,122.8,20791.917,18.86,6.1,0.9,0.0,False,False,0.01665039434874127,0.016513296264505102,0.244440348654626,0.2460723440267058,0.2368629182182968,-0.047955577990913656,0.011539704075669377,-0.36853918397487717,1.65,-0.07000000000000006,0.01,0.1299999999999999,-0.02,0.0,0.0
2021-03-29,JPM,152.1199951171875,153.72999572753906,151.0399932861328,152.67999267578125,133.7694854736328,17570300,0.06,0.03,1.73,271.459,264.961,122.8,20791.917,20.74,6.1,0.9,0.0,False,False,-0.015539415236015985,-0.01566141749518345,0.2553283264296052,0.23263000283670995,0.23945081546327973,0.09968186638388121,-0.09514060883001935,-0.38666865738879164,1.7,0.040000000000000036,0.0,0.29000000000000004,-0.010000000000000002,0.0,0.0
2021-03-30,JPM,154.4600067138672,155.8699951171875,153.8800048828125,154.47999572753906,135.34654235839844,13184300,0.06,0.02,1.73,271.459,264.961,122.8,20791.917,19.61,6.1,0.9,0.0,False,False,0.011789361969822831,0.011720408855040927,0.256360173965333,0.22347573686924685,0.23995368298748312,-0.05448408871745414,0.030590036690836746,-0.3896294323730631,1.71,0.10000000000000009,0.01,0.28,-0.030000000000000002,0.0,0.0
2021-03-31,JPM,153.27999877929688,154.49000549316406,152.1199951171875,152.22999572753906,133.37518310546875,16736700,0.07,0.03,1.74,271.459,264.961,122.8,20791.917,19.4,6.1,0.9,0.0,False,False,-0.014565272363659787,-0.014672387321212923,0.2606787373102265,0.22978079896680406,0.24238597692359828,-0.010708822029576792,0.041117579895949566,-0.3809140078558982,1.71,0.11999999999999988,0.009999999999999998,0.32000000000000006,-0.010000000000000002,0.0,0.0
2021-04-01,JPM,151.89999389648438,153.7899932861328,151.5500030517578,153.7100067138672,134.67190551757812,16561500,0.06,0.02,1.69,273.66,266.614,124.0,21440.929,17.33,6.1,0.9,0.0,False,False,0.009722366499650636,0.009675408411645381,0.24949187124948932,0.22242394518228636,0.2427249216475304,-0.10670103092783512,-0.11705295753854789,-0.3840418461398421,1.67,0.06000000000000005,0.0,0.21999999999999997,-0.030000000000000002,0.0,0.031214630185374403
2021-04-05,JPM,154.39999389648438,154.94000244140625,152.60000610351562,153.6199951171875,135.38577270507812,13508000,0.06,0.03,1.73,273.66,266.614,124.0,21440.929,17.91,6.1,0.9,0.0,False,False,0.005300787753439895,0.005286788029288338,0.23992888945536645,0.21543747601736538,0.24187494375843038,0.033467974610502216,-0.031012353856373003,-0.38436900650363437,1.7,0.06000000000000005,0.009999999999999998,0.18999999999999995,-0.010000000000000002,0.0,0.031214630185374403
2021-04-06,JPM,152.7899932861328,154.27999877929688,151.86000061035156,152.5399932861328,134.4339599609375,13071600,0.06,0.02,1.67,273.66,266.614,124.0,21440.929,18.12,6.1,0.9,0.0,False,False,-0.007030374943562512,-0.007055204471851245,0.19359862286339455,0.21728389415485555,0.24140384459055442,0.011725293132328396,-0.038213484812713576,-0.3723322428177681,1.65,-0.06000000000000005,-0.009999999999999998,0.10999999999999988,-0.02,0.0,0.031214630185374403
2021-04-07,JPM,153.10000610351562,155.22999572753906,152.64999389648438,154.92999267578125,136.54026794433594,16903500,0.06,0.02,1.68,273.66,266.614,124.0,21440.929,17.16,6.1,0.9,0.0,False,False,0.015667975443187654,0.015546499923264484,0.19302521600158867,0.2191407450357777,0.24261884056214544,-0.052980132450331174,-0.1060770331269522,-0.37543826615570763,1.66,-0.050000000000000044,0.0,0.08999999999999986,-0.030000000000000002,0.0,0.031214630185374403
2021-04-08,JPM,154.0,155.50999450683594,152.30999755859375,155.1199951171875,136.70770263671875,12335500,0.05,0.01,1.64,273.66,266.614,124.0,21440.929,16.95,6.1,0.9,0.0,False,False,0.0012262660305535356,0.0012255147804569545,0.19243745494184222,0.21720408375241115,0.2267686313442297,-0.012237762237762295,-0.12852445729885945,-0.3982098899517055,1.63,-0.10000000000000009,-0.019999999999999997,0.08999999999999986,-0.04,0.0,0.031214630185374403
2021-04-09,JPM,155.80999755859375,157.0399932861328,154.97000122070312,156.27999877929688,137.7300262451172,12122400,0.06,0.02,1.67,273.66,266.614,124.0,21440.929,16.69,6.1,0.9,0.0,False,False,0.007478171227228714,0.007450348328280344,0.18711901547979973,0.20589726649521692,0.21889233266446279,-0.015339233038347944,-0.0749304591995699,-0.3831453213132953,1.65,-0.020000000000000018,0.0,0.1399999999999999,-0.02,0.0,0.031214630185374403
2021-04-12,JPM,155.5800018310547,157.25,155.57000732421875,155.9499969482422,137.43919372558594,12273400,0.06,0.02,1.69,273.66,266.614,124.0,21440.929,16.91,6.1,0.9,0.0,False,False,-0.002111613040816973,-0.002113845639110171,0.17223310722956203,0.20505905886443362,0.21905920361825412,0.013181545835829755,-0.08644819020563789,-0.38419232054603963,1.67,-0.040000000000000036,-0.009999999999999998,0.1499999999999999,-0.02,0.0,0.031214630185374403
2021-04-13,JPM,154.75,155.1999969482422,152.42999267578125,154.08999633789062,135.79994201660156,16113600,0.06,0.03,1.64,273.66,266.614,124.0,21440.929,16.65,6.1,0.9,0.0,False,False,-0.011927105104074909,-0.011998803696865188,0.16296065023146233,0.2055243941694468,0.2193789930716811,-0.015375517445298748,-0.047903184085425626,-0.3999446225044878,1.6099999999999999,-0.030000000000000027,0.009999999999999998,0.0,-0.010000000000000002,0.0,0.031214630185374403
2021-04-14,JPM,151.47000122070312,153.8300018310547,150.92999267578125,151.2100067138672,133.26182556152344,19939600,0.06,0.02,1.64,273.66,266.614,124.0,21440.929,16.99,6.1,0.9,0.0,False,False,-0.018690114424112503,-0.01886698186151183,0.18065883396973867,0.2148743111638152,0.22141255749331393,0.02042042042042036,-0.08414543201200125,-0.3962969969707594,1.6199999999999999,-0.040000000000000036,0.0,0.019999999999999796,-0.02,0.0,0.031214630185374403
2021-04-15,JPM,151.25,152.1999969482422,149.32000732421875,152.1699981689453,134.10787963867188,17694100,0.06,0.02,1.56,273.66,266.614,124.0,21440.929,16.57,6.1,0.9,0.0,False,False,0.006348810498306046,0.006328741698151906,0.16829116880184947,0.2124015071855858,0.2216399199235454,-0.024720423778693212,-0.09688915389296177,-0.3978595234046083,1.54,-0.07999999999999985,0.01,-0.06000000000000005,0.0,0.0,0.031214630185374403
2021-04-16,JPM,153.8699951171875,154.50999450683594,152.69000244140625,153.3000030517578,135.10372924804688,13773400,0.06,0.02,1.59,273.66,266.614,124.0,21440.929,16.25,6.1,0.9,0.0,False,False,0.007425735251784804,0.00739830021294627,0.16519278468389337,0.21087475727073016,0.22179053300321946,-0.01931200965600488,-0.08948598616432385,-0.4013259641904999,1.57,-0.07999999999999985,0.0,-0.039999999999999813,0.0,0.0,0.031214630185374403
2021-04-19,JPM,153.4199981689453,153.8800048828125,152.22000122070312,152.64999389648438,134.5309295654297,11900200,0.08,0.02,1.61,273.66,266.614,124.0,21440.929,17.29,6.1,0.9,0.0,False,False,-0.004239702973450443,-0.0042487159981547,0.16409708515836824,0.2022902832908655,0.21855247112005768,0.06400000000000006,-0.28452713728675305,-0.4010342975908774,1.59,-0.07999999999999985,0.0,-0.09999999999999987,0.01,0.0,0.031214630185374403
2021-04-20,JPM,151.74000549316406,151.75,148.64999389648438,149.27000427246094,131.55210876464844,13716700,0.07,0.03,1.58,273.66,266.614,124.0,21440.929,18.68,6.1,0.9,0.0,False,False,-0.022142274720048594,-0.022391094703732985,0.19588191812149916,0.20920862931701897,0.22348028329388292,0.08039329091960679,-0.4030475549152252,-0.41320807414571076,1.55,-0.05999999999999983,0.0,-0.15999999999999992,0.019999999999999997,0.0,0.031214630185374403
2021-04-21,JPM,147.7899932861328,150.61000061035156,146.7899932861328,150.5399932861328,132.67135620117188,12236700,0.07,0.03,1.57,273.66,266.614,124.0,21440.929,17.5,6.1,0.9,0.0,False,False,0.008508015926417478,0.008472026745853647,0.18059172794090803,0.18961688957490674,0.22139452219921663,-0.06316916488222701,-0.700185850510734,-0.4345166516996949,1.54,-0.06999999999999984,0.009999999999999998,-0.11999999999999988,0.0,0.0,0.031214630185374403
2021-04-22,JPM,150.22999572753906,150.3000030517578,147.25999450683594,147.3699951171875,129.87757873535156,15256100,0.06,0.03,1.57,273.66,266.614,124.0,21440.929,18.71,6.1,0.9,0.0,False,False,-0.0210578797550246,-0.021282759501734215,0.2005302977168603,0.20088212075306727,0.22524765525870577,0.06914285714285717,-0.7200943946650553,-0.44279429161842904,1.54,0.010000000000000009,0.009999999999999998,-0.05999999999999983,0.019999999999999997,0.0,0.031214630185374403
2021-04-23,JPM,147.17999267578125,151.1300048828125,146.69000244140625,150.19000244140625,132.3629150390625,14041900,0.07,0.03,1.58,273.66,266.614,124.0,21440.929,17.33,6.1,0.9,0.0,False,False,0.01913599196960125,0.018955201635991095,0.22726644139108904,0.21014923122642198,0.22711359311326254,-0.0737573490112241,-0.7918538926351111,-0.44844414606456,1.55,-0.010000000000000009,0.009999999999999998,-0.040000000000000036,0.009999999999999998,0.0,0.031214630185374403
2021-04-26,JPM,150.77999877929688,152.4600067138672,150.3800048828125,150.55999755859375,132.68902587890625,10799100,0.06,0.03,1.58,273.66,266.614,124.0,21440.929,17.64,6.1,0.9,0.0,False,False,0.0024637629032837616,0.002460732815386905,0.2294648573285033,0.20535378216389413,0.22519736471870544,0.0178880553952685,-0.7716587625987069,-0.44467793851086934,1.55,-0.030000000000000027,0.009999999999999998,-0.04999999999999982,0.009999999999999998,0.0,0.031214630185374403
2021-04-27,JPM,150.5,151.57000732421875,150.11000061035156,151.25,133.29710388183594,12821200,0.06,0.01,1.63,273.66,266.614,124.0,21440.929,17.56,6.1,0.9,0.0,False,False,0.004582730176078131,0.004572261439556687,0.22738385100112435,0.19699784635355969,0.22488466490152353,-0.0045351473922903285,-0.7607786696733175,-0.4460038487129101,1.6199999999999999,0.04999999999999982,-0.019999999999999997,-0.040000000000000036,-0.01,0.0,0.031214630185374403
2021-04-28,JPM,152.42999267578125,152.88999938964844,151.39999389648438,152.22999572753906,134.16073608398438,8943700,0.05,0.01,1.63,273.66,266.614,124.0,21440.929,17.28,6.1,0.9,0.0,False,False,0.006479001996277489,0.006458103481951632,0.2091569454678065,0.19094285969117858,0.2160131149870276,-0.015945330296127436,-0.7408975487896773,-0.3669209153084994,1.6199999999999999,0.05999999999999983,-0.019999999999999997,-0.10000000000000009,-0.019999999999999997,0.0,0.031214630185374403
2021-04-29,JPM,153.5399932861328,155.27999877929688,153.1999969482422,155.19000244140625,136.76937866210938,12976900,0.05,0.01,1.65,273.66,266.614,124.0,21440.929,17.61,6.1,0.9,0.0,False,False,0.019444158211028295,0.01925753583045197,0.22815400608962322,0.19834460654004712,0.2165404103176442,0.0190972222222221,-0.6379732620413524,-0.33455371923174926,1.64,0.07999999999999985,-0.019999999999999997,-0.08000000000000007,-0.01,0.0,0.031214630185374403
2021-04-30,JPM,154.10000610351562,154.49000549316406,153.00999450683594,153.80999755859375,135.55322265625,11705100,0.05,0.01,1.65,273.66,266.614,124.0,21440.929,18.61,6.1,0.9,0.0,False,False,-0.008892019673964469,-0.00893178961315609,0.23196089018899238,0.19375614590276702,0.2160060048677226,0.05678591709256109,-0.6874541047601108,-0.3278211418602705,1.64,0.06999999999999984,-0.019999999999999997,-0.09000000000000008,-0.019999999999999997,0.0,0.031214630185374403
2021-05-03,JPM,154.85000610351562,155.47999572753906,153.1300048828125,153.36000061035156,135.1566162109375,11801100,0.06,0.04,1.63,273.66,266.614,124.0,21440.929,18.31,6.1,0.9,0.0,False,False,-0.0029258356056812707,-0.0029301242299261403,0.23132534024972198,0.1913629489137812,0.21612819034050193,-0.016120365394948988,-0.6962258119320837,-0.324000312072593,1.5899999999999999,0.04999999999999982,0.010000000000000002,-0.06000000000000005,0.02,0.0,0.031214630185374403
2021-05-04,JPM,152.8699951171875,155.63999938964844,152.13999938964844,155.47999572753906,137.02500915527344,12977700,0.06,0.02,1.61,273.66,266.614,124.0,21440.929,19.48,6.1,0.9,0.0,False,False,0.013823910339838319,0.013729231646644227,0.20039811422365322,0.1963757638783481,0.20999106773756304,0.06389950846531955,-0.5925438297722714,-0.2609818694437154,1.59,-0.019999999999999796,0.01,-0.11999999999999988,-0.009999999999999998,0.0,0.031214630185374403
2021-05-05,JPM,156.0,158.27999877929688,154.6300048828125,157.52000427246094,138.82284545898438,10506700,0.06,0.02,1.59,273.66,266.614,124.0,21440.929,19.15,6.1,0.9,0.0,False,False,0.0131204975996293,0.013035169426001917,0.20446872065094784,0.19885893969045085,0.21030041125822563,-0.016940451745379947,-0.5997721178554591,-0.25229266447625015,1.57,-0.039999999999999813,0.01,-0.07999999999999985,0.0,0.0,0.031214630185374403
2021-05-06,JPM,158.07000732421875,160.82000732421875,157.16000366210938,160.69000244140625,141.61656188964844,13542400,0.05,0.02,1.58,273.66,266.614,124.0,21440.929,18.39,6.1,0.9,0.0,False,False,0.020124327674074793,0.019924509744756215,0.15819891775448597,0.20327638114668942,0.20926838482948307,-0.03968668407310694,-0.5976643972163033,-0.2485883559003745,1.56,-0.06999999999999984,0.01,-0.09999999999999987,0.0,0.0,0.031214630185374403
2021-05-07,JPM,157.22000122070312,161.5,157.02000427246094,161.24000549316406,142.10128784179688,14257800,0.05,0.02,1.6,273.66,266.614,124.0,21440.929,16.69,6.1,0.9,0.0,False,False,0.0034228055368703547,0.0034169610705162322,0.14881803478648314,0.203348469464592,0.2090813057319278,-0.0924415443175639,-0.5500260572434784,-0.25064080971199354,1.58,-0.04999999999999982,0.01,-0.039999999999999813,0.01,0.0,0.031214630185374403
2021-05-10,JPM,161.5,163.72999572753906,161.1199951171875,161.22000122070312,142.0836639404297,14014300,0.05,0.02,1.63,273.66,266.614,124.0,21440.929,19.66,6.1,0.9,0.0,False,False,-0.0001240235161472647,-0.0001240312076995056,0.1516132599153293,0.20240722086052593,0.20747330613862597,0.1779508687837028,-0.4439642849397774,-0.252915275621491,1.6099999999999999,0.0,-0.02,-0.040000000000000036,0.0,0.0,0.031214630185374403
2021-05-11,JPM,161.0800018310547,162.38999938964844,158.0399932861328,158.5399932861328,139.72177124023438,15451700,0.05,0.01,1.64,273.66,266.614,124.0,21440.929,21.84,6.1,0.9,0.0,False,False,-0.016623253051705977,-0.016762969851995956,0.19278949471313844,0.21182836442915748,0.21059916252805413,0.11088504577823,-0.5004904670817357,-0.27561871305312186,1.63,0.029999999999999805,-0.01,-0.050000000000000044,-0.01,0.0,0.031214630185374403
2021-05-12,JPM,159.61000061035156,160.77999877929688,157.02999877929688,157.4499969482422,138.7611541748047,14381700,0.05,0.02,1.69,273.66,266.614,124.0,21440.929,27.59,6.1,0.9,0.0,False,False,-0.006875213911925138,-0.006898957083930119,0.20088336174542681,0.20866364022428321,0.21135037353184455,0.26327838827838823,-0.49962202846447634,-0.2863898262950128,1.67,0.09999999999999987,0.0,0.050000000000000044,-0.009999999999999998,0.0,0.031214630185374403
2021-05-13,JPM,158.17999267578125,162.4499969482422,157.67999267578125,161.5,142.3303985595703,15395000,0.05,0.02,1.66,273.66,266.614,124.0,21440.929,23.13,6.1,0.9,0.0,False,False,0.02572221603366942,0.025396965484080006,0.2162538027593696,0.2118043357574934,0.21621756419665009,-0.16165277274374779,-0.6168127580797981,-0.32760567574630256,1.64,0.07999999999999985,0.0,0.020000000000000018,0.0,0.0,0.031214630185374403
2021-05-14,JPM,162.38999938964844,164.4499969482422,161.99000549316406,164.00999450683594,144.54249572753906,10584000,0.06,0.01,1.63,273.66,266.614,124.0,21440.929,18.81,6.1,0.9,0.0,False,False,0.015541986746021141,0.015422447068391425,0.2099892330784558,0.21583628367519603,0.21651964352769545,-0.1867704280155642,-0.6298579677323256,-0.339175184675922,1.6199999999999999,0.029999999999999805,-0.01,0.06999999999999984,-0.01,0.0,0.031214630185374403
2021-05-17,JPM,163.3699951171875,164.85000610351562,163.02999877929688,164.6699981689453,145.12413024902344,9886800,0.06,0.02,1.64,273.66,266.614,124.0,21440.929,19.72,6.1,0.9,0.0,False,False,0.00402396899650026,0.004015894487060227,0.20414202208858398,0.2153975663494635,0.2121735929965777,0.04837852206273263,-0.6258218298654198,-0.3671352100459191,1.6199999999999999,0.010000000000000009,0.0,0.04999999999999982,0.0,0.0,0.031214630185374403
2021-05-18,JPM,164.67999267578125,165.5,162.24000549316406,162.35000610351562,143.07955932617188,11098100,0.06,0.02,1.64,273.66,266.614,124.0,21440.929,21.34,6.1,0.9,0.0,False,False,-0.014088428432564637,-0.014188612410039053,0.22577672181334119,0.22248453945141297,0.21466194556471258,0.08215010141987844,-0.6303979808645558,-0.377436386971189,1.6199999999999999,0.0,0.01,0.029999999999999805,0.0,0.0,0.031214630185374403
2021-05-19,JPM,161.0,161.17999267578125,158.63999938964844,161.11000061035156,141.9867401123047,13278900,0.05,0.01,1.68,273.66,266.614,124.0,21440.929,22.18,6.1,0.9,0.0,False,False,-0.0076378430225377825,-0.007667160723627485,0.22732373131525105,0.20665025393803704,0.21548316323985078,0.03936269915651369,-0.6313147245611688,-0.38143082629216984,1.67,-0.010000000000000009,-0.01,0.09999999999999987,-0.019999999999999997,0.0,0.031214630185374403
2021-05-20,JPM,160.8300018310547,161.86000061035156,159.52000427246094,160.8300018310547,141.73997497558594,10426000,0.05,0.01,1.63,273.66,266.614,124.0,21440.929,20.67,6.1,0.9,0.0,False,False,-0.0017379449413625903,-0.0017394569197496034,0.20509749621333384,0.20666605340513902,0.21345478870003387,-0.06807935076645621,-0.6001926289539319,-0.3756761662005525,1.6199999999999999,-0.030000000000000027,-0.01,0.05999999999999983,-0.019999999999999997,0.0,0.031214630185374403
2021-05-21,JPM,161.33999633789062,163.22000122070312,160.94000244140625,162.66000366210938,143.35276794433594,10249000,0.04,0.01,1.63,273.66,266.614,124.0,21440.929,20.15,6.1,0.9,0.0,False,False,0.011378532901729299,0.011314284306720766,0.2123894470415632,0.1881294527967299,0.21378810327101572,-0.02515723270440262,-0.6126438647280976,-0.38608657863655105,1.6199999999999999,0.0,0.0,0.05999999999999983,-0.019999999999999997,0.0,0.031214630185374403
2021-05-24,JPM,163.36000061035156,164.22999572753906,162.1199951171875,163.5399932861328,144.1282958984375,9440300,0.04,0.02,1.61,273.66,266.614,124.0,21440.929,18.4,6.1,0.9,0.0,False,False,0.005409926611271931,0.005395345523073514,0.21346569615361677,0.18090956070780084,0.21352674355241955,-0.08684863523573205,-0.5869889425010575,-0.3869407321875695,1.59,-0.029999999999999805,0.0,0.030000000000000027,-0.009999999999999998,0.0,0.031214630185374403
2021-05-25,JPM,163.85000610351562,165.6999969482422,161.55999755859375,161.85000610351562,142.63890075683594,12609100,0.04,0.02,1.56,273.66,266.614,124.0,21440.929,18.84,6.1,0.9,0.0,False,False,-0.010333814968929378,-0.010387579551067515,0.2002424055954617,0.18768438183849404,0.212279501319304,0.023913043478260843,-0.5743118314803848,-0.37802710112644133,1.54,-0.07999999999999985,0.0,-0.020000000000000018,-0.009999999999999998,0.0,0.031214630185374403
2021-05-26,JPM,163.57000732421875,163.74000549316406,161.30999755859375,161.8300018310547,142.62123107910156,13058300,0.04,0.02,1.58,273.66,266.614,124.0,21440.929,17.36,6.1,0.9,0.0,False,False,-0.00012387699036253697,-0.0001238846637506183,0.19455662446737354,0.18803313783990175,0.21020554756143947,-0.07855626326963905,-0.5515173622936627,-0.3546483065628409,1.56,-0.09999999999999987,0.01,-0.04999999999999982,0.01,0.0,0.031214630185374403
2021-05-27,JPM,163.9499969482422,164.75,162.57000732421875,164.35000610351562,144.8422088623047,15707500,0.04,0.02,1.61,273.66,266.614,124.0,21440.929,16.74,6.1,0.9,0.0,False,False,0.015572560735864771,0.015452552696736064,0.16652056794515713,0.19251311350880448,0.20420553297546656,-0.03571428571428581,-0.5535824705034202,-0.38360875076510675,1.59,-0.019999999999999796,0.01,-0.019999999999999796,0.01,0.0,0.031214630185374403
2021-05-28,JPM,164.67999267578125,164.94000244140625,163.25999450683594,164.24000549316406,144.74517822265625,10291300,0.05,0.01,1.58,273.66,266.614,124.0,21440.929,16.76,6.1,0.9,0.0,False,False,-0.000669905826558348,-0.0006701303137290177,0.14809867920865985,0.18435793638128417,0.19994600101975257,0.0011947431302272715,-0.5885766873069778,-0.34986382832193,1.57,-0.04999999999999982,0.0,-0.06999999999999984,0.0,0.0,0.031214630185374403
2021-06-01,JPM,165.8699951171875,166.91000366210938,165.47999572753906,166.0500030517578,146.34039306640625,9445400,0.04,0.02,1.62,277.651,270.654,126.2,21440.929,17.9,5.9,0.9,0.0,False,False,0.011020849629243878,0.010960562604366203,0.15702186787000363,0.18139999444776714,0.20059740570597404,0.06801909307875875,-0.5488959463960973,-0.33344684205372976,1.6,0.010000000000000009,0.0,-0.029999999999999805,0.01,0.0,0.031214630185374403
2021-06-02,JPM,167.25999450683594,167.44000244140625,165.52999877929688,166.05999755859375,146.3491973876953,10498600,0.05,0.02,1.59,277.651,270.654,126.2,21440.929,17.48,5.9,0.9,0.0,False,False,6.016330217906152e-05,6.016149244018319e-05,0.13335919839359744,0.1803266384344571,0.19745970250444345,-0.02346368715083791,-0.5530160213790243,-0.37650913441418277,1.57,0.030000000000000027,0.0,-0.039999999999999813,-0.02,0.0,0.031214630185374403
2021-06-03,JPM,165.41000366210938,167.25,164.66000366210938,166.1699981689453,146.44607543945312,13354400,0.04,0.02,1.63,277.651,270.654,126.2,21440.929,18.04,5.9,0.9,0.0,False,False,0.0006619650362766905,0.000661746034064606,0.12207723133715706,0.17689929727139816,0.19446393571413303,0.03203661327231111,-0.597840131699229,-0.363007393758391,1.6099999999999999,0.04999999999999982,0.0,0.019999999999999796,0.0,0.0,0.031214630185374403
2021-06-04,JPM,166.2100067138672,166.6699981689453,165.02999877929688,166.44000244140625,146.68406677246094,8510800,0.05,0.02,1.56,277.651,270.654,126.2,21440.929,16.42,5.9,0.9,0.0,False,False,0.0016251123991792848,0.0016237933329182246,0.11949001989501312,0.17325720248053436,0.1944592815390606,-0.08980044345897986,-0.5876777178059469,-0.3668015150106506,1.54,-0.050000000000000044,0.0,-0.030000000000000027,0.0,0.0,0.031214630185374403
2021-06-07,JPM,167.0,167.10000610351562,165.13999938964844,165.66000366210938,145.99668884277344,7267200,0.05,0.02,1.57,277.651,270.654,126.2,21440.929,16.42,5.9,0.9,0.0,False,False,-0.004686111755776268,-0.0046971260002613,0.1169090836553332,0.1629655055413015,0.19343799467131756,0.0,-0.5958248407464221,-0.37750526639809096,1.55,-0.010000000000000009,0.01,-0.010000000000000009,0.0,0.0,0.031214630185374403
2021-06-08,JPM,164.49000549316406,165.75999450683594,163.16000366210938,165.0,145.41497802734375,10370700,0.05,0.02,1.53,277.651,270.654,126.2,21440.929,17.07,5.9,0.9,0.0,False,False,-0.003984411016719314,-0.003992369930384426,0.11837632140928012,0.16385777029350038,0.19298677732261962,0.039585870889159436,-0.6025784481482065,-0.391135041175485,1.51,-0.09000000000000008,0.0,-0.07000000000000006,0.0,0.0,0.031214630185374403
2021-06-09,JPM,164.13999938964844,164.22000122070312,162.27999877929688,162.94000244140625,143.59950256347656,12377400,0.05,0.03,1.5,277.651,270.654,126.2,21440.929,17.89,5.9,0.9,0.0,False,False,-0.012484790002346258,-0.012563379796208241,0.12452396549717289,0.17055554008793183,0.19058559381630943,0.04803749267721158,-0.6409302931541376,-0.3871769073908443,1.47,-0.09000000000000008,0.009999999999999998,-0.1299999999999999,0.009999999999999998,0.0,0.031214630185374403
2021-06-10,JPM,164.36000061035156,165.24000549316406,160.30999755859375,160.39999389648438,141.36097717285156,12119400,0.05,0.03,1.45,277.651,270.654,126.2,21440.929,16.1,5.9,0.9,0.0,False,False,-0.015588670926178771,-0.015711451923352066,0.14940931915820294,0.16924798530388405,0.19308566222389636,-0.10005589714924534,-0.48291276522743504,-0.3517442666544047,1.42,-0.17999999999999994,0.009999999999999998,-0.18999999999999995,0.019999999999999997,0.0,0.031214630185374403
2021-06-11,JPM,160.42999267578125,161.1999969482422,159.05999755859375,160.2899932861328,141.26402282714844,13683800,0.05,0.03,1.47,277.651,270.654,126.2,21440.929,15.65,5.9,0.9,0.0,False,False,-0.0006858635787765355,-0.0006860988908016652,0.11882348406319584,0.16715558571518443,0.1917830908313097,-0.02795031055900632,-0.5027226909678288,-0.34393707705986976,1.44,-0.09000000000000008,0.009999999999999998,-0.21999999999999997,0.009999999999999998,0.0,0.031214630185374403
2021-06-14,JPM,160.14999389648438,160.3300018310547,156.66000366210938,157.57000732421875,138.86688232421875,19917900,0.05,0.03,1.51,277.651,270.654,126.2,21440.929,16.39,5.9,0.9,0.0,False,False,-0.01696922156792069,-0.017114848610919612,0.1387349058625727,0.1527490943426034,0.19470487154973143,0.047284345047923226,-0.40210426180010794,-0.3558488187615722,1.48,-0.06000000000000005,0.009999999999999998,-0.1499999999999999,0.009999999999999998,0.0,0.031214630185374403
2021-06-15,JPM,156.6999969482422,156.9199981689453,154.1300048828125,155.17999267578125,136.76060485839844,24485500,0.08,0.03,1.51,277.651,270.654,126.2,21440.929,17.02,5.9,0.9,0.0,False,True,-0.015167601018813759,-0.015283805606359044,0.12001067277429227,0.1476657424473784,0.19564648932762935,0.03843807199511895,-0.2677823073360258,-0.36641224556465374,1.48,-0.020000000000000018,0.009999999999999998,-0.11999999999999988,0.019999999999999997,0.0,0.031214630185374403
2021-06-16,JPM,154.72999572753906,157.6199951171875,153.11000061035156,156.27000427246094,137.72125244140625,25321200,0.08,0.04,1.57,277.651,270.654,126.2,21440.929,18.15,5.9,0.9,0.0,False,True,0.0070243004847958534,0.006999745009112651,0.13516872655631493,0.14970683449914715,0.1950815474546616,0.06639247943595761,-0.22966505369031595,-0.35305956263822896,1.53,0.07000000000000006,0.010000000000000002,-0.06999999999999984,0.02,0.0,0.031214630185374403
2021-06-17,JPM,157.10000610351562,157.4600067138672,151.25,151.75999450683594,133.7465057373047,29722400,0.08,0.04,1.52,277.651,270.654,126.2,21440.929,17.75,5.9,0.9,0.0,False,True,-0.028860808579943886,-0.02928547243688127,0.17196137462280692,0.17203639752524516,0.20099264804035907,-0.022038567493112837,-0.09019627900269107,-0.37342253951125015,1.48,0.07000000000000006,0.010000000000000002,-0.11999999999999988,0.02,0.0,0.031214630185374403
2021-06-18,JPM,149.3000030517578,149.6999969482422,147.55999755859375,147.9199981689453,130.36231994628906,43595700,0.09,0.05,1.45,277.651,270.654,126.2,21440.929,20.7,5.9,0.9,0.0,False,True,-0.025302984719934307,-0.0256286098370893,0.1787868597977538,0.18837293656879328,0.20487812237887768,0.16619718309859155,-0.29642514158556316,-0.4272458905701823,1.4,-0.020000000000000018,0.020000000000000004,-0.22999999999999998,0.04,0.0,0.031214630185374403
2021-06-21,JPM,149.0800018310547,151.1999969482422,149.02000427246094,150.42999267578125,132.5743865966797,18664800,0.09,0.05,1.5,277.651,270.654,126.2,21440.929,17.89,5.9,0.9,0.0,False,False,0.016968604511656604,0.01682624590324344,0.22846340683904226,0.20176655432214685,0.2005508659307315,-0.13574879227053138,-0.4034032714385987,-0.5140897789843449,1.45,-0.010000000000000009,0.020000000000000004,-0.1299999999999999,0.04,0.0,0.031214630185374403
2021-06-22,JPM,150.60000610351562,150.97000122070312,148.66000366210938,150.2100067138672,132.38055419921875,14251200,0.09,0.04,1.48,277.651,270.654,126.2,21440.929,16.66,5.9,0.9,0.0,False,False,-0.001462065203066798,-0.0014631350633265991,0.23055848463937337,0.19493790020434357,0.19952779716899421,-0.0687534935718278,-0.4007456939872429,-0.5028368516966812,1.44,-0.030000000000000027,0.010000000000000002,-0.1499999999999999,0.03,0.0,0.031214630185374403
2021-06-23,JPM,150.1999969482422,152.0399932861328,150.08999633789062,151.1199951171875,133.18251037597656,12733300,0.08,0.05,1.5,277.651,270.654,126.2,21440.929,16.32,5.9,0.9,0.0,False,False,0.006057960563837339,0.006039684892464124,0.24201956388676735,0.19533290016050756,0.1992959129963367,-0.020408163265306145,-0.3780934993361204,-0.5120212030558413,1.45,-0.07000000000000006,0.010000000000000002,-0.1100000000000001,0.030000000000000002,0.0,0.031214630185374403
2021-06-24,JPM,151.9199981689453,153.1199951171875,151.22000122070312,152.50999450683594,134.40748596191406,13733200,0.08,0.05,1.49,277.651,270.654,126.2,21440.929,15.97,5.9,0.9,0.0,False,False,0.009197721100761447,0.009155679657722847,0.25052828424792073,0.1986825128514167,0.19850457465025806,-0.021446078431372473,-0.37322373010976023,-0.5061520189274996,1.44,-0.030000000000000027,0.010000000000000002,-0.07000000000000006,0.030000000000000002,0.0,0.031214630185374403
2021-06-25,JPM,152.58999633789062,154.5,151.6699981689453,154.0500030517578,135.76470947265625,15484900,0.09,0.06,1.54,277.651,270.654,126.2,21440.929,15.62,5.9,0.9,0.0,False,False,0.010097826776752417,0.010047184357520375,0.2613177375326397,0.20349417533784603,0.19674348000933894,-0.021916092673763377,-0.3773080641836667,-0.5023499426454185,1.48,0.09000000000000008,0.009999999999999995,-0.040000000000000036,0.039999999999999994,0.0,0.031214630185374403
2021-06-28,JPM,153.6999969482422,154.47999572753906,152.1199951171875,154.3300018310547,136.0115203857422,14125800,0.08,0.05,1.49,277.651,270.654,126.2,21440.929,15.76,5.9,0.9,0.0,False,False,0.001817931287479757,0.001816280850348224,0.25176116418674266,0.1937137457238188,0.19418208937839618,0.008962868117797784,-0.35816306841609324,-0.4882936165020644,1.44,-0.010000000000000009,0.0,-0.1200000000000001,0.030000000000000002,0.0,0.031214630185374403
2021-06-29,JPM,155.0,156.30999755859375,153.61000061035156,154.13999938964844,135.84402465820312,14528700,0.08,0.04,1.49,277.651,270.654,126.2,21440.929,16.02,5.9,0.9,0.0,False,False,-0.0012314819146498346,-0.0012322408116121266,0.24076451362754359,0.19363849750292575,0.19279905824709134,0.016497461928933976,-0.3561892953883755,-0.4831703037109917,1.45,0.010000000000000009,0.0,-0.09000000000000008,0.03,0.0,0.031214630185374403
2021-06-30,JPM,153.75,156.0800018310547,153.7100067138672,155.5399932861328,137.077880859375,12531000,0.07,0.05,1.45,277.651,270.654,126.2,21440.929,15.83,5.9,0.9,0.0,False,False,0.009082889028622088,0.009041887678860296,0.24279628801047906,0.19199991018922077,0.19126228439073603,-0.011860174781523014,-0.43938058792555484,-0.49151242997120964,1.4,-0.050000000000000044,0.0,-0.17000000000000015,0.030000000000000002,0.0,0.031214630185374403
2021-07-01,JPM,156.25999450683594,157.13999938964844,155.4199981689453,157.0800018310547,138.43508911132812,10479400,0.09,0.05,1.48,278.648,271.903,127.486,21617.828,15.48,5.4,0.9,0.0,False,False,0.00990100112027159,0.009852307356221675,0.18544912169804914,0.19697149326287433,0.19129734699783352,-0.02210991787744787,-0.4392636707270235,-0.4852094926748895,1.43,-0.010000000000000009,0.0,-0.1100000000000001,0.030000000000000002,0.0,0.00825052869677445
2021-07-02,JPM,155.9499969482422,156.32000732421875,155.1199951171875,156.02999877929688,138.30210876464844,11424000,0.08,0.05,1.44,278.648,271.903,127.486,21617.828,15.07,5.4,0.9,0.0,False,False,-0.0009605971111322775,-0.0009610587802129045,0.09778936491217845,0.19670802573631188,0.19106157415053235,-0.026485788113695063,-0.45206280531573784,-0.4882331221995162,1.39,-0.10000000000000009,-0.009999999999999995,-0.18999999999999995,0.030000000000000002,0.0,0.00825052869677445
2021-07-06,JPM,155.77999877929688,155.77999877929688,152.35000610351562,153.41000366210938,135.97979736328125,15083400,0.07,0.05,1.37,278.648,271.903,127.486,21617.828,16.44,5.4,0.9,0.0,False,False,-0.01679158345531173,-0.016934160408236972,0.13285740423571926,0.2019733730920399,0.19361984579164687,0.09090909090909105,-0.4899079550943304,-0.5020212375633832,1.32,-0.11999999999999988,0.0,-0.18999999999999995,0.030000000000000002,0.0,0.00825052869677445
2021-07-07,JPM,152.00999450683594,154.27999877929688,151.5500030517578,153.58999633789062,136.13934326171875,12271800,0.08,0.05,1.33,278.648,271.903,127.486,21617.828,16.2,5.4,0.9,0.0,False,False,0.0011733058993408374,0.0011726181139100232,0.1312853467108721,0.20259722808978875,0.19110139025886,-0.014598540145985495,-0.49232067467661095,-0.4958711229258654,1.28,-0.15999999999999992,0.010000000000000002,-0.24,0.030000000000000002,0.0,0.00825052869677445
2021-07-08,JPM,151.61000061035156,152.52999877929688,150.0399932861328,150.94000244140625,133.79042053222656,17834600,0.07,0.06,1.3,278.648,271.903,127.486,21617.828,19.0,5.4,0.9,0.0,False,False,-0.017253812698189264,-0.017404394309356048,0.16380741703415513,0.2083950521944705,0.19420445605491254,0.1728395061728396,-0.5339803322500494,-0.5179867720069696,1.24,-0.1499999999999999,0.009999999999999995,-0.22999999999999998,0.039999999999999994,0.0,0.00825052869677445
2021-07-09,JPM,153.0500030517578,156.14999389648438,152.5800018310547,155.77000427246094,138.0716552734375,13694500,0.08,0.06,1.37,278.648,271.903,127.486,21617.828,16.18,5.4,0.9,0.0,False,False,0.03199956113584168,0.031498241803313204,0.22427236382983592,0.23912576348609169,0.2038429479213158,-0.148421052631579,-0.6223116072849008,-0.5524384618454422,1.31,-0.10999999999999988,0.009999999999999995,-0.1299999999999999,0.03,0.0,0.00825052869677445
2021-07-12,JPM,154.35000610351562,159.16000366210938,153.94000244140625,158.0,140.04830932617188,19940400,0.08,0.05,1.38,278.648,271.903,127.486,21617.828,16.17,5.4,0.9,0.0,False,False,0.014316146560420462,0.01421463819297466,0.22902584346718075,0.23976884573255064,0.20574893583134365,-0.0006180469715697523,-0.7084128743418291,-0.5476809421043987,1.3299999999999998,-0.06000000000000005,0.0,-0.07000000000000006,0.020000000000000004,0.0,0.00825052869677445
2021-07-13,JPM,156.0500030517578,157.38999938964844,153.5,155.64999389648438,137.96531677246094,22671700,0.08,0.05,1.42,278.648,271.903,127.486,21617.828,17.12,5.4,0.9,0.0,False,False,-0.014873385931847727,-0.014985103869719187,0.2465366360052091,0.24500976197075172,0.20655948951926248,0.05875077303648735,-0.7195053459860997,-0.5601817710100931,1.3699999999999999,0.04999999999999982,0.0,-0.050000000000000044,0.020000000000000004,0.0,0.00825052869677445
2021-07-14,JPM,155.9499969482422,157.27999877929688,152.9499969482422,155.1199951171875,137.49549865722656,14622800,0.08,0.06,1.37,278.648,271.903,127.486,21617.828,16.33,5.4,0.9,0.0,False,False,-0.0034053349510241304,-0.003411146300901077,0.24743553024245976,0.23824673830858828,0.20302792663905744,-0.04614485981308425,-0.7026403729331425,-0.5602064321488046,1.31,0.040000000000000036,0.009999999999999995,-0.1399999999999999,0.03,0.0,0.00825052869677445
2021-07-15,JPM,153.89999389648438,156.52999877929688,153.6999969482422,155.4600067138672,137.79689025878906,11539300,0.07,0.05,1.31,278.648,271.903,127.486,21617.828,17.01,5.4,0.9,0.0,False,False,0.00219201068039232,0.0021896117300244347,0.24372452417814802,0.23217134290264316,0.20271316739818215,0.0416411512553585,-0.6934933241256335,-0.5570707597392055,1.26,0.010000000000000009,-0.009999999999999995,-0.19999999999999996,0.020000000000000004,0.0,0.00825052869677445
2021-07-16,JPM,155.9600067138672,156.27999877929688,151.02000427246094,151.91000366210938,134.65023803710938,14002700,0.08,0.05,1.31,278.648,271.903,127.486,21617.828,18.45,5.4,0.9,0.0,False,False,-0.022835437111607737,-0.023100204185297173,0.2637234428789678,0.24441530326720592,0.20757129168934121,0.08465608465608443,-0.7452999394084119,-0.5657831943261055,1.26,-0.06000000000000005,-0.009999999999999995,-0.26,0.010000000000000002,0.0,0.00825052869677445
2021-07-19,JPM,148.5500030517578,149.82000732421875,145.7100067138672,146.97000122070312,130.27149963378906,22172900,0.07,0.05,1.19,278.648,271.903,127.486,21617.828,22.5,5.4,0.9,0.0,False,False,-0.0325193513739912,-0.033059855698377195,0.3037417354127338,0.2501861785625856,0.21768956445617552,0.2195121951219512,-0.8877691513966077,-0.6060499876454978,1.14,-0.18999999999999995,0.0,-0.33000000000000007,0.010000000000000002,0.0,0.00825052869677445
2021-07-20,JPM,146.52000427246094,151.1199951171875,146.3300018310547,149.7100067138672,132.7001953125,15385200,0.08,0.05,1.23,278.648,271.903,127.486,21617.828,19.73,5.4,0.9,0.0,False,False,0.01864333860850853,0.018471681793289445,0.31958395389238203,0.24257480035735907,0.216332365689891,-0.12311111111111106,-0.8806660775637306,-0.6129641685221195,1.18,-0.18999999999999995,0.0,-0.21999999999999997,0.0,0.0,0.00825052869677445
2021-07-21,JPM,152.0500030517578,153.64999389648438,151.36000061035156,152.86000061035156,135.49227905273438,12356700,0.07,0.05,1.3,278.648,271.903,127.486,21617.828,17.91,5.4,0.9,0.0,False,False,0.021040539794679347,0.02082224436359092,0.3403536406882294,0.24625861436939964,0.21965087884063353,-0.09224531170805883,-0.8839601196639146,-0.6198251982706253,1.25,-0.07000000000000006,-0.009999999999999995,-0.19999999999999996,0.0,0.0,0.00825052869677445
2021-07-22,JPM,152.8800048828125,153.44000244140625,149.97000122070312,150.92999267578125,133.7815399169922,9913300,0.07,0.05,1.27,278.648,271.903,127.486,21617.828,17.69,5.4,0.9,0.0,False,False,-0.012626100525450323,-0.012706487095415536,0.3345793126137275,0.25073600859104067,0.21687247368117857,-0.012283640424343933,-0.8807261586542668,-0.6082745719164921,1.22,-0.040000000000000036,0.0,-0.20999999999999996,0.010000000000000002,0.0,0.00825052869677445
2021-07-23,JPM,151.47999572753906,152.83999633789062,150.25,150.63999938964844,133.52452087402344,9666100,0.07,0.05,1.3,278.648,271.903,127.486,21617.828,17.2,5.4,0.9,0.0,False,False,-0.001921184665150566,-0.0019230325074862374,0.2848280032118153,0.2500361384020919,0.21363516293843982,-0.027699265121537753,-0.8733389131265793,-0.5998975363943845,1.25,-0.010000000000000009,0.0,-0.19999999999999996,0.0,0.0,0.00825052869677445
2021-07-26,JPM,150.19000244140625,151.9600067138672,150.1699981689453,151.64999389648438,134.41978454589844,8208000,0.08,0.05,1.29,278.648,271.903,127.486,21617.828,17.58,5.4,0.9,0.0,False,False,0.006704863391493898,0.006682485765206751,0.2741321178768829,0.24905513307380175,0.21398823610523365,0.02209302325581386,-0.8653594870512954,-0.5976078820820866,1.24,0.10000000000000009,0.0,-0.19999999999999996,0.0,0.0,0.00825052869677445
2021-07-27,JPM,150.39999389648438,152.49000549316406,149.8000030517578,151.4499969482422,134.24246215820312,11218700,0.07,0.05,1.25,278.648,271.903,127.486,21617.828,19.36,5.4,0.9,0.0,False,False,-0.0013191688135369972,-0.0013200396826828333,0.26744321632595797,0.24637819746311684,0.21382396875847481,0.10125142207053472,-0.8461323749945612,-0.5936776859172453,1.2,0.020000000000000018,0.0,-0.29000000000000004,-0.009999999999999995,0.0,0.00825052869677445
2021-07-28,JPM,152.2899932861328,152.77000427246094,150.8800048828125,151.6999969482422,134.46408081054688,9217300,0.07,0.05,1.26,278.648,271.903,127.486,21617.828,18.31,5.4,0.9,0.0,False,False,0.001650883399937797,0.0016495221898645222,0.26829046092890513,0.24635880521400885,0.2134598855899177,-0.05423553719008267,-0.8391482831914218,-0.592157338415012,1.21,-0.040000000000000036,0.0,-0.22999999999999998,0.0,0.0,0.00825052869677445
2021-07-29,JPM,153.13999938964844,153.8699951171875,151.91000366210938,153.0,135.61634826660156,9063500,0.08,0.06,1.28,278.648,271.903,127.486,21617.828,17.7,5.4,0.9,0.0,False,False,0.008569332784702288,0.008532824472170764,0.2730630897097187,0.24833000917418374,0.21059303062720627,-0.03331512834516659,-0.8411156044246493,-0.6080763391737362,1.22,0.010000000000000009,0.009999999999999995,-0.20999999999999996,0.019999999999999997,0.0,0.00825052869677445
2021-07-30,JPM,152.5800018310547,153.6699981689453,151.1999969482422,151.77999877929688,134.5349884033203,9805200,0.07,0.06,1.24,278.648,271.903,127.486,21617.828,18.24,5.4,0.9,0.0,False,False,-0.007973668935219114,-0.008005628637456881,0.24925284388622382,0.2474601395520258,0.2104438685409662,0.03050847457627115,-0.8423758024635086,-0.6062729558294299,1.18,-0.06000000000000005,0.009999999999999995,-0.20999999999999996,0.009999999999999995,0.0,0.00825052869677445
2021-08-02,JPM,152.02999877929688,154.4499969482422,151.07000732421875,151.1699981689453,133.99429321289062,10203200,0.07,0.05,1.2,278.648,271.903,127.486,21617.828,19.46,5.4,0.9,0.0,False,False,-0.00401899310243925,-0.004027090959320842,0.1725034761029399,0.24452065916088112,0.21051483708596355,0.06688596491228083,-0.8397537253286769,-0.6080848763444201,1.15,-0.09000000000000008,0.0,-0.28,0.0,0.0,0.00825052869677445
2021-08-03,JPM,151.9499969482422,153.32000732421875,149.52000427246094,152.88999938964844,135.51885986328125,10394800,0.07,0.05,1.19,278.648,271.903,127.486,21617.828,18.04,5.4,0.9,0.0,False,False,0.011377847621975912,0.011313606736490376,0.1573966133422494,0.24855851275009494,0.2099227210235341,-0.0729701952723536,-0.8490996055863471,-0.6321995384625665,1.14,-0.06000000000000005,0.0,-0.25,0.0,0.0,0.00825052869677445
2021-08-04,JPM,151.25,153.3699951171875,150.91000366210938,151.24000549316406,134.05636596679688,10155000,0.07,0.05,1.19,278.648,271.903,127.486,21617.828,17.97,5.4,0.9,0.0,False,False,-0.010791810807439073,-0.010850464767686686,0.12980557678434193,0.24449483534245936,0.20924764641745175,-0.0038802660753880502,-0.8278074447034794,-0.629852907452985,1.14,-0.07000000000000006,0.0,-0.18000000000000016,0.0,0.0,0.00825052869677445
2021-08-05,JPM,152.27999877929688,153.69000244140625,152.00999450683594,153.14999389648438,135.74932861328125,9151500,0.08,0.05,1.23,278.648,271.903,127.486,21617.828,17.28,5.4,0.9,0.0,False,False,0.012628737429028147,0.012549659993977889,0.1282942910712058,0.24872002984884356,0.20681973303196638,-0.03839732888146896,-0.829471825714476,-0.6327666581350135,1.18,-0.050000000000000044,-0.009999999999999995,-0.10000000000000009,0.0,0.0,0.00825052869677445
2021-08-06,JPM,155.19000244140625,157.82000732421875,155.11000061035156,157.5,139.60507202148438,13328800,0.09,0.06,1.31,278.648,271.903,127.486,21617.828,16.15,5.4,0.9,0.0,False,False,0.02840340683516196,0.02800750915708761,0.1826578252106669,0.25854911547607234,0.21450054108190406,-0.06539351851851871,-0.8164220574197231,-0.6342608549899914,1.25,0.07000000000000006,0.0,0.010000000000000009,0.0,0.0,0.00825052869677445
2021-08-09,JPM,157.52000427246094,158.5500030517578,155.89999389648438,157.3300018310547,139.45440673828125,9516900,0.08,0.06,1.33,278.648,271.903,127.486,21617.828,16.72,5.4,0.9,0.0,False,False,-0.0010792249953492927,-0.0010798077779847093,0.18415546077369294,0.2353460112939211,0.21450621009786358,0.03529411764705892,-0.7792297831530685,-0.6557317633760694,1.27,0.13000000000000012,0.009999999999999995,-0.040000000000000036,0.0,0.0,0.00825052869677445
2021-08-10,JPM,156.74000549316406,159.97999572753906,156.30999755859375,159.25999450683594,141.16514587402344,8667000,0.08,0.05,1.36,278.648,271.903,127.486,21617.828,16.79,5.4,0.9,0.0,False,False,0.012267372367463336,0.012192737914220007,0.18636868634449152,0.23395879350432208,0.2132855673973339,0.004186602870813516,-0.7810686990030978,-0.6414852254752184,1.31,0.17000000000000015,0.0,-0.019999999999999796,0.0,0.0,0.00825052869677445
2021-08-11,JPM,160.0,161.5,159.0800018310547,161.16000366210938,142.84921264648438,9156500,0.08,0.05,1.35,278.648,271.903,127.486,21617.828,16.06,5.4,0.9,0.0,False,False,0.01192976327147921,0.011859164574775405,0.18822401478762008,0.23019810571714291,0.2140591889349935,-0.0434782608695653,-0.7791282878137868,-0.6744555067770848,1.3,0.16000000000000014,0.0,-0.06999999999999984,0.0,0.0,0.00825052869677445
2021-08-12,JPM,161.8800048828125,162.3699951171875,160.5500030517578,161.7899932861328,143.40768432617188,8844200,0.09,0.06,1.36,278.648,271.903,127.486,21617.828,15.59,5.4,0.9,0.0,False,False,0.003909518780965016,0.0039018964723292987,0.18794849352207746,0.2295626673307066,0.20811608238904614,-0.029265255292652448,-0.799466615906178,-0.6535229926246444,1.3,0.13000000000000012,0.009999999999999995,-0.010000000000000009,0.0,0.0,0.00825052869677445
2021-08-13,JPM,161.7899932861328,162.16000366210938,159.57000732421875,159.97999572753906,141.80331420898438,8980900,0.08,0.06,1.29,278.648,271.903,127.486,21617.828,15.45,5.4,0.9,0.0,False,False,-0.011187476631576154,-0.011250527140038685,0.1950892065465604,0.23410267949353367,0.20697841986282217,-0.008980115458627314,-0.7856482910519211,-0.6407716808946978,1.23,-0.020000000000000018,0.0,-0.020000000000000018,0.009999999999999995,0.0,0.00825052869677445
2021-08-16,JPM,158.94000244140625,159.02999877929688,156.77999877929688,158.92999267578125,140.8726043701172,8755800,0.08,0.06,1.26,278.648,271.903,127.486,21617.828,16.12,5.4,0.9,0.0,False,False,-0.006563385658924337,-0.006585019386867741,0.19888499448246336,0.21884967909539385,0.20716501327704837,0.0433656957928803,-0.7735692778540465,-0.6492632399766155,1.2,-0.07000000000000006,0.0,-0.050000000000000044,0.009999999999999995,0.0,0.00825052869677445
2021-08-17,JPM,157.57000732421875,158.86000061035156,155.27000427246094,157.00999450683594,139.1707763671875,9347200,0.07,0.07,1.26,278.648,271.903,127.486,21617.828,17.91,5.4,0.9,0.0,False,False,-0.012080617168533703,-0.012154180887857241,0.21247169013371345,0.1859831987607726,0.20665684825558156,0.1110421836228288,-0.6745898623341673,-0.6479540419585474,1.19,-0.10000000000000009,0.020000000000000004,0.07000000000000006,0.020000000000000004,0.0,0.00825052869677445
2021-08-18,JPM,156.30999755859375,158.00999450683594,155.33999633789062,155.5800018310547,137.9032745361328,8065500,0.07,0.07,1.27,278.648,271.903,127.486,21617.828,21.57,5.4,0.9,0.0,False,False,-0.009107528635972528,-0.009149255721878321,0.20959514733756437,0.18187314001408336,0.20688865647564303,0.204355108877722,-0.6145943827796008,-0.6339982172176388,1.2,-0.08000000000000007,0.020000000000000004,0.040000000000000036,0.020000000000000004,0.0,0.00825052869677445
2021-08-19,JPM,153.16000366210938,155.55999755859375,153.00999450683594,154.27999877929688,136.7509307861328,9517700,0.06,0.06,1.24,278.648,271.903,127.486,21617.828,21.67,5.4,0.9,0.0,False,False,-0.008356173947835166,-0.00839128248820874,0.20876257983473392,0.17128435292745695,0.2074823236383625,0.004636068613815603,-0.5481613002617426,-0.6385078746634627,1.18,-0.1200000000000001,0.0,-0.06000000000000005,0.009999999999999995,0.0,0.00825052869677445
2021-08-20,JPM,154.35000610351562,154.89999389648438,153.16000366210938,154.72000122070312,137.1409454345703,6974100,0.06,0.05,1.26,278.648,271.903,127.486,21617.828,18.56,5.4,0.9,0.0,False,False,0.002852007267485801,0.002847948010946803,0.14528755306280805,0.164585662257492,0.20619844965293352,-0.14351638209506246,-0.5465435508687962,-0.6269224785942802,1.21,-0.030000000000000027,-0.009999999999999995,-0.010000000000000009,0.0,0.0,0.00825052869677445
2021-08-23,JPM,155.3300018310547,157.08999633789062,155.24000549316406,156.6999969482422,138.89596557617188,7934600,0.07,0.05,1.25,278.648,271.903,127.486,21617.828,17.15,5.4,0.9,0.0,False,False,0.012797200252924412,0.012716008040727539,0.16262299680572653,0.16886375697228018,0.20759357098784256,-0.07596982758620696,-0.5817536151936163,-0.6324017315265377,1.2,-0.010000000000000009,-0.009999999999999995,-0.050000000000000044,0.0,0.0,0.00825052869677445
2021-08-24,JPM,157.0,158.5500030517578,156.8699951171875,157.6699981689453,139.75576782226562,7670900,0.06,0.05,1.29,278.648,271.903,127.486,21617.828,17.22,5.4,0.9,0.0,False,False,0.006190260764789679,0.006171179804215736,0.15203021256636137,0.16868966039462405,0.2070570746473609,0.004081632653061273,-0.5886566557991286,-0.6306502067350245,1.24,0.030000000000000027,-0.020000000000000004,0.0,0.0,0.0,0.00825052869677445
2021-08-25,JPM,158.50999450683594,161.77999877929688,157.8000030517578,160.9199981689453,142.6365203857422,11335000,0.07,0.06,1.35,278.648,271.903,127.486,21617.828,16.79,5.4,0.9,0.0,False,False,0.02061276331106532,0.020403195263312073,0.17637204037231996,0.17994881226151005,0.21116697040045646,-0.024970963995354256,-0.5793984786188783,-0.6320459221289559,1.29,0.08000000000000007,-0.010000000000000009,0.10000000000000009,0.009999999999999995,0.0,0.00825052869677445
2021-08-26,JPM,162.25999450683594,163.8300018310547,161.14999389648438,161.75,143.37220764160156,11027500,0.07,0.05,1.34,278.648,271.903,127.486,21617.828,18.84,5.4,0.9,0.0,False,False,0.005157776240403145,0.005144520473180277,0.17727915297346472,0.18005293886747184,0.2090976275204074,0.12209648600357359,-0.5387556134547172,-0.6081336670078601,1.29,0.10000000000000009,-0.009999999999999995,0.08000000000000007,0.0,0.0,0.00825052869677445
2021-08-27,JPM,161.75,163.16000366210938,161.25999450683594,163.0500030517578,144.52450561523438,8780200,0.07,0.05,1.31,278.648,271.903,127.486,21617.828,16.39,5.4,0.9,0.0,False,False,0.00803710839490801,0.008004982855399793,0.16931201608803725,0.17985976550238203,0.20973080107280054,-0.13004246284501053,-0.5305887690607373,-0.608843222108077,1.26,0.050000000000000044,0.0,0.030000000000000027,-0.009999999999999995,0.0,0.00825052869677445
2021-08-30,JPM,163.2100067138672,163.49000549316406,159.8800048828125,160.44000244140625,142.2110595703125,7937600,0.08,0.05,1.29,278.648,271.903,127.486,21617.828,16.19,5.4,0.9,0.0,False,False,-0.016007292570029086,-0.016136793105749867,0.18842712071315876,0.18815971595935413,0.21096066006609998,-0.01220256253813301,-0.48119209296847226,-0.6164607921053671,1.24,0.040000000000000036,0.0,0.050000000000000044,-0.009999999999999995,0.0,0.00825052869677445
2021-08-31,JPM,160.44000244140625,161.3699951171875,159.35000610351562,159.9499969482422,141.77674865722656,12340800,0.07,0.04,1.3,278.648,271.903,127.486,21617.828,16.48,5.4,0.9,0.0,False,False,-0.003053988307225919,-0.0030586612460084626,0.17583275985004215,0.18775667942911922,0.21102195215735448,0.017912291537986347,-0.4721603677473854,-0.6170543664341035,1.26,0.010000000000000009,-0.010000000000000002,0.10000000000000009,-0.010000000000000002,0.0,0.00825052869677445
2021-09-01,JPM,160.22000122070312,160.75999450683594,158.97000122070312,159.72000122070312,141.57284545898438,8729900,0.07,0.05,1.31,279.698,273.91,129.226,21617.828,16.11,4.7,0.9,0.0,False,False,-0.0014381991417730111,-0.001439234342827937,0.1663245890224744,0.1855594081318997,0.21101661972665814,-0.022451456310679685,-0.44885909001199775,-0.6174789199637005,1.26,-0.040000000000000036,-0.009999999999999995,0.1200000000000001,0.0,0.0,0.00825052869677445
2021-09-02,JPM,160.02000427246094,161.61000061035156,159.42999267578125,160.4600067138672,142.228759765625,8813300,0.07,0.05,1.29,279.698,273.91,129.226,21617.828,16.41,4.7,0.9,0.0,False,False,0.004633051659830079,0.0046223521109692795,0.15460426074115013,0.17961896050509668,0.2112265465743684,0.01862197392923659,-0.4618771180837097,-0.6192950234022633,1.24,-0.050000000000000044,0.0,0.10000000000000009,0.0,0.0,0.00825052869677445
2021-09-03,JPM,160.38999938964844,160.88999938964844,159.14999389648438,159.49000549316406,141.36898803710938,7959700,0.08,0.05,1.33,279.698,273.91,129.226,21617.828,16.41,4.7,0.9,0.0,False,False,-0.006044992095356916,-0.00606333702741562,0.16261116338600345,0.17848150585929987,0.21135479380527206,0.0,-0.44596895665114283,-0.6188533698063465,1.28,0.020000000000000018,0.0,0.10000000000000009,0.0,0.0,0.00825052869677445
2021-09-07,JPM,159.99000549316406,161.3800048828125,158.9600067138672,159.2100067138672,141.12081909179688,9285600,0.08,0.05,1.38,279.698,273.91,129.226,21617.828,18.14,4.7,0.9,0.0,False,False,-0.0017554694898668233,-0.0017570121320703187,0.1545179345453097,0.15142030953830615,0.21125240878494486,0.10542352224253504,-0.4131353268729413,-0.6119288860115603,1.3299999999999998,0.08999999999999986,0.0,0.06999999999999984,-0.009999999999999995,0.0,0.00825052869677445
2021-09-08,JPM,158.88999938964844,159.5800018310547,158.0399932861328,158.5,140.49147033691406,7852700,0.08,0.05,1.35,279.698,273.91,129.226,21617.828,17.96,4.7,0.9,0.0,False,False,-0.004459644997336865,-0.004469618878447224,0.15491521048882465,0.15232257883695677,0.2099864763729776,-0.009922822491730932,-0.4030508650385124,-0.6077884109186534,1.3,0.050000000000000044,0.010000000000000002,0.020000000000000018,-0.009999999999999995,0.0,0.00825052869677445
2021-09-09,JPM,158.27000427246094,160.8300018310547,158.0800018310547,159.19000244140625,141.10305786132812,7904300,0.07,0.04,1.3,279.698,273.91,129.226,21617.828,18.8,4.7,0.9,0.0,False,False,0.004353200396774337,0.004343752628688727,0.11234299359543368,0.14696794065683513,0.20784215298146022,0.04677060133630295,-0.4018734339378178,-0.6440733482408847,1.26,-0.010000000000000009,-0.010000000000000002,-0.06000000000000005,-0.010000000000000002,0.0,0.00825052869677445
2021-09-10,JPM,160.55999755859375,160.72000122070312,157.22000122070312,157.36000061035156,139.48101806640625,8311600,0.08,0.05,1.35,279.698,273.91,129.226,21617.828,20.95,4.7,0.9,0.0,False,False,-0.011495426247359997,-0.011562009419458627,0.1176017819202752,0.14550047439902697,0.20911623061971743,0.1143617021276595,-0.4230216888465057,-0.6509731175770569,1.3,0.06000000000000005,0.0,0.0,0.0,0.0,0.00825052869677445
2021-09-13,JPM,158.52999877929688,160.0500030517578,158.07000732421875,159.86000061035156,141.6969451904297,10052800,0.07,0.06,1.33,279.698,273.91,129.226,21617.828,19.37,4.7,0.9,0.0,False,False,0.015886944006735293,0.015762067380781085,0.1414889703794984,0.15609014164647383,0.20864557798384775,-0.07541766109785197,-0.46313159744692445,-0.6573153184565189,1.27,0.0,0.009999999999999995,-0.030000000000000027,0.0,0.0,0.00825052869677445
2021-09-14,JPM,160.4499969482422,161.33999633789062,156.25999450683594,157.07000732421875,139.22393798828125,11685600,0.07,0.04,1.28,279.698,273.91,129.226,21617.828,19.46,4.7,0.9,0.0,False,False,-0.017452791228666942,-0.01760688675303408,0.14573741285788205,0.162970996688703,0.20940209407347152,0.004646360351058254,-0.44947969664633775,-0.6477460343210282,1.24,-0.09999999999999987,-0.010000000000000002,-0.010000000000000009,-0.019999999999999997,0.0,0.00825052869677445
2021-09-15,JPM,156.72000122070312,158.69000244140625,156.47000122070312,158.16000366210938,140.19012451171875,11691500,0.07,0.04,1.31,279.698,273.91,129.226,21617.828,18.18,4.7,0.9,0.0,False,False,0.006939801713688354,0.006915832122021126,0.1523937067091562,0.16371885515771545,0.20939122168014698,-0.0657759506680371,-0.46158167930379507,-0.660443828636854,1.27,-0.040000000000000036,-0.010000000000000002,0.050000000000000044,-0.019999999999999997,0.0,0.00825052869677445
2021-09-16,JPM,159.41000366210938,160.85000610351562,157.22000122070312,158.08999633789062,140.1280517578125,10880900,0.07,0.04,1.34,279.698,273.91,129.226,21617.828,18.69,4.7,0.9,0.0,False,False,-0.00044277551020410755,-0.0004428735642253402,0.15241833394599802,0.15789543509511378,0.20059859922595422,0.028052805280528226,-0.4204501713391462,-0.7012741174146907,1.3,0.040000000000000036,0.0,0.08000000000000007,-0.030000000000000006,0.0,0.00825052869677445
2021-09-17,JPM,157.3800048828125,159.00999450683594,157.0,157.67999267578125,139.76467895507812,25581600,0.07,0.04,1.37,279.698,273.91,129.226,21617.828,20.81,4.7,0.9,0.0,False,True,-0.0025931481825095526,-0.002596516215056065,0.14920214572095253,0.1545364667201794,0.19345484522271442,0.11342964151952906,-0.37134806468736686,-0.6743537459537972,1.33,0.020000000000000018,-0.010000000000000002,0.10000000000000009,-0.030000000000000006,0.0,0.00825052869677445
2021-09-20,JPM,153.88999938964844,154.55999755859375,150.49000549316406,152.9600067138672,135.58094787597656,15819900,0.07,0.04,1.31,279.698,273.91,129.226,21617.828,25.71,4.7,0.9,0.0,False,False,-0.029934108605839227,-0.030391280519466393,0.20749794526467788,0.18626756579503106,0.20077000296287414,0.23546371936568966,-0.5825423238279278,-0.6991007667155218,1.27,-0.020000000000000018,-0.019999999999999997,0.07000000000000006,-0.019999999999999997,0.0,0.00825052869677445
2021-09-21,JPM,153.52999877929688,154.5500030517578,152.5800018310547,152.97999572753906,135.59864807128906,8999900,0.07,0.03,1.33,279.698,273.91,129.226,21617.828,24.36,4.7,0.9,0.0,False,False,0.00013055075650214576,0.0001305422354937421,0.2083298985719274,0.1859063614759388,0.2007366108845919,-0.052508751458576475,-0.599792345269961,-0.7032116763202942,1.3,0.050000000000000044,-0.010000000000000002,0.07000000000000006,-0.020000000000000004,0.0,0.00825052869677445
2021-09-22,JPM,155.1999969482422,157.25,155.10000610351562,155.91000366210938,138.19573974609375,11236200,0.08,0.03,1.32,279.698,273.91,129.226,21617.828,20.87,4.7,0.9,0.0,False,False,0.019152784424807168,0.018971678648866574,0.23795216940051192,0.1926662009199548,0.20386018161671163,-0.14326765188834145,-0.6343548876440414,-0.7143485603826077,1.29,0.010000000000000009,-0.010000000000000002,0.07000000000000006,-0.020000000000000004,0.0,0.00825052869677445
2021-09-23,JPM,158.0,161.7100067138672,157.6699981689453,161.17999267578125,142.86697387695312,12336100,0.08,0.03,1.41,279.698,273.91,129.226,21617.828,18.63,4.7,0.9,0.0,False,False,0.033801578394832,0.03324286056798825,0.2955728062368702,0.2242520503110143,0.2134423376559559,-0.10733109726880696,-0.6679224632510566,-0.7218378721854352,1.38,0.06999999999999984,-0.010000000000000002,0.11999999999999988,-0.020000000000000004,0.0,0.00825052869677445
2021-09-24,JPM,161.44000244140625,163.58999633789062,160.82000732421875,163.0399932861328,144.51564025878906,10102400,0.08,0.03,1.47,279.698,273.91,129.226,21617.828,17.75,4.7,0.9,0.0,False,False,0.011539870531980911,0.011473794082616657,0.29020327861421585,0.21654230842292715,0.21370786921439103,-0.04723564143853998,-0.6860733928534919,-0.7235948787689457,1.44,0.09999999999999987,-0.010000000000000002,0.11999999999999988,-0.03,0.0,0.00825052869677445
2021-09-27,JPM,165.0,167.39999389648438,164.61000061035156,166.97999572753906,148.00796508789062,13220900,0.09,0.04,1.48,279.698,273.91,129.226,21617.828,18.76,4.7,0.9,0.0,False,False,0.024165722290319103,0.023878351697071247,0.30237452491026195,0.23073038084120975,0.21855414055726385,0.05690140845070424,-0.6370700497373287,-0.6890874027120953,1.44,0.16999999999999993,0.0,0.1399999999999999,-0.010000000000000002,0.0,0.00825052869677445
2021-09-28,JPM,167.6999969482422,169.3000030517578,165.66000366210938,166.0800018310547,147.21026611328125,13387900,0.09,0.04,1.54,279.698,273.91,129.226,21617.828,23.25,4.7,0.9,0.0,False,False,-0.005389567879915624,-0.005404143997120479,0.2831489555164612,0.2306539556288292,0.218912819564231,0.2393390191897653,-0.6032999721207819,-0.6701386430941131,1.5,0.20999999999999996,0.010000000000000002,0.22999999999999998,-0.010000000000000002,0.0,0.00825052869677445
2021-09-29,JPM,166.2100067138672,166.89999389648438,165.0399932861328,165.9499969482422,147.0950164794922,7777100,0.09,0.04,1.55,279.698,273.91,129.226,21617.828,22.56,4.7,0.9,0.0,False,False,-0.0007828912808320876,-0.000783197900254449,0.28476338669080237,0.22236749130462968,0.21837733429331713,-0.029677419354838808,-0.6399107841824192,-0.6677693274540345,1.51,0.22999999999999998,0.010000000000000002,0.26,-0.010000000000000002,0.0,0.00825052869677445
2021-09-30,JPM,166.9199981689453,166.99000549316406,162.7899932861328,163.69000244140625,145.09176635742188,13161200,0.09,0.04,1.52,279.698,273.91,129.226,21617.828,23.14,4.7,0.9,0.0,False,False,-0.013618749091677151,-0.013712334907617859,0.29904711948261475,0.2281713417842618,0.2196292235813008,0.025709219858156107,-0.6268881933931351,-0.6638028904520903,1.48,0.1100000000000001,0.010000000000000002,0.21999999999999997,0.0,0.0,0.0
2021-10-01,JPM,164.0,168.3000030517578,163.60000610351562,167.1300048828125,148.14093017578125,11285000,0.09,0.04,1.48,281.668,276.55,130.045,21988.737,21.15,4.5,0.9,0.0,False,False,0.021015415932341686,0.020797637924900084,0.30864031292705363,0.23785006458125355,0.2232239071236369,-0.08599827139152993,-0.6583356682797609,-0.6731185148057443,1.44,0.010000000000000009,0.010000000000000002,0.16999999999999993,-0.010000000000000002,0.0,0.01715755162822097
2021-10-04,JPM,166.97000122070312,170.44000244140625,165.72999572753906,166.9499969482422,147.9813995361328,14120000,0.09,0.04,1.49,281.668,276.55,130.045,21988.737,22.96,4.5,0.9,0.0,False,False,-0.0010768842848437599,-0.0010774645413420398,0.23972707575649432,0.23792594756155186,0.2202526626498606,0.0855791962174941,-0.6579771488018926,-0.6660074306589604,1.45,0.010000000000000009,0.0,0.19999999999999996,-0.010000000000000002,0.0,0.01715755162822097
2021-10-05,JPM,167.2100067138672,170.13999938964844,166.6699981689453,168.66000366210938,150.39796447753906,12292900,0.09,0.04,1.54,281.668,276.55,130.045,21988.737,21.3,4.5,1.0,0.11111111111111116,False,False,0.016330193855317532,0.01619829030927917,0.23710269575189052,0.24102909257510488,0.22224662712419105,-0.07229965156794427,-0.6824568070128545,-0.6714006469774297,1.5,0.0,0.0,0.20999999999999996,-0.010000000000000002,0.11111111111111116,0.01715755162822097
2021-10-06,JPM,167.99000549316406,169.10000610351562,166.0,169.02000427246094,150.71897888183594,8692600,0.1,0.04,1.53,281.668,276.55,130.045,21988.737,21.0,4.5,1.0,0.11111111111111116,False,False,0.0021344331714330256,0.002132158505125119,0.23503476795260503,0.2404483114163169,0.2188724079041227,-0.014084507042253502,-0.6808674300512476,-0.6587055770174902,1.49,-0.020000000000000018,0.0,0.15000000000000013,-0.010000000000000002,0.11111111111111116,0.01715755162822097
2021-10-07,JPM,171.1999969482422,171.50999450683594,169.5399932861328,170.08999633789062,151.6731719970703,10195400,0.1,0.05,1.58,281.668,276.55,130.045,21988.737,19.54,4.5,1.0,0.11111111111111116,False,False,0.006330942010843055,0.006310985781005937,0.1909608998222552,0.2390492334177266,0.210667342500218,-0.06952380952380954,-0.6878154473307259,-0.6377216493478571,1.53,0.06000000000000005,0.010000000000000002,0.22999999999999998,0.0,0.11111111111111116,0.01715755162822097
2021-10-08,JPM,170.02000427246094,171.33999633789062,169.3000030517578,170.22000122070312,151.78904724121094,8190100,0.09,0.05,1.61,281.668,276.55,130.045,21988.737,18.77,4.5,1.0,0.11111111111111116,False,False,0.0007639798298861855,0.0007636881458469765,0.18990134154662153,0.2392393241980328,0.20907710684084418,-0.0394063459570112,-0.6829253774404991,-0.6394755382358019,1.56,0.13000000000000012,0.010000000000000002,0.31000000000000005,0.010000000000000002,0.11111111111111116,0.01715755162822097
2021-10-11,JPM,170.8000030517578,171.2899932861328,166.4600067138672,166.63999938964844,148.59666442871094,12154700,0.095,0.055,1.6,281.668,276.55,130.045,21988.737,20.0,4.5,1.0,0.11111111111111116,False,False,-0.021031707297213154,-0.021256024409423632,0.19863473752482724,0.24907192650201182,0.2114227113672087,0.06553010122535974,-0.6654380113612097,-0.6386661628398986,1.5450000000000002,0.1100000000000001,0.015,0.25,0.0049999999999999975,0.11111111111111116,0.01715755162822097
2021-10-12,JPM,165.75,166.69000244140625,164.77000427246094,165.36000061035156,147.4552764892578,13032600,0.1,0.06,1.59,281.668,276.55,130.045,21988.737,19.85,4.5,1.0,0.11111111111111116,False,False,-0.007681114134299505,-0.0077107658277570535,0.20084613256972172,0.24720073631351192,0.21197622321792625,-0.007499999999999951,-0.6430151417218853,-0.6404133493664641,1.53,0.050000000000000044,0.019999999999999997,0.26,0.0,0.11111111111111116,0.01715755162822097
2021-10-13,JPM,164.07000732421875,165.41000366210938,160.60000610351562,161.0,143.5673828125,22753500,0.11,0.05,1.56,281.668,276.55,130.045,21988.737,18.64,4.5,1.0,0.11111111111111116,False,False,-0.026366595820265903,-0.02672042793464223,0.24222167931549857,0.25803903041378,0.2191423612309479,-0.06095717884130991,-0.5547338993963679,-0.5938266095004258,1.51,0.030000000000000027,0.010000000000000002,0.28,0.010000000000000002,0.11111111111111116,0.01715755162822097
2021-10-14,JPM,161.75,164.00999450683594,160.05999755859375,163.47000122070312,145.76992797851562,15176800,0.1,0.05,1.52,281.668,276.55,130.045,21988.737,16.86,4.5,1.0,0.11111111111111116,False,False,0.015341542924775409,0.01522505138422919,0.24796370905985204,0.26182907009337764,0.21563626862316843,-0.09549356223175975,-0.5688966665360954,-0.5941020448249642,1.47,-0.06000000000000005,0.0,0.20999999999999996,0.010000000000000002,0.11111111111111116,0.01715755162822097
2021-10-15,JPM,165.35000610351562,167.1699981689453,164.13999938964844,166.61000061035156,148.56996154785156,14267400,0.12,0.05,1.59,281.668,276.55,130.045,21988.737,16.3,4.5,1.0,0.11111111111111116,False,False,0.019208581688732185,0.019026425824579914,0.2440254849021973,0.26827962204573175,0.20692927609576867,-0.033214709371292894,-0.5683047853723021,-0.5479058043283813,1.54,-0.020000000000000018,0.0,0.25,0.010000000000000002,0.11111111111111116,0.01715755162822097
2021-10-18,JPM,166.47999572753906,168.61000061035156,165.91000366210938,166.5500030517578,148.51641845703125,12672900,0.11,0.06,1.59,281.668,276.55,130.045,21988.737,16.31,4.5,1.0,0.11111111111111116,False,False,-0.0003603897467731043,-0.0003604547027646783,0.24393957847131473,0.26782582988026726,0.20427904700347035,0.0006134969325151118,-0.5698296889648911,-0.5338793771290012,1.53,-0.010000000000000009,0.0049999999999999975,0.21999999999999997,0.019999999999999997,0.11111111111111116,0.01715755162822097
2021-10-19,JPM,167.39999389648438,168.64999389648438,166.5800018310547,168.57000732421875,150.31768798828125,8053900,0.11,0.05,1.65,281.668,276.55,130.045,21988.737,15.7,4.5,1.0,0.11111111111111116,False,False,0.012128420210800739,0.012055460255977255,0.23720196954529252,0.2403112361959496,0.20169487947889012,-0.03740036787247081,-0.4335200349584821,-0.5237304816357699,1.5999999999999999,0.05999999999999983,-0.009999999999999995,0.33999999999999986,0.010000000000000002,0.11111111111111116,0.01715755162822097
2021-10-20,JPM,168.3000030517578,170.8699951171875,167.4600067138672,170.83999633789062,152.34193420410156,8185600,0.1,0.05,1.65,281.668,276.55,130.045,21988.737,15.49,4.5,1.0,0.11111111111111116,False,False,0.013466453901141096,0.013376587103260881,0.24663171939433062,0.24136787667496234,0.2008942655211168,-0.013375796178343946,-0.438484404721051,-0.5314418937523451,1.5999999999999999,0.08999999999999986,0.0,0.31999999999999984,0.020000000000000004,0.11111111111111116,0.01715755162822097
2021-10-21,JPM,170.75999450683594,171.3300018310547,168.67999267578125,169.5,151.14700317382812,8415200,0.12,0.06,1.68,281.668,276.55,130.045,21988.737,15.01,4.5,1.0,0.11111111111111116,False,False,-0.007843743329873476,-0.0078746672971705,0.24846666859917377,0.24046434619107326,0.2017250703598734,-0.030987734021949653,-0.3835241100874913,-0.5259433465933344,1.6199999999999999,0.15999999999999992,0.009999999999999995,0.3599999999999999,0.03,0.11111111111111116,0.01715755162822097
2021-10-22,JPM,170.02999877929688,172.08999633789062,169.6999969482422,171.77999877929688,153.18014526367188,8817900,0.13,0.06,1.66,281.668,276.55,130.045,21988.737,15.43,4.5,1.0,0.11111111111111116,False,False,0.013451421775829253,0.01336175460758604,0.25791307189674256,0.21919987004571073,0.20279902914244857,0.027981345769487076,-0.27804928740558704,-0.5196960559831668,1.5999999999999999,0.06999999999999984,0.009999999999999995,0.25,0.03,0.11111111111111116,0.01715755162822097
2021-10-25,JPM,172.7100067138672,172.9600067138672,170.47999572753906,170.94000244140625,152.43109130859375,10159200,0.14,0.06,1.64,281.668,276.55,130.045,21988.737,15.24,4.5,1.0,0.11111111111111116,False,False,-0.004890019876850005,-0.004902015144757263,0.2301232157031952,0.21886383889186822,0.20316886848159976,-0.012313674659753748,-0.2606147020283122,-0.5184580587482859,1.5799999999999998,0.04999999999999982,0.0,0.16999999999999993,0.03,0.11111111111111116,0.01715755162822097
2021-10-26,JPM,171.0,172.49000549316406,170.5399932861328,171.39999389648438,152.8412628173828,8015100,0.14,0.06,1.63,281.668,276.55,130.045,21988.737,15.98,4.5,1.0,0.11111111111111116,False,False,0.0026908651330106448,0.0026872512369815063,0.22295268284643374,0.20468202958108953,0.20317184228750304,0.04855643044619429,-0.35042513834889005,-0.5187873932261476,1.5699999999999998,-0.020000000000000018,0.009999999999999995,0.1499999999999999,0.019999999999999997,0.11111111111111116,0.01715755162822097
2021-10-27,JPM,170.32000732421875,170.6999969482422,167.33999633789062,167.8300018310547,149.65786743164062,9847000,0.12,0.06,1.54,281.668,276.55,130.045,21988.737,16.98,4.5,1.0,0.11111111111111116,False,False,-0.020828114915183327,-0.02104807976371039,0.20221613349069956,0.21809453276737917,0.20788466330644956,0.06257822277847302,-0.4709531603431914,-0.523321253861777,1.48,-0.10999999999999988,0.009999999999999995,0.0,0.019999999999999997,0.11111111111111116,0.01715755162822097
2021-10-28,JPM,168.3000030517578,170.50999450683594,167.9600067138672,170.36000061035156,151.91392517089844,7212900,0.15,0.06,1.57,281.668,276.55,130.045,21988.737,16.53,4.5,1.0,0.11111111111111116,False,False,0.015074768723991827,0.014962273548188203,0.2018172411206477,0.22342321519910371,0.20866108036535247,-0.026501766784452263,-0.4748695302620822,-0.5228646002823797,1.51,-0.10999999999999988,0.0,0.020000000000000018,0.019999999999999997,0.11111111111111116,0.01715755162822097
2021-10-29,JPM,171.17999267578125,172.24000549316406,169.38999938964844,169.88999938964844,151.49476623535156,8140100,0.15,0.05,1.55,281.668,276.55,130.045,21988.737,16.26,4.5,1.0,0.11111111111111116,False,False,-0.0027591870532956975,-0.0027630006264162867,0.1857848462536554,0.21713933315665815,0.20852971117681277,-0.016333938294010864,-0.4503164798253073,-0.5184844890265486,1.5,-0.10999999999999988,-0.009999999999999995,0.030000000000000027,0.010000000000000002,0.11111111111111116,0.01715755162822097
2021-11-01,JPM,172.0399932861328,172.3300018310547,169.00999450683594,169.8000030517578,151.4145050048828,7435500,0.15,0.05,1.58,283.406,278.919,131.475,21988.737,16.41,4.1,1.0,0.11111111111111116,False,False,-0.0005297954012751793,-0.0005299357924467067,0.18584578737695828,0.20624090820300045,0.20771152081666155,0.009225092250922495,-0.3888550183700764,-0.5135761823492236,1.53,-0.05999999999999983,-0.009999999999999995,0.10000000000000009,0.010000000000000002,0.11111111111111116,0.01715755162822097
2021-11-02,JPM,169.8000030517578,171.69000244140625,168.9199981689453,170.47000122070312,152.011962890625,7173800,0.15,0.05,1.56,283.406,278.919,131.475,21988.737,16.03,4.1,1.0,0.11111111111111116,False,False,0.003945843139155691,0.0039380787182057165,0.17775694802877393,0.20632364750973872,0.20616215840354443,-0.023156611822059636,-0.41961087610493897,-0.518862423879469,1.51,-0.06999999999999984,-0.009999999999999995,0.07000000000000006,0.010000000000000002,0.11111111111111116,0.01715755162822097
2021-11-03,JPM,170.1300048828125,171.1300048828125,169.14999389648438,170.52999877929688,152.0654754638672,8402700,0.17,0.05,1.6,283.406,278.919,131.475,21988.737,15.1,4.1,1.0,0.11111111111111116,False,False,0.00035202869711437046,0.00035196674955036155,0.16411394376022465,0.19906104014775555,0.20506447837414568,-0.05801621958827208,-0.3578697755302989,-0.5122103478098587,1.55,0.06000000000000005,-0.009999999999999995,0.06000000000000005,0.010000000000000002,0.11111111111111116,0.01715755162822097
2021-11-04,JPM,170.0,170.1999969482422,166.49000549316406,168.2899932861328,150.06802368164062,9574200,0.14,0.04,1.53,283.406,278.919,131.475,21988.737,15.44,4.1,1.0,0.11111111111111116,False,False,-0.01313547191519604,-0.01322250521555531,0.1730837687053043,0.20453029186191632,0.20016973559950443,0.02251655629139071,-0.3870998370242598,-0.5037484009005626,1.49,-0.040000000000000036,-0.019999999999999997,0.0,0.0,0.11111111111111116,0.01715755162822097
2021-11-05,JPM,168.89999389648438,170.08999633789062,167.41000366210938,168.0500030517578,149.85401916503906,7975600,0.14,0.05,1.45,283.406,278.919,131.475,21988.737,16.48,4.1,1.0,0.11111111111111116,False,False,-0.0014260500761678063,-0.0014270678532935152,0.15430581527880563,0.20317564502271926,0.20018664264435615,0.06735751295336789,-0.3491746574500437,-0.5032226167093329,1.4,-0.10000000000000009,0.0,-0.13000000000000012,0.0,0.11111111111111116,0.01715755162822097
2021-11-08,JPM,169.0500030517578,170.9199981689453,168.74000549316406,169.05999755859375,150.754638671875,6413700,0.16,0.06,1.51,283.406,278.919,131.475,21988.737,17.22,4.1,1.0,0.11111111111111116,False,False,0.006009978990580533,0.005991991102087914,0.15858668441565507,0.2044130307319326,0.19917692380652954,0.04490291262135915,-0.30996801872168406,-0.5015675834778306,1.45,-0.07000000000000006,0.009999999999999995,-0.10000000000000009,0.009999999999999995,0.11111111111111116,0.01715755162822097
2021-11-09,JPM,167.35000610351562,168.47000122070312,166.60000610351562,167.77999877929688,149.61325073242188,7990300,0.14,0.04,1.46,283.406,278.919,131.475,21988.737,17.78,4.1,1.0,0.11111111111111116,False,False,-0.00757116298051308,-0.007599969727445555,0.16009808859982091,0.19188462271943582,0.19868359449260717,0.03252032520325221,-0.22999542310311757,-0.4992147010068208,1.42,-0.10000000000000009,-0.010000000000000002,-0.14000000000000012,-0.015,0.11111111111111116,0.01715755162822097
2021-11-10,JPM,167.4499969482422,168.9499969482422,167.08999633789062,167.6199951171875,149.47056579589844,6999200,0.17,0.05,1.56,283.406,278.919,131.475,21988.737,18.73,4.1,1.0,0.11111111111111116,False,False,-0.0009536918409628337,-0.0009541468943700795,0.12051450479979568,0.18973498432016156,0.19860628551118245,0.053430821147356644,-0.2343817126841994,-0.4982575451166872,1.51,-0.040000000000000036,0.0,-0.030000000000000027,-0.009999999999999995,0.11111111111111116,0.01715755162822097
2021-11-11,JPM,167.52000427246094,168.67999267578125,166.89999389648438,167.61000061035156,149.46163940429688,5815300,0.17,0.05,1.57,283.406,278.919,131.475,21988.737,17.66,4.1,1.0,0.11111111111111116,False,False,-5.972006297050303e-05,-5.972184628446373e-05,0.08670812152365771,0.16168636350853144,0.19713481659110954,-0.057127602776294695,-0.4491328118792291,-0.5015340666188484,1.52,0.040000000000000036,0.010000000000000002,0.010000000000000009,0.0,0.11111111111111116,0.01715755162822097
2021-11-12,JPM,167.64999389648438,167.74000549316406,165.72000122070312,166.86000061035156,148.7928466796875,8113400,0.17,0.05,1.58,283.406,278.919,131.475,21988.737,16.29,4.1,1.0,0.11111111111111116,False,False,-0.004474678099845253,-0.004484719437593076,0.08776381058519318,0.15554337438977123,0.19685806468997635,-0.07757644394110996,-0.2748266848876611,-0.4870596071417831,1.53,0.13000000000000012,0.0,0.06000000000000005,0.0,0.11111111111111116,0.01715755162822097
2021-11-15,JPM,167.2100067138672,167.7899932861328,166.0,166.55999755859375,148.5253448486328,6492500,0.18,0.05,1.63,283.406,278.919,131.475,21988.737,16.49,4.1,1.0,0.11111111111111116,False,False,-0.001797813786240332,-0.001799431792986032,0.08748049140627624,0.14115949045481604,0.19515591351694406,0.012277470841006721,-0.2270426590037128,-0.4754971619071698,1.5799999999999998,0.11999999999999988,-0.009999999999999995,0.039999999999999813,0.0,0.11111111111111116,0.01715755162822097
2021-11-16,JPM,167.05999755859375,167.07000732421875,165.1199951171875,165.36000061035156,147.4552764892578,9706100,0.17,0.05,1.63,283.406,278.919,131.475,21988.737,16.37,4.1,1.0,0.11111111111111116,False,False,-0.0072046179085835105,-0.0072306965012112045,0.0844291491685776,0.14336085161162476,0.1947864408164017,-0.007277137659187249,-0.21541249363830386,-0.4665118696200525,1.5799999999999998,0.16999999999999993,0.010000000000000002,0.039999999999999813,-0.009999999999999995,0.11111111111111116,0.01715755162822097
2021-11-17,JPM,165.2100067138672,165.55999755859375,163.38999938964844,164.47000122070312,146.66168212890625,9909600,0.18,0.05,1.6,283.406,278.919,131.475,21988.737,17.11,4.1,1.0,0.11111111111111116,False,False,-0.005381932605235562,-0.005396467378087561,0.0828732914803029,0.13694943801242448,0.19428707590778138,0.04520464263897361,-0.18061557795006575,-0.4706234829806834,1.55,0.040000000000000036,0.0,-0.04999999999999982,0.0,0.11111111111111116,0.01715755162822097
2021-11-18,JPM,164.38999938964844,164.85000610351562,162.55999755859375,163.0500030517578,145.39540100097656,8122500,0.18,0.05,1.59,283.406,278.919,131.475,21988.737,17.59,4.1,1.0,0.11111111111111116,False,False,-0.0086340283947971,-0.008671517562295155,0.07030094259910778,0.1284714916876877,0.19523209367098943,0.028053769725306932,-0.17208164598011494,-0.48268665828195606,1.54,0.020000000000000018,0.0,-0.05999999999999983,0.0,0.11111111111111116,0.01715755162822097
2021-11-19,JPM,161.3000030517578,162.11000061035156,159.4499969482422,160.9199981689453,143.49603271484375,12193600,0.18,0.05,1.54,283.406,278.919,131.475,21988.737,17.91,4.1,1.0,0.11111111111111116,False,False,-0.013063468810268986,-0.013149546388604981,0.08523752538597605,0.1326278764192999,0.19573720768735323,0.01819215463331436,-0.2174425995595188,-0.4727497537478265,1.49,-0.040000000000000036,0.0,-0.1399999999999999,-0.009999999999999995,0.11111111111111116,0.01715755162822097
2021-11-22,JPM,164.16000366210938,165.97999572753906,162.99000549316406,164.35000610351562,146.55467224121094,14549900,0.2,0.05,1.63,283.406,278.919,131.475,21988.737,19.17,4.1,1.0,0.11111111111111116,False,False,0.021315150450502918,0.021091159968047158,0.14745519866593618,0.1462583456171255,0.19972286642145545,0.07035175879396993,-0.04483715263098971,-0.4357577128490121,1.5799999999999998,0.0,0.0,-0.030000000000000027,-0.009999999999999995,0.11111111111111116,0.01715755162822097
2021-11-23,JPM,165.5,168.55999755859375,165.3699951171875,168.27999877929688,150.05909729003906,12354400,0.21,0.06,1.67,283.406,278.919,131.475,21988.737,19.38,4.1,1.0,0.11111111111111116,False,False,0.023912066365651352,0.023630650240251922,0.19486345531295476,0.1707340650735924,0.2011129213522776,0.010954616588419341,-0.05020745468033191,-0.42036765104021734,1.6099999999999999,0.040000000000000036,0.009999999999999995,0.030000000000000027,0.0,0.11111111111111116,0.01715755162822097
2021-11-24,JPM,168.4600067138672,169.44000244140625,166.44000244140625,166.9600067138672,148.8820343017578,9629800,0.24,0.06,1.64,283.406,278.919,131.475,21988.737,18.58,4.1,1.0,0.11111111111111116,False,False,-0.007843996195753378,-0.00787492216217833,0.1991579479755665,0.17197324409280673,0.20165609352452257,-0.04127966976264197,-0.026163419339205785,-0.4296049395413919,1.5799999999999998,0.039999999999999813,0.009999999999999995,0.010000000000000009,0.0,0.11111111111111116,0.01715755162822097
2021-11-26,JPM,162.13999938964844,162.64999389648438,158.82000732421875,161.92999267578125,144.39663696289062,13619300,0.2,0.06,1.48,283.406,278.919,131.475,21988.737,28.62,4.1,1.0,0.11111111111111116,False,False,-0.030127190026004613,-0.030590339820326547,0.2501616803649795,0.18822393052014538,0.21047534230419082,0.5403659849300324,-0.48902646247388565,-0.49465565276877177,1.42,-0.1100000000000001,0.009999999999999995,-0.06000000000000005,0.0,0.11111111111111116,0.01715755162822097
2021-11-29,JPM,163.30999755859375,164.77999877929688,159.82000732421875,161.22999572753906,143.77247619628906,12104400,0.21,0.06,1.52,283.406,278.919,131.475,21988.737,22.96,4.1,1.0,0.11111111111111116,False,False,-0.00432254365288276,-0.004331912853632367,0.2501451174589549,0.1783030533855896,0.20811082566703726,-0.19776380153738649,-0.43323383861202636,-0.4756623175906082,1.46,-0.020000000000000018,0.009999999999999995,-0.050000000000000044,0.0,0.11111111111111116,0.01715755162822097
2021-11-30,JPM,159.16000366210938,160.6300048828125,158.2899932861328,158.8300018310547,141.63232421875,18922600,0.24,0.05,1.43,283.406,278.919,131.475,21988.737,27.19,4.1,1.0,0.11111111111111116,False,False,-0.01488568628822362,-0.014997590014131906,0.2564280659713164,0.18338860017426686,0.21022354474678256,0.18423344947735187,-0.4678325479034524,-0.49066236143411135,1.38,-0.19999999999999996,0.0,-0.1200000000000001,0.0,0.11111111111111116,0.01715755162822097
2021-12-01,JPM,161.0,163.27000427246094,157.8000030517578,157.88999938964844,140.7941131591797,12253400,0.25,0.06,1.43,285.18,280.845,132.26,21988.737,31.12,3.9,1.0,0.11111111111111116,False,False,-0.005918218628366945,-0.005935800688203349,0.25615986261356677,0.1833509354750797,0.2105393830410526,0.14453843324751747,-0.4678406069306919,-0.4938338443780424,1.3699999999999999,-0.24,0.0,-0.15000000000000013,0.009999999999999995,0.11111111111111116,0.01715755162822097
2021-12-02,JPM,159.8300018310547,163.25,158.8000030517578,161.2100067138672,143.75466918945312,12969900,0.27,0.05,1.44,285.18,280.845,132.26,21988.737,27.95,3.9,1.0,0.11111111111111116,False,False,0.021027555512397544,0.020809527567014142,0.28598679056160964,0.20044937378546027,0.21446372223527382,-0.10186375321336771,-0.5001289808853074,-0.5077178380532831,1.39,-0.19999999999999996,-0.009999999999999995,-0.1200000000000001,0.0,0.11111111111111116,0.01715755162822097
2021-12-03,JPM,161.5,161.8300018310547,157.19000244140625,158.2899932861328,141.1508026123047,12681800,0.26,0.06,1.35,285.18,280.845,132.26,21988.737,30.67,3.9,1.0,0.11111111111111116,False,False,-0.01811326610697306,-0.018279319547895415,0.29614706440460825,0.207199192883342,0.2172798754458527,0.09731663685152059,-0.5027400976780363,-0.5167711042134372,1.29,-0.1299999999999999,0.0,-0.25,0.009999999999999995,0.11111111111111116,0.01715755162822097
2021-12-06,JPM,161.00999450683594,162.61000061035156,159.4600067138672,160.16000366210938,142.81832885742188,11186500,0.28,0.05,1.43,285.18,280.845,132.26,21988.737,27.18,3.9,1.0,0.11111111111111116,False,False,0.01181379215885392,0.011744554092196179,0.2985279087401489,0.21053284335021288,0.21851673620815346,-0.113791979132703,-0.5437708255864645,-0.5254301972635922,1.38,-0.09000000000000008,-0.009999999999999995,-0.10000000000000009,0.010000000000000002,0.11111111111111116,0.01715755162822097
2021-12-07,JPM,161.8800048828125,163.38999938964844,161.16000366210938,162.57000732421875,144.96737670898438,9851600,0.31,0.06,1.48,285.18,280.845,132.26,21988.737,21.89,3.9,1.0,0.11111111111111116,False,False,0.015047423315728059,0.014935333880839462,0.28747169619721963,0.21890778139902164,0.2202743307641039,-0.19462840323767472,-0.5851366016693479,-0.5392593638067819,1.42,0.050000000000000044,0.009999999999999995,0.030000000000000027,0.009999999999999995,0.11111111111111116,0.01715755162822097
2021-12-08,JPM,162.66000366210938,163.27000427246094,160.1699981689453,160.7100067138672,143.30877685546875,11705700,0.29,0.07,1.52,285.18,280.845,132.26,21988.737,19.9,3.9,1.0,0.11111111111111116,False,False,-0.011441193813178985,-0.011507147815379678,0.25517111429210415,0.21967416942583534,0.22142769827321804,-0.09090909090909105,-0.5557507647139421,-0.5227770580263288,1.45,0.09000000000000008,0.010000000000000009,0.010000000000000009,0.010000000000000009,0.11111111111111116,0.01715755162822097
2021-12-09,JPM,159.64999389648438,160.92999267578125,158.64999389648438,160.4600067138672,143.08584594726562,11189600,0.28,0.06,1.49,285.18,280.845,132.26,21988.737,21.58,3.9,1.0,0.11111111111111116,False,False,-0.0015555984294525205,-0.0015568096289456975,0.2548735132789005,0.2188719138265041,0.22015959846158592,0.08442211055276383,-0.5526842068320645,-0.5156706243581283,1.43,0.050000000000000044,0.009999999999999995,0.030000000000000027,0.019999999999999997,0.11111111111111116,0.01715755162822097
2021-12-10,JPM,161.32000732421875,161.6999969482422,159.1300048828125,159.82000732421875,142.51513671875,10405400,0.27,0.06,1.48,285.18,280.845,132.26,21988.737,18.69,3.9,1.0,0.11111111111111116,False,False,-0.003988579196896658,-0.003996554793498102,0.2077010132811865,0.21892071797711252,0.21809455703861774,-0.13392029657089888,-0.5357638565995936,-0.49627892291655723,1.42,0.1299999999999999,0.0,-0.08000000000000007,0.009999999999999995,0.11111111111111116,0.01715755162822097
2021-12-13,JPM,159.5,159.7899932861328,157.27999877929688,157.9199981689453,140.8208770751953,12069000,0.27,0.05,1.42,285.18,280.845,132.26,21988.737,20.31,3.9,1.0,0.11111111111111116,False,False,-0.011888278554566867,-0.011959509241082083,0.21423346455021056,0.22127584841875594,0.21651863622191925,0.08667736757624378,-0.5414899116804626,-0.5083229376509302,1.3699999999999999,-0.010000000000000009,0.0,-0.15000000000000013,0.0,0.11111111111111116,0.01715755162822097
2021-12-14,JPM,157.4499969482422,160.88999938964844,157.3000030517578,159.1300048828125,141.89987182617188,12563600,0.26,0.05,1.44,285.18,280.845,132.26,21988.737,21.89,3.9,1.0,0.11111111111111116,False,False,0.007662178885595283,0.007632973482769146,0.20597128735701925,0.2241016028656169,0.21661403146962233,0.07779419005416055,-0.5298564041377306,-0.4974486309393139,1.39,-0.040000000000000036,-0.009999999999999995,-0.14000000000000012,0.0,0.11111111111111116,0.01715755162822097
2021-12-15,JPM,159.85000610351562,159.85000610351562,157.35000610351562,157.94000244140625,140.8386993408203,14014200,0.29,0.05,1.47,285.18,280.845,132.26,21988.737,19.29,3.9,1.0,0.11111111111111116,False,False,-0.007478318843384901,-0.0075064216653193535,0.2074247263355721,0.22482506634545235,0.21715821796022586,-0.11877569666514398,-0.5020342526043445,-0.48080696852298016,1.42,-0.050000000000000044,-0.020000000000000004,-0.15999999999999992,0.0,0.11111111111111116,0.01715755162822097
2021-12-16,JPM,160.38999938964844,161.82000732421875,158.6999969482422,160.41000366210938,143.04124450683594,19542800,0.26,0.05,1.44,285.18,280.845,132.26,21988.737,20.57,3.9,1.0,0.11111111111111116,False,False,0.015638778093836292,0.015517752567108125,0.19383856610711123,0.2325118724173122,0.2192624777019238,0.06635562467599798,-0.47081857893085155,-0.4655861324409874,1.39,-0.050000000000000044,-0.009999999999999995,-0.18999999999999995,0.0,0.11111111111111116,0.01715755162822097
2021-12-17,JPM,159.32000732421875,159.3800048828125,155.17999267578125,156.75999450683594,139.78646850585938,28082000,0.27,0.05,1.41,285.18,280.845,132.26,21988.737,21.57,3.9,1.0,0.11111111111111116,False,True,-0.022754108524419503,-0.02301697848718081,0.2070185623298638,0.24401058410500023,0.21552185987816816,0.04861448711716099,-0.45845228021097423,-0.4236894790649205,1.3599999999999999,-0.07000000000000006,-0.009999999999999995,-0.19000000000000017,0.0,0.11111111111111116,0.01715755162822097
2021-12-20,JPM,154.50999450683594,154.6999969482422,151.83999633789062,153.94000244140625,137.27178955078125,15148000,0.27,0.07,1.43,285.18,280.845,132.26,21988.737,22.87,3.9,1.0,0.11111111111111116,False,False,-0.017989430464599776,-0.01815320741125647,0.2099822946737093,0.2492903286442521,0.21872246886925792,0.06026889197960128,-0.4591003835480009,-0.42914924684042205,1.3599999999999999,0.010000000000000009,0.020000000000000004,-0.16000000000000014,0.020000000000000004,0.11111111111111116,0.01715755162822097
2021-12-21,JPM,155.41000366210938,157.17999267578125,155.08999633789062,156.08999633789062,139.1890106201172,11291300,0.29,0.07,1.48,285.18,280.845,132.26,21988.737,21.01,3.9,1.0,0.11111111111111116,False,False,0.01396660650822712,0.013869972189060952,0.20734946943647903,0.2526203814540881,0.2171748341672099,-0.08132925229558374,-0.480774653443714,-0.4187800514969432,1.41,0.040000000000000036,0.020000000000000004,-0.06000000000000005,0.020000000000000004,0.11111111111111116,0.01715755162822097
2021-12-22,JPM,155.75,157.05999755859375,155.24000549316406,156.6999969482422,139.73294067382812,7273000,0.28,0.08,1.46,285.18,280.845,132.26,21988.737,18.63,3.9,1.0,0.11111111111111116,False,False,0.003907852001300949,0.0039002361822169387,0.20629352564984682,0.23999541543880568,0.2066558923542403,-0.11327939076630189,-0.540535816248465,-0.40137999011120873,1.38,-0.010000000000000009,0.03,-0.16999999999999993,0.03,0.11111111111111116,0.01715755162822097
2021-12-23,JPM,157.61000061035156,159.1199951171875,157.2100067138672,157.25999450683594,140.23231506347656,8055200,0.31,0.07,1.5,285.18,280.845,132.26,21988.737,17.96,3.9,1.0,0.11111111111111116,False,False,0.003573777144031398,0.003567406376451067,0.2085595126720207,0.22211057094941078,0.20541820213986192,-0.03596349973161561,-0.5910775945215758,-0.39869565538269747,1.43,0.06000000000000005,0.020000000000000004,-0.16999999999999993,0.010000000000000009,0.11111111111111116,0.01715755162822097
2021-12-27,JPM,157.60000610351562,158.1999969482422,156.33999633789062,158.16000366210938,141.034912109375,6188100,0.33,0.06,1.48,285.18,280.845,132.26,21988.737,17.68,3.9,1.0,0.11111111111111116,False,False,0.005723338772059439,0.0057070226940688544,0.21164310052306481,0.2235068053305245,0.19979910633614284,-0.015590200445434355,-0.5983856394682644,-0.42800205053873575,1.42,0.07000000000000006,0.009999999999999995,-0.15999999999999992,0.0,0.11111111111111116,0.01715755162822097
2021-12-28,JPM,158.1999969482422,160.14999389648438,158.0800018310547,158.63999938964844,141.46290588378906,6342300,0.39,0.06,1.49,285.18,280.845,132.26,21988.737,17.54,3.9,1.0,0.11111111111111116,False,False,0.0030346654456887556,0.003030070142962132,0.20320514761222444,0.19946582460693882,0.19971536501888654,-0.007918552036199178,-0.4379717172036489,-0.4327700805999489,1.43,0.06000000000000005,-0.010000000000000009,0.010000000000000009,0.0,0.11111111111111116,0.01715755162822097
2021-12-29,JPM,158.85000610351562,159.6300048828125,158.14999389648438,158.55999755859375,141.3915557861328,6398900,0.38,0.05,1.55,285.18,280.845,132.26,21988.737,16.95,3.9,1.0,0.11111111111111116,False,False,-0.0005043731938806362,-0.0005045004328257296,0.19922347308690064,0.1990951114363726,0.19971528602308508,-0.033637400228050174,-0.49670668825879244,-0.4327933335542912,1.5,0.07000000000000006,-0.020000000000000004,0.030000000000000027,-0.009999999999999995,0.11111111111111116,0.01715755162822097
2021-12-30,JPM,159.11000061035156,160.24000549316406,158.3699951171875,158.47999572753906,141.3202362060547,6948200,0.38,0.05,1.52,285.18,280.845,132.26,21988.737,17.33,3.9,1.0,0.11111111111111116,False,False,-0.0005044118772269401,-0.0005045391356934712,0.19525076355796628,0.19228202157613744,0.19793718009070452,0.022418879056047114,-0.4410113711685703,-0.43243983488830146,1.47,0.06000000000000005,-0.03,0.09000000000000008,0.0,0.11111111111111116,0.01715755162822097
2021-12-31,JPM,158.4499969482422,159.2899932861328,157.9600067138672,158.35000610351562,141.204345703125,5805900,0.39,0.06,1.52,285.18,280.845,132.26,21988.737,17.22,3.9,1.0,0.11111111111111116,False,False,-0.0008200559667952412,-0.000820392396629683,0.17596635776027664,0.1911406599170879,0.1931842939854714,-0.006347374495095148,-0.43481584415225344,-0.42132756715465636,1.46,0.020000000000000018,-0.010000000000000009,0.09000000000000008,0.0,0.11111111111111116,0.0
2022-01-03,JPM,159.86000061035156,162.63999938964844,159.50999450683594,161.6999969482422,144.1916046142578,13120900,0.4,0.08,1.63,285.18,280.845,132.26,21988.737,16.6,3.9,1.0,0.11111111111111116,False,False,0.021155573479398226,0.020934901207948654,0.16178414789334392,0.19131191473744322,0.19799433650136042,-0.03600464576074314,-0.3769614815437863,-0.4223780837105185,1.5499999999999998,0.1499999999999999,0.020000000000000004,0.18999999999999995,0.03,0.11111111111111116,0.0
2022-01-04,JPM,164.30999755859375,168.5800018310547,164.22999572753906,167.8300018310547,149.65786743164062,20195800,0.38,0.08,1.66,285.18,280.845,132.26,21988.737,16.91,3.9,1.0,0.11111111111111116,True,False,0.037909716255715376,0.03720880240180161,0.19367965153442243,0.21859864314637653,0.20929511891789762,0.01867469879518069,-0.17227382372858233,-0.37704438999167406,1.5799999999999998,0.16999999999999993,0.020000000000000004,0.30999999999999983,0.020000000000000004,0.11111111111111116,0.0
2022-01-05,JPM,167.82000732421875,168.36000061035156,163.72999572753906,163.77999877929688,146.9217987060547,17539400,0.41,0.09,1.71,285.18,280.845,132.26,21988.737,19.73,3.9,1.0,0.0,False,False,-0.018282157647580344,-0.01845134149474451,0.23317206752059969,0.2278389681247812,0.2124365919941518,0.1667652276759315,-0.2628366161821953,-0.39843540114280634,1.6199999999999999,0.15999999999999992,0.039999999999999994,0.28,0.039999999999999994,0.11111111111111116,0.0
2022-01-06,JPM,166.91000366210938,167.3699951171875,163.8699951171875,165.52000427246094,148.48269653320312,14047500,0.45,0.1,1.73,285.18,280.845,132.26,21988.737,19.61,3.9,1.0,0.0,False,False,0.01062400434037225,0.010567966156785798,0.23436519080142526,0.22504264457868325,0.21315300039117163,-0.00608210846426771,-0.18644535699691245,-0.3943089373318752,1.63,0.20999999999999996,0.05,0.25,0.04000000000000001,0.11111111111111116,0.0
2022-01-07,JPM,165.6699981689453,167.52999877929688,165.05999755859375,167.16000366210938,149.953857421875,13913300,0.43,0.1,1.76,285.18,280.845,132.26,21988.737,18.76,3.9,1.0,0.0,False,False,0.00990796182330178,0.009859199793237178,0.23460949375117657,0.2220637473648876,0.21411803011040126,-0.043345232024477154,-0.26497585153046754,-0.3976198893557896,1.66,0.24,0.04000000000000001,0.24,0.03,0.11111111111111116,0.0
2022-01-10,JPM,169.07000732421875,169.30999755859375,165.52999877929688,167.32000732421875,150.09739685058594,12922500,0.46,0.13,1.78,285.18,280.845,132.26,21988.737,19.4,3.9,1.0,0.0,False,False,0.0009572239832891238,0.0009567661365633152,0.23637918790408574,0.22170429968120484,0.20980195209593444,0.03411513859275028,-0.2590359302236038,-0.39078969268350205,1.65,0.15000000000000013,0.05,0.29000000000000004,0.07,0.11111111111111116,0.0
2022-01-11,JPM,168.25999450683594,168.52000427246094,166.30999755859375,167.49000549316406,150.24989318847656,11854100,0.46,0.11,1.75,285.18,280.845,132.26,21988.737,18.41,3.9,1.0,0.0,False,False,0.0010159825625919439,0.001015466801614744,0.23735658117418737,0.22059405320579412,0.20919647128596036,-0.051030927835051476,-0.3212043392602952,-0.39260046575093643,1.64,0.09000000000000008,0.03,0.27,0.05,0.11111111111111116,0.0
2022-01-12,JPM,168.4600067138672,169.58999633789062,167.17999267578125,168.44000244140625,151.10215759277344,12568000,0.48,0.12,1.74,285.18,280.845,132.26,21988.737,17.62,3.9,1.0,0.0,False,False,0.005672312879635655,0.005656285891100399,0.2346092294444567,0.21438111105803545,0.20210182952919548,-0.042911461162411735,-0.27509104151251235,-0.43124550132227546,1.62,0.030000000000000027,0.03,0.32000000000000006,0.06999999999999999,0.11111111111111116,0.0
2022-01-13,JPM,168.33999633789062,169.80999755859375,167.88999938964844,168.22999572753906,150.91372680664062,13623400,0.47,0.12,1.7,285.18,280.845,132.26,21988.737,20.31,3.9,1.0,0.0,False,False,-0.0012470423264282493,-0.001247820530746628,0.23527195221377714,0.21435583033055355,0.20000133026846348,0.15266742338251982,-0.30442074703459887,-0.41728124842608455,1.58,-0.030000000000000027,0.01999999999999999,0.26,0.06999999999999999,0.11111111111111116,0.0
2022-01-14,JPM,160.75999450683594,161.02999877929688,156.89999389648438,157.88999938964844,141.63804626464844,40158400,0.51,0.13,1.78,285.18,280.845,132.26,21988.737,19.19,3.9,1.0,0.0,True,True,-0.06146346484357068,-0.063433494404371,0.42432663869611,0.3133607694683392,0.23412451041933394,-0.05514524864598702,-0.1346202040074891,-0.30962034514176795,1.65,0.020000000000000018,0.03,0.31000000000000005,0.08,0.11111111111111116,0.0
2022-01-18,JPM,155.77999877929688,155.77999877929688,150.5399932861328,151.27000427246094,135.69947814941406,32324800,0.58,0.16,1.87,285.18,280.845,132.26,21988.737,22.79,3.9,1.0,0.0,True,True,-0.04192777485886989,-0.04283211226526095,0.45701172331889234,0.34151160178139733,0.2487815317921994,0.18759770713913482,-0.36096273918850147,-0.3570495183924614,1.7100000000000002,0.09000000000000008,0.03,0.43000000000000016,0.11,0.11111111111111116,0.0
2022-01-19,JPM,151.57000732421875,152.22999572753906,148.5500030517578,148.92999267578125,133.60035705566406,22380000,0.57,0.17,1.83,285.18,280.845,132.26,21988.737,23.85,3.9,1.0,0.0,False,False,-0.01546889584526423,-0.015589787542473357,0.3887751306672289,0.3368289825719738,0.24883354529553425,0.04651162790697683,-0.35644689308064215,-0.35562072073839246,1.6600000000000001,0.08000000000000007,0.06000000000000001,0.42000000000000015,0.12000000000000001,0.11111111111111116,0.0
2022-01-20,JPM,148.99000549316406,150.61000061035156,147.36000061035156,147.66000366210938,132.46107482910156,14860800,0.6,0.17,1.83,285.18,280.845,132.26,21988.737,25.59,3.9,1.0,0.0,False,False,-0.008527538785602418,-0.008564106280029826,0.38688191898993773,0.3327031328723453,0.2472329480834757,0.07295597484276728,-0.3464632831081705,-0.35721429041763936,1.6600000000000001,0.09000000000000008,0.05000000000000002,0.40000000000000013,0.1,0.11111111111111116,0.0
2022-01-21,JPM,147.5,147.50999450683594,144.27000427246094,145.0800018310547,130.14663696289062,20705400,0.58,0.17,1.75,285.18,280.845,132.26,21988.737,28.85,3.9,1.0,0.0,False,False,-0.01747258860157197,-0.017627035985742594,0.3696824859399966,0.33202232700885653,0.24890335278069736,0.1273935130910513,-0.3478302700897085,-0.3714661585425907,1.58,0.050000000000000044,0.05000000000000002,0.27,0.1,0.11111111111111116,0.0
2022-01-24,JPM,142.27999877929688,145.47999572753906,139.57000732421875,144.9499969482422,130.0299835205078,28471400,0.58,0.19,1.75,285.18,280.845,132.26,21988.737,29.9,3.9,1.0,0.0,False,True,-0.0008963231406131644,-0.0008967250783947352,0.3545460252539132,0.3311447141612257,0.24686463548460078,0.03639514731369142,-0.3438203109335477,-0.37614247645923626,1.56,-0.030000000000000027,0.06,0.29000000000000004,0.11,0.11111111111111116,0.0
2022-01-25,JPM,143.64999389648438,146.85000610351562,140.7899932861328,146.52999877929688,131.44737243652344,18915900,0.65,0.19,1.78,285.18,280.845,132.26,21988.737,31.16,3.9,1.0,0.0,False,False,0.010900477548642318,0.010841495577251177,0.36957571987120463,0.3340267992763938,0.24827217067768978,0.0421404682274249,-0.3262070885709495,-0.3713480531667937,1.59,-0.09000000000000008,0.03,0.28,0.12,0.11111111111111116,0.0
2022-01-26,JPM,148.72000122070312,150.57000732421875,145.9600067138672,147.9199981689453,132.6942596435547,20709100,0.7,0.19,1.85,285.18,280.845,132.26,21988.737,31.96,3.9,1.0,0.0,False,False,0.009485828312265188,0.009441120348556905,0.3809390530938598,0.3355117568563205,0.2491949756155306,0.025673940949935803,-0.31689100156683175,-0.37067186531825347,1.6600000000000001,0.020000000000000018,0.01999999999999999,0.3700000000000001,0.13,0.11111111111111116,0.0
2022-01-27,JPM,149.4199981689453,150.3800048828125,144.1300048828125,145.30999755859375,130.35292053222656,17536800,0.75,0.2,1.81,285.18,280.845,132.26,21988.737,30.49,3.9,1.0,0.0,False,False,-0.017644614903594702,-0.017802136813913256,0.3677348258071215,0.338616739398465,0.24828230034303647,-0.04599499374217775,-0.2652157140562893,-0.3536371151769427,1.61,-0.020000000000000018,0.03,0.32000000000000006,0.14,0.11111111111111116,0.0
2022-01-28,JPM,144.19000244140625,146.75999450683594,142.1699981689453,146.61000061035156,131.5191192626953,14117000,0.75,0.19,1.78,285.18,280.845,132.26,21988.737,27.66,3.9,1.0,0.0,False,False,0.008946471822090407,0.008906689242815772,0.38146743161777297,0.3413622792120487,0.24687311739754464,-0.09281731715316488,-0.29079400718482806,-0.35801716643133225,1.59,0.030000000000000027,0.01999999999999999,0.22999999999999998,0.14,0.11111111111111116,0.0
2022-01-31,JPM,145.63999938964844,148.7899932861328,144.6699981689453,148.60000610351562,133.3043212890625,13985700,0.78,0.22,1.79,285.18,280.845,132.26,21988.737,24.83,3.9,1.0,0.0,False,False,0.013573707278266012,0.013482409749776776,0.2839452964418681,0.3462843497773097,0.24887607077100085,-0.1023138105567607,-0.32745301592068093,-0.3694920052078909,1.57,0.040000000000000036,0.03,0.27,0.16999999999999998,0.11111111111111116,0.0
2022-02-01,JPM,148.69000244140625,151.47000122070312,148.3000030517578,151.14999389648438,135.59178161621094,14584900,0.78,0.19,1.81,288.273,284.5,134.771,21988.737,21.96,3.9,1.0,0.0,False,False,0.017159686235438842,0.017014121687886415,0.2183033469914669,0.3530023965581599,0.25176272107646325,-0.11558598469593229,-0.3684323475821781,-0.3836709714523931,1.62,0.030000000000000027,0.0,0.29000000000000004,0.13,0.11111111111111116,0.0
2022-02-02,JPM,150.5,150.94000244140625,148.07000732421875,149.94000244140625,134.50636291503906,12441100,0.76,0.19,1.78,288.273,284.5,134.771,21988.737,22.09,3.9,1.0,0.0,False,False,-0.008005047859346859,-0.008037260278101043,0.2062372111319178,0.34349479821669615,0.2518018883744569,0.005919854280509895,-0.34761372458175677,-0.3818333560309499,1.59,-0.07000000000000006,0.0,0.15000000000000013,0.11,0.11111111111111116,0.0
2022-02-03,JPM,150.0,151.64999389648438,148.2899932861328,148.6999969482422,133.39398193359375,12474900,0.78,0.2,1.82,288.273,284.5,134.771,21988.737,24.35,3.9,1.0,0.0,False,False,-0.00827009932718159,-0.008304486319087612,0.2059153917928316,0.3104393469464059,0.25207638246190944,0.10230873698506127,-0.38764765642694693,-0.38448380398182397,1.62,0.010000000000000009,0.0,0.16000000000000014,0.12000000000000001,0.11111111111111116,0.0
2022-02-04,JPM,149.10000610351562,153.5,148.77000427246094,152.55999755859375,136.85670471191406,16654400,0.89,0.23,1.93,288.273,284.5,134.771,21988.737,23.22,3.9,1.0,0.0,False,False,0.025958613185744106,0.02562740790938722,0.21248991105759804,0.32446508963436155,0.25702265838061805,-0.04640657084188926,-0.3871795513383557,-0.3898042094085737,1.7,0.1499999999999999,0.04000000000000001,0.21999999999999997,0.14,0.11111111111111116,0.0
2022-02-07,JPM,153.27000427246094,153.6199951171875,150.85000610351562,153.07000732421875,137.31414794921875,12572300,0.88,0.27,1.92,288.273,284.5,134.771,21988.737,22.86,3.9,1.0,0.0,False,False,0.003342497821116064,0.0033369240919390365,0.2102359547364669,0.3215020081973844,0.2572018893120492,-0.015503875968992276,-0.3884837639826635,-0.3912506955492187,1.65,0.1299999999999999,0.05000000000000002,0.18999999999999995,0.17,0.11111111111111116,0.0
2022-02-08,JPM,155.0,158.47999572753906,154.8000030517578,155.9499969482422,139.897705078125,20411400,0.91,0.25,1.96,288.273,284.5,134.771,21988.737,21.44,3.9,1.0,0.0,False,False,0.018814937626541628,0.018640125996972408,0.21928543857714658,0.3275582479647078,0.2599065499160329,-0.06211723534558178,-0.40374959982188346,-0.401316755853214,1.71,0.1499999999999999,0.06,0.19999999999999996,0.15,0.11111111111111116,0.0
2022-02-09,JPM,156.58999633789062,157.42999267578125,155.82000732421875,156.60000610351562,140.48081970214844,9131100,0.91,0.26,1.94,288.273,284.5,134.771,21988.737,19.96,3.9,1.0,0.0,False,False,0.004168150032895834,0.00415948735875519,0.21872233894571702,0.32827046595724546,0.25979118533447015,-0.06902985074626866,-0.4145909137674149,-0.40220847998500603,1.68,0.15999999999999992,0.07,0.15999999999999992,0.13,0.11111111111111116,0.0
2022-02-10,JPM,156.66000366210938,159.02999877929688,155.22000122070312,155.9499969482422,139.897705078125,16455600,1.14,0.4,2.03,288.273,284.5,134.771,21988.737,23.91,3.9,1.0,0.0,False,False,-0.004150848672863527,-0.004159487358755225,0.18593707291736788,0.32793178103176684,0.25986798419875823,0.19789579158316628,-0.3760445848118809,-0.3987327888394116,1.63,0.20999999999999974,0.2,0.2799999999999998,0.29000000000000004,0.11111111111111116,0.0
2022-02-11,JPM,155.61000061035156,158.19000244140625,152.97000122070312,153.9199981689453,138.07669067382812,16830000,1.07,0.36,1.92,288.273,284.5,134.771,21988.737,27.36,3.9,1.0,0.0,False,False,-0.013016756802979312,-0.013102217203392372,0.2109771467927411,0.32784303573597245,0.26097268028426496,0.14429109159347542,-0.37903931087589743,-0.4070784941199204,1.56,-0.010000000000000009,0.12999999999999998,0.17999999999999994,0.24,0.11111111111111116,0.0
2022-02-14,JPM,152.72999572753906,153.67999267578125,150.32000732421875,152.49000549316406,136.79388427734375,17026500,1.13,0.43,1.98,288.273,284.5,134.771,21988.737,28.33,3.9,1.0,0.0,False,False,-0.009290535500410368,-0.009333961703080722,0.21591765199416477,0.3280933175302947,0.26139627253903974,0.0354532163742689,-0.4083937867337707,-0.4126002288982168,1.55,0.06000000000000005,0.15999999999999998,0.28,0.31,0.11111111111111116,0.0
2022-02-15,JPM,154.50999450683594,155.94000244140625,153.85000610351562,154.72000122070312,138.7943572998047,9500000,1.11,0.4,2.05,288.273,284.5,134.771,21988.737,25.7,3.9,1.0,0.0,False,False,0.014623994581549171,0.014518095172555949,0.21156662120887818,0.25523330969962016,0.2633085642274521,-0.09283445111189548,-0.7159369207613666,-0.4210739902248985,1.65,0.08999999999999986,0.15000000000000002,0.2699999999999998,0.27,0.11111111111111116,0.0
2022-02-16,JPM,153.74000549316406,156.10000610351562,153.74000549316406,155.0,139.0455322265625,9076500,1.09,0.38,2.03,288.273,284.5,134.771,21988.737,24.29,3.9,1.0,0.0,False,False,0.0018096911981462238,0.001808055679921239,0.20367806841713668,0.20484187584074912,0.2630702220303065,-0.05486381322957201,-0.6382626514938616,-0.42303097096675835,1.65,0.08999999999999986,0.12,0.1599999999999997,0.22,0.11111111111111116,0.0
2022-02-17,JPM,153.0,153.72999572753906,150.6699981689453,151.42999267578125,135.8429718017578,11367500,1.05,0.36,1.97,288.273,284.5,134.771,21988.737,28.11,3.9,1.0,0.0,False,False,-0.023032458314348414,-0.023301849921475496,0.23856816701880346,0.21431078704207465,0.26671736708864696,0.15726636475916012,-0.6904899884993702,-0.4377277784422553,1.6099999999999999,-0.05999999999999983,-0.040000000000000036,0.1399999999999999,0.18999999999999997,0.11111111111111116,0.0
2022-02-18,JPM,152.1300048828125,154.13999938964844,151.1300048828125,152.13999938964844,136.47991943359375,11733300,1.03,0.35,1.92,288.273,284.5,134.771,21988.737,27.75,3.9,1.0,0.0,False,False,0.004688852307835667,0.004677893881463841,0.2001087870305318,0.2119220835150527,0.26653697798478554,-0.012806830309498363,-0.6838637180455435,-0.43825952303721144,1.5699999999999998,0.0,-0.010000000000000009,0.08999999999999986,0.17999999999999997,0.11111111111111116,0.0
2022-02-22,JPM,150.60000610351562,153.24000549316406,150.41000366210938,151.8699951171875,136.2377166748047,11333500,1.17,0.37,1.94,288.273,284.5,134.771,21988.737,28.81,3.9,1.0,0.0,False,False,-0.0017746402532639038,-0.0017762167927478742,0.19916811664561557,0.20078965287312447,0.26539876616285357,0.03819819819819825,-0.6528367593626141,-0.43973702446179974,1.5699999999999998,-0.040000000000000036,-0.06,0.18999999999999995,0.19999999999999998,0.11111111111111116,0.0
2022-02-23,JPM,153.1199951171875,153.3000030517578,147.97000122070312,148.69000244140625,133.38499450683594,11799000,1.16,0.34,1.99,288.273,284.5,134.771,21988.737,31.02,3.9,1.0,0.0,False,False,-0.02093929814441997,-0.021161634435507403,0.19049453464788116,0.21636706510892526,0.2646704306594186,0.07670947587643173,-0.6617862890912618,-0.4621526622936872,1.65,-0.05999999999999983,-0.06,0.24,0.15000000000000002,0.11111111111111116,0.0
2022-02-24,JPM,142.94000244140625,144.99000549316406,139.77999877929688,144.5500030517578,129.6711883544922,25655100,1.08,0.32,1.96,288.273,284.5,134.771,21988.737,30.32,3.9,1.0,0.0,False,True,-0.027842758220853803,-0.028237716227553864,0.21573687617257356,0.23592137048941378,0.2649867006849241,-0.022566086395873652,-0.5964767511241671,-0.453084386794331,1.64,-0.06999999999999984,-0.06,0.17999999999999994,0.13,0.11111111111111116,0.0
2022-02-25,JPM,145.25,150.1300048828125,144.91000366210938,147.97000122070312,132.7391357421875,18367700,1.13,0.33,1.97,288.273,284.5,134.771,21988.737,27.59,3.9,1.0,0.0,False,False,0.02365943758692346,0.023383890818642363,0.2675713677345621,0.24806559261286515,0.2696559704006765,-0.09003957783641159,-0.637394601058925,-0.4673013428522475,1.64,0.0,-0.02999999999999997,0.11999999999999988,0.14,0.11111111111111116,0.0
2022-02-28,JPM,143.5500030517578,145.05999755859375,140.8800048828125,141.8000030517578,127.20420837402344,31315300,1.01,0.35,1.83,288.273,284.5,134.771,21988.737,30.15,3.9,1.0,0.0,True,True,-0.041697780667445894,-0.04259208172927515,0.3263017595845512,0.28291731308300555,0.2758572987636318,0.09278724175425879,-0.6899447287830827,-0.4428386066115971,1.48,-0.08999999999999986,0.0,0.020000000000000018,0.14999999999999997,0.11111111111111116,0.0
2022-03-01,JPM,140.0399932861328,140.47999572753906,133.5800018310547,136.4499969482422,122.40491485595705,36840400,0.91,0.32,1.72,289.056,287.674,137.037,21988.737,33.32,3.7,1.0,0.0,True,True,-0.03772904669910637,-0.038459211736167204,0.36013396716672347,0.3081290668266028,0.2853059261986519,0.10514096185737976,-0.7006550051523868,-0.47989195479688385,1.4,-0.21999999999999997,-0.04999999999999999,-0.06000000000000005,0.13,0.11111111111111116,0.0
2022-03-02,JPM,137.2899932861328,140.0399932861328,136.61000061035156,139.27999877929688,124.943603515625,19405600,1.06,0.34,1.86,289.056,287.674,137.037,21988.737,30.74,3.7,1.0,0.0,False,False,0.02074008762356816,0.02052794029463741,0.37313964630835383,0.31391106204604796,0.28784395490690395,-0.07743097238895569,-0.7042638223904936,-0.4836514017595179,1.52,-0.1299999999999999,0.0,0.07000000000000006,0.12000000000000002,0.11111111111111116,0.0
2022-03-03,JPM,139.83999633789062,140.97999572753906,137.05999755859375,138.2899932861328,124.0555191040039,16640800,1.08,0.38,1.86,289.056,287.674,137.037,21988.737,30.48,3.7,1.0,0.0,False,False,-0.007107882169494428,-0.007133263507178243,0.3675302636560311,0.3054620791393051,0.28792062623007075,-0.008458035133376618,-0.6783692411170915,-0.4865821121487975,1.48,-0.09999999999999987,0.06,0.050000000000000044,0.19,0.11111111111111116,0.0
2022-03-04,JPM,134.94000244140625,135.4199981689453,132.39999389648438,134.39999389648438,120.56592559814452,21016000,1.05,0.34,1.74,289.056,287.674,137.037,21988.737,31.98,3.7,1.0,0.0,False,False,-0.028129288652880002,-0.028532496386080148,0.37316495892810625,0.3167205535098098,0.28893638599161736,0.04921259842519676,-0.6741526198191566,-0.4762369184647406,1.4,-0.22999999999999998,0.010000000000000009,-0.040000000000000036,0.15000000000000002,0.11111111111111116,0.0
2022-03-07,JPM,132.1699981689453,132.69000244140625,128.9499969482422,129.2100067138672,115.91014099121094,27560100,1.07,0.38,1.78,289.056,287.674,137.037,21988.737,36.45,3.7,1.0,0.0,True,True,-0.038616089776904894,-0.039381459440254535,0.38365770052375225,0.33811903849303326,0.2965165909650533,0.13977485928705446,-0.7141262008164598,-0.4931212692110458,1.4,-0.050000000000000044,0.030000000000000027,-0.040000000000000036,0.18,0.11111111111111116,0.0
2022-03-08,JPM,129.63999938964844,131.7899932861328,127.2699966430664,128.3000030517578,115.09380340576172,19207800,1.12,0.36,1.86,289.056,287.674,137.037,21988.737,35.13,3.7,1.0,0.0,False,False,-0.007042848697001558,-0.007067766620252384,0.3789252212331214,0.3170570939669159,0.2950651200465117,-0.036213991769547316,-0.700789343681153,-0.48236024007878775,1.5,0.14000000000000012,0.03999999999999998,-0.06999999999999984,0.12999999999999998,0.11111111111111116,0.0
2022-03-09,JPM,132.89999389648438,135.24000549316406,132.44000244140625,133.44000244140625,119.70474243164062,17536200,1.15,0.38,1.94,289.056,287.674,137.037,21988.737,32.45,3.7,1.0,0.0,True,False,0.040062443758358546,0.03928075342617279,0.47021823288702297,0.35569824845957826,0.30507044958826723,-0.07628807287218897,-0.7101323506676239,-0.48329253174583253,1.56,0.07999999999999985,0.03999999999999998,0.020000000000000018,0.10999999999999999,0.11111111111111116,0.0
2022-03-10,JPM,131.86000061035156,133.4499969482422,130.32000732421875,131.86000061035156,118.28738403320312,15604200,1.19,0.39,1.98,289.056,287.674,137.037,21988.737,30.23,3.7,1.0,0.0,False,False,-0.011840453182102695,-0.011911109638009844,0.46032450543099035,0.3440049066988159,0.3051170899668587,-0.0684129429892143,-0.6673232217476436,-0.4870847953940996,1.5899999999999999,0.11999999999999988,0.010000000000000009,0.020000000000000018,0.14,0.11111111111111116,0.0
2022-03-11,JPM,132.49000549316406,134.0800018310547,128.4199981689453,128.88999938964844,115.62310028076172,20061800,1.22,0.4,2.0,289.056,287.674,137.037,21988.737,30.75,3.7,1.0,0.0,False,False,-0.02252382005247111,-0.022781355759652937,0.42590820515049677,0.34467454798919556,0.30763852752107546,0.017201455507773744,-0.6513296518007321,-0.4887945180336152,1.6,0.26,0.06,0.06000000000000005,0.14,0.11111111111111116,0.0
2022-03-14,JPM,129.4600067138672,132.9199981689453,129.22999572753906,130.1699981689453,116.77130889892578,15786900,1.28,0.45,2.14,289.056,287.674,137.037,21988.737,31.77,3.7,1.0,0.0,False,False,0.009930616073915433,0.009881631536904719,0.4076691463532181,0.3506790030591335,0.3087760112104087,0.0331707317073171,-0.7293763818744483,-0.49720783000653107,1.6900000000000002,0.3600000000000001,0.07,0.11000000000000032,0.04999999999999999,0.11111111111111116,0.0
2022-03-15,JPM,131.8000030517578,133.5500030517578,131.1300048828125,132.47999572753906,118.8435516357422,15096600,1.28,0.46,2.15,289.056,287.674,137.037,21988.737,29.83,3.7,1.0,0.0,False,False,0.017746163474197996,0.017590538778712757,0.38923920151356395,0.3616648974991775,0.3110020295995109,-0.061063896757947767,-0.7758061173728004,-0.5018956002432461,1.69,0.2899999999999998,0.10000000000000003,0.22999999999999998,0.10000000000000003,0.11111111111111116,0.0
2022-03-16,JPM,134.8699951171875,138.49000549316406,134.42999267578125,138.39999389648438,124.15421295166016,20354900,1.35,0.44,2.19,289.056,287.674,137.037,21988.737,26.67,3.7,1.0,0.0,True,False,0.04468615455212266,0.0437165097363848,0.44220855466987014,0.40205047762114615,0.32397424026987265,-0.10593362386858851,-0.7979346500068006,-0.5345676556965064,1.75,0.25,0.06,0.20999999999999996,0.010000000000000009,0.11111111111111116,0.0
2022-03-17,JPM,136.86000061035156,140.19000244140625,135.9199981689453,140.14999389648438,125.72405242919922,17050500,1.3,0.4,2.2,289.056,287.674,137.037,21988.737,25.67,3.7,1.0,0.0,False,False,0.012644270703486171,0.012564999431570701,0.4451482621267557,0.4009346388147295,0.3251030565679793,-0.03749531308586429,-0.7954585858339175,-0.555206487583231,1.8000000000000003,0.2200000000000002,0.010000000000000009,0.15000000000000036,0.0,0.11111111111111116,0.0
2022-03-18,JPM,140.19000244140625,140.85000610351562,138.4600067138672,140.10000610351562,125.67921447753906,23656500,1.29,0.42,2.14,289.056,287.674,137.037,21988.737,23.87,3.7,1.0,0.0,False,False,-0.0003566378174566509,-0.0003567014278474346,0.4135634823771387,0.40056118411018354,0.32321042939416883,-0.07012076353720298,-0.7881637402402621,-0.5681521332188701,1.7200000000000002,0.14000000000000012,0.019999999999999962,0.11000000000000032,0.03999999999999998,0.11111111111111116,0.0
2022-03-21,JPM,140.35000610351562,140.75999450683594,138.72999572753906,139.64999389648438,125.2755126953125,12676100,1.4,0.54,2.32,289.056,287.674,137.037,21988.737,23.53,3.7,1.0,0.0,False,False,-0.0032121602916185266,-0.0032173303528336195,0.3403316029776049,0.394882329559352,0.3204045078476008,-0.014243820695433618,-0.8100112233230748,-0.5647898968209286,1.7799999999999998,0.17999999999999972,0.09000000000000002,0.34999999999999987,0.18000000000000005,0.11111111111111116,0.0
2022-03-22,JPM,142.27000427246094,143.92999267578125,141.72000122070312,142.6199951171875,127.93981170654295,13548600,1.59,0.51,2.38,289.056,287.674,137.037,21988.737,22.94,3.7,1.0,0.0,False,False,0.021267516323883573,0.021044518892116358,0.33523459044469456,0.4033191319275845,0.3218305455932026,-0.025074373140671513,-0.8031705305998595,-0.5609519453741494,1.8699999999999999,0.22999999999999998,0.04999999999999999,0.45999999999999996,0.16000000000000003,0.11111111111111116,0.0
2022-03-23,JPM,140.97999572753906,141.58999633789062,139.1999969482422,139.77999877929688,125.39215850830078,12093200,1.52,0.5,2.32,289.056,287.674,137.037,21988.737,23.57,3.7,1.0,0.0,False,False,-0.019912904077784344,-0.020113837876509225,0.32530502677423295,0.40755420204182724,0.3225742151653199,0.027462946817785383,-0.8160454631907929,-0.5558221798709134,1.8199999999999998,0.1299999999999999,0.06,0.3799999999999999,0.13,0.11111111111111116,0.0
2022-03-24,JPM,140.3000030517578,140.7100067138672,139.11000061035156,140.69000244140625,126.20850372314452,10017600,1.55,0.52,2.34,289.056,287.674,137.037,21988.737,21.67,3.7,1.0,0.0,False,False,0.006510337046233161,0.006489236334322433,0.31192782591114426,0.40408210438189646,0.3227969834114271,-0.0806109461179465,-0.8094666060470382,-0.5606914787623929,1.8199999999999998,0.13999999999999968,0.12,0.34999999999999987,0.18,0.11111111111111116,0.0
2022-03-25,JPM,141.08999633789062,143.17999267578125,140.8000030517578,141.9199981689453,127.31185913085938,8383500,1.67,0.55,2.48,289.056,287.674,137.037,21988.737,20.81,3.7,1.0,0.0,False,False,0.008742322230007815,0.008704329400821255,0.26586493204804906,0.39474419862424037,0.32329535625297884,-0.039686202122750536,-0.839354032739429,-0.5621294963359443,1.93,0.33999999999999986,0.13000000000000006,0.52,0.23000000000000004,0.11111111111111116,0.0
2022-03-28,JPM,140.0,140.97000122070312,137.89999389648438,140.8699951171875,126.36994934082033,10818100,1.69,0.59,2.46,289.056,287.674,137.037,21988.737,19.63,3.7,1.0,0.0,False,False,-0.007398445018942712,-0.00742594925632101,0.279265771962229,0.38520074237478863,0.32316669956009725,-0.05670350792888035,-0.8130089260715947,-0.5546997124263783,1.87,0.14000000000000012,0.04999999999999993,0.49,0.25999999999999995,0.11111111111111116,0.0
2022-03-29,JPM,143.35000610351562,143.60000610351562,140.24000549316406,141.17999267578125,126.64803314208984,11316500,1.67,0.55,2.41,289.056,287.674,137.037,21988.737,18.9,3.7,1.0,0.0,False,False,0.002200553238488112,0.002198135567370091,0.2749665301000083,0.35640178628648955,0.3231210398184197,-0.03718797758532866,-0.7833394762690506,-0.5546540603135454,1.86,0.03000000000000025,0.040000000000000036,0.5800000000000001,0.20000000000000007,0.11111111111111116,0.0
2022-03-30,JPM,141.89999389648438,142.1199951171875,139.91000366210938,140.5399932861328,126.07389831542967,8771000,1.64,0.55,2.35,289.056,287.674,137.037,21988.737,19.33,3.7,1.0,0.0,False,False,-0.00453331024901138,-0.004543616860425478,0.18259512357526209,0.3288369381423666,0.32315843413602674,0.022751322751322745,-0.737815511750885,-0.5554975588788349,1.8,0.03000000000000025,0.050000000000000044,0.6300000000000001,0.23000000000000004,0.11111111111111116,0.0
2022-03-31,JPM,139.8300018310547,140.35000610351562,136.25999450683594,136.32000732421875,122.28831481933594,17353900,1.63,0.52,2.32,289.056,287.674,137.037,21988.737,20.56,3.7,1.0,0.0,False,False,-0.030026702962911656,-0.030486736691377653,0.2312018068328515,0.3387943044886587,0.32818664096275174,0.06363166063114334,-0.7525553062111855,-0.5612392135806316,1.7999999999999998,-0.020000000000000018,0.0,0.45999999999999974,0.18,0.11111111111111116,0.0
2022-04-01,JPM,137.39999389648438,137.41000366210938,133.8000030517578,135.30999755859375,121.38227081298828,15721300,1.72,0.53,2.39,290.514,288.561,137.773,21967.045,19.63,3.7,1.0,0.0,False,False,-0.007409080807812329,-0.007436664377406837,0.23186270213497726,0.33886487479720295,0.3283324663574348,-0.045233463035019406,-0.7394718610676647,-0.5564733825533453,1.86,-0.08999999999999986,-0.020000000000000018,0.53,0.15000000000000002,0.11111111111111116,-0.0009865050457423807
2022-04-04,JPM,134.1199951171875,136.94000244140625,132.88999938964844,135.91000366210938,121.9205093383789,17416400,1.72,0.66,2.42,290.514,288.561,137.773,21967.045,18.57,3.7,1.0,0.0,False,False,0.004434243335419863,0.0044244410449194894,0.2352526263633704,0.32408053672115744,0.3252085222453289,-0.053998981151298975,-0.7170543788618954,-0.5550838648942596,1.7599999999999998,-0.040000000000000036,0.07000000000000006,0.6799999999999999,0.32,0.11111111111111116,-0.0009865050457423807
2022-04-05,JPM,134.07000732421875,135.39999389648438,133.00999450683594,133.33999633789062,120.50167846679688,12110300,1.77,0.65,2.54,290.514,288.561,137.773,21967.045,21.03,3.7,1.0,0.0,False,False,-0.011637343702725178,-0.01170558755505795,0.19697247741368126,0.2939093387377239,0.31539963835620055,0.1324717285945074,-0.5864905378159216,-0.5783351160562652,1.8900000000000001,0.1299999999999999,0.09999999999999998,0.76,0.27,0.11111111111111116,-0.0009865050457423807
2022-04-06,JPM,131.5800018310547,132.55999755859375,130.9600067138672,131.49000549316406,118.82978057861328,12914700,1.79,0.67,2.61,290.514,288.561,137.773,21967.045,22.1,3.7,1.0,0.0,False,False,-0.013874478011061675,-0.01397162823358367,0.18679040021490667,0.29749980703865625,0.3146593964275622,0.050879695672848335,-0.6149681932584758,-0.5770669931950172,1.94,0.2599999999999998,0.12,0.7499999999999998,0.31000000000000005,0.11111111111111116,-0.0009865050457423807
2022-04-07,JPM,130.9499969482422,131.9199981689453,128.72999572753906,131.08999633789062,118.46829986572266,12994200,1.78,0.68,2.66,290.514,288.561,137.773,21967.045,21.55,3.7,1.0,0.0,False,False,-0.0030420043791251627,-0.0030466406792640822,0.1756312553942445,0.26406280090687073,0.3133840769988778,-0.02488687782805432,-0.5922072520052112,-0.577370283025431,1.98,0.3400000000000003,0.16000000000000003,0.7200000000000002,0.30000000000000004,0.11111111111111116,-0.0009865050457423807
2022-04-08,JPM,131.6699981689453,133.89999389648438,131.49000549316406,133.49000549316406,120.63720703125,13126900,1.81,0.7,2.72,290.514,288.561,137.773,21967.045,21.16,3.7,1.0,0.0,False,False,0.018307911635312424,0.018142339619599396,0.20257490903969302,0.2681814418426163,0.3152605869827912,-0.018097447795823673,-0.6303516019661524,-0.5736995404832429,2.0200000000000005,0.33000000000000007,0.16999999999999993,0.7400000000000002,0.30999999999999994,0.11111111111111116,-0.0009865050457423807
2022-04-11,JPM,133.0,134.89999389648438,132.57000732421875,133.0,120.19438934326172,10466400,1.85,0.77,2.79,290.514,288.561,137.773,21967.045,24.37,3.7,1.0,0.0,False,False,-0.0036706560014571066,-0.00367740939050809,0.2023914534771199,0.2547204020165741,0.31513333307294933,0.15170132325141772,-0.5639244117328134,-0.5611779030882131,2.02,0.3700000000000001,0.10999999999999999,0.79,0.37,0.11111111111111116,-0.0009865050457423807
2022-04-12,JPM,132.13999938964844,134.5800018310547,130.6999969482422,131.5399932861328,118.87493896484376,12989900,1.77,0.74,2.72,290.514,288.561,137.773,21967.045,24.26,3.7,1.0,0.0,False,False,-0.010977637023053988,-0.011038335909356892,0.20008553261152034,0.25670642611280453,0.31534923361884937,-0.004513746409519848,-0.5854001855499499,-0.5594824441216117,1.9800000000000002,0.18000000000000016,0.08999999999999997,0.5800000000000001,0.29,0.11111111111111116,-0.0009865050457423807
2022-04-13,JPM,126.94000244140624,129.25,126.01000213623048,127.3000030517578,115.04319763183594,30838000,1.78,0.75,2.7,290.514,288.561,137.773,21967.045,21.82,3.7,1.0,0.0,False,True,-0.03223338212725413,-0.032764318013070566,0.23932045075746125,0.2740128239803441,0.32003428258100536,-0.10057708161582857,-0.3747409721959498,-0.5105669741290478,1.9500000000000002,0.0900000000000003,0.07999999999999996,0.5500000000000003,0.29,0.11111111111111116,-0.0009865050457423807
2022-04-14,JPM,126.5,128.3000030517578,125.0199966430664,126.12000274658205,113.97683715820312,18835200,1.84,0.79,2.83,290.514,288.561,137.773,21967.045,22.7,3.7,1.0,0.0,False,False,-0.009269217959721576,-0.009312444485262177,0.2080375843466794,0.21986371831614893,0.32012525939029046,0.04032997250229142,-0.2530292150234668,-0.5294997968693291,2.04,0.16999999999999993,0.10999999999999999,0.6400000000000001,0.35000000000000003,0.11111111111111116,-0.0009865050457423807
2022-04-18,JPM,125.66999816894533,129.24000549316406,125.54000091552734,128.4600067138672,116.09153747558594,11834400,1.84,0.81,2.85,290.514,288.561,137.773,21967.045,22.17,3.7,1.0,0.0,False,False,0.018553772591948237,0.018383751159453798,0.24393601432280657,0.2262432203186844,0.30005104996830134,-0.023348017621145245,-0.239863030715313,-0.6090260864890095,2.04,0.1299999999999999,0.1100000000000001,0.6499999999999999,0.41000000000000003,0.11111111111111116,-0.0009865050457423807
2022-04-19,JPM,128.4499969482422,131.32000732421875,128.22999572753906,131.1199951171875,118.49541473388672,15015400,1.94,0.81,2.93,290.514,288.561,137.773,21967.045,21.37,3.7,1.0,0.0,False,False,0.02070673978976556,0.020495269510997338,0.2720401532573353,0.24126905981782942,0.29265634648528116,-0.03608479927830399,-0.2590158349774099,-0.5780757010432228,2.12,0.14000000000000012,0.040000000000000036,0.79,0.39000000000000007,0.11111111111111116,-0.0009865050457423807
2022-04-20,JPM,132.52000427246094,133.50999450683594,131.33999633789062,131.5800018310547,118.91114807128906,13430200,1.93,0.82,2.85,290.514,288.561,137.773,21967.045,20.32,3.7,1.0,0.0,False,False,0.003508433962073454,0.003502293765099667,0.26887149758581586,0.2422445097582786,0.291582239264491,-0.04913430042115119,-0.2691961269862274,-0.5758327640655024,2.0300000000000002,0.1299999999999999,0.07999999999999996,0.5300000000000002,0.2799999999999999,0.11111111111111116,-0.0009865050457423807
2022-04-21,JPM,132.22000122070312,132.80999755859375,129.9600067138672,130.55999755859375,117.98934173583984,12174200,2.01,0.83,2.9,290.514,288.561,137.773,21967.045,22.68,3.7,1.0,0.0,False,False,-0.0077520598396424445,-0.007782263249202141,0.26244077243555897,0.2270751753964956,0.29151323740851903,0.11614173228346458,-0.2660733925491962,-0.5719601108643799,2.07,0.19999999999999973,0.07999999999999996,0.52,0.31999999999999995,0.11111111111111116,-0.0009865050457423807
2022-04-22,JPM,130.27999877929688,130.52000427246094,126.69000244140624,126.80999755859376,114.60039520263672,14318800,2.06,0.83,2.9,290.514,288.561,137.773,21967.045,28.21,3.7,1.0,0.0,False,False,-0.028722480211733514,-0.029143043299357876,0.2990852891931005,0.23715144781391626,0.2949384068262453,0.24382716049382713,-0.416784837113469,-0.5838928598063362,2.07,0.06999999999999984,0.039999999999999925,0.5800000000000001,0.32999999999999996,0.11111111111111116,-0.0009865050457423807
2022-04-25,JPM,126.01000213623048,127.12000274658205,123.11000061035156,126.7699966430664,114.56423950195312,17149000,2.03,0.91,2.81,290.514,288.561,137.773,21967.045,27.02,3.7,1.0,0.0,False,False,-0.00031549368237049347,-0.00031554346097246625,0.27541554933308093,0.23441164277616172,0.29494968731958016,-0.042183622828784184,-0.398256473027512,-0.5843795510609885,1.9,-0.040000000000000036,0.09999999999999998,0.4700000000000002,0.39,0.11111111111111116,-0.0009865050457423807
2022-04-26,JPM,124.63999938964844,126.41000366210938,122.87000274658205,123.0199966430664,111.17529296875,17209500,1.99,0.83,2.77,290.514,288.561,137.773,21967.045,33.52,3.7,1.0,0.0,False,False,-0.029581189976348177,-0.030027537756511985,0.3019195610947929,0.24485880082563524,0.299009759027256,0.24056254626202822,-0.48304822961403476,-0.6110889768932095,1.94,-0.16000000000000014,0.019999999999999907,0.29000000000000004,0.2799999999999999,0.11111111111111116,-0.0009865050457423807
2022-04-27,JPM,122.33000183105467,123.55999755859376,121.22000122070312,121.41999816894533,109.72935485839844,17215200,1.97,0.82,2.82,290.514,288.561,137.773,21967.045,31.6,3.7,1.0,0.0,False,False,-0.013005930290266865,-0.013091247966165816,0.30271090093803926,0.2459263255071229,0.2986994906617973,-0.05727923627684972,-0.4650383126112374,-0.6058554233763086,2.0,-0.03000000000000025,0.0,0.3599999999999999,0.22999999999999998,0.11111111111111116,-0.0009865050457423807
2022-04-28,JPM,122.80999755859376,123.6500015258789,121.13999938964844,123.33999633789062,111.46449279785156,13015600,2.04,0.82,2.85,290.514,288.561,137.773,21967.045,29.99,3.7,1.0,0.0,False,False,0.015812887460171954,0.01568916631001349,0.2891651913058664,0.25631431802856636,0.29947053279937685,-0.050949367088607644,-0.4808475733879179,-0.6211062245733991,2.0300000000000002,-0.04999999999999982,-0.010000000000000009,0.43999999999999995,0.2699999999999999,0.11111111111111116,-0.0009865050457423807
2022-04-29,JPM,123.0500030517578,123.61000061035156,118.9000015258789,119.36000061035156,107.86768341064452,14874800,2.1,0.85,2.89,290.514,288.561,137.773,21967.045,33.4,3.7,1.0,0.0,False,False,-0.03226865611572027,-0.03280076753579497,0.3249796371111324,0.2723668978092916,0.3045955987554261,0.11370456818939645,-0.5083486431906523,-0.6295393707040842,2.04,-0.009999999999999787,0.020000000000000018,0.54,0.29999999999999993,0.11111111111111116,-0.0009865050457423807
2022-05-02,JPM,119.87999725341795,120.70999908447266,118.22000122070312,120.4499969482422,108.8527603149414,18545000,2.1,0.9,2.99,290.514,288.561,137.773,21967.045,32.34,3.7,1.0,0.0,False,False,0.009132270881787363,0.009090823842016777,0.3087946261273007,0.2645399770751598,0.3037465585981463,-0.031736526946107624,-0.5229864365408825,-0.6252826214959857,2.0900000000000003,0.18000000000000016,-0.010000000000000009,0.6700000000000004,0.38,0.11111111111111116,-0.0009865050457423807
2022-05-03,JPM,121.52999877929688,124.16999816894533,120.77999877929688,123.02999877929688,111.18434143066406,15720900,2.16,0.91,2.97,290.514,288.561,137.773,21967.045,29.25,3.7,1.0,0.0,False,False,0.02141958650361042,0.021193411181882407,0.310514727682282,0.2800905758561943,0.30499039950313467,-0.09554730983302417,-0.574538015938511,-0.6261031935385439,2.06,0.20000000000000018,0.08000000000000007,0.5800000000000001,0.38,0.11111111111111116,-0.0009865050457423807
2022-05-04,JPM,122.8000030517578,127.4000015258789,122.73999786376952,127.0999984741211,114.86247253417967,17128500,2.07,0.89,2.93,290.514,288.561,137.773,21967.045,25.42,3.7,1.0,0.0,False,False,0.03308137689343016,0.03254596427910341,0.3656921302238076,0.30665514952660383,0.3130413165431693,-0.13094017094017085,-0.6233055662673538,-0.6434027488347117,2.04,0.11000000000000032,0.07000000000000006,0.5100000000000002,0.22999999999999998,0.11111111111111116,-0.0009865050457423807
2022-05-05,JPM,125.25,126.0999984741211,122.16000366210938,123.91999816894533,111.98863983154295,15055400,2.08,0.85,3.05,290.514,288.561,137.773,21967.045,31.2,3.7,1.0,0.0,False,False,-0.025019770506694905,-0.025338085632644003,0.3817628099592613,0.3151401239281349,0.31616189121356636,0.22738001573564115,-0.649766664825045,-0.6515937630924555,2.1999999999999997,0.19999999999999973,0.030000000000000027,0.5099999999999998,0.19999999999999996,0.11111111111111116,-0.0009865050457423807
2022-05-06,JPM,123.8000030517578,124.29000091552734,121.18000030517578,123.72000122070312,111.80791473388672,14417900,2.08,0.85,3.12,290.514,288.561,137.773,21967.045,30.19,3.7,1.0,0.0,False,False,-0.0016137806292503276,-0.001615084175824236,0.35771453257529695,0.312859928392173,0.31086460016252954,-0.03237179487179476,-0.6467380543456146,-0.6500065381876944,2.27,0.22999999999999998,0.0,0.5100000000000002,0.17999999999999994,0.11111111111111116,-0.0009865050457423807
2022-05-09,JPM,122.11000061035156,123.33000183105467,120.5,121.86000061035156,110.12698364257812,14312300,1.99,0.92,3.05,290.514,288.561,137.773,21967.045,34.75,3.7,1.0,0.0,False,False,-0.015034097499352916,-0.015148255159833807,0.3629282918823253,0.3157266260894037,0.31148035052291506,0.15104339185160653,-0.6576107627743184,-0.6502417977714668,2.13,0.05999999999999961,0.020000000000000018,0.3899999999999997,0.24,0.11111111111111116,-0.0009865050457423807
2022-05-10,JPM,123.11000061035156,123.77999877929688,117.55999755859376,118.88999938964844,107.44294738769533,16382400,2.01,0.89,2.99,290.514,288.561,137.773,21967.045,32.99,3.7,1.0,0.0,False,False,-0.024372194407811576,-0.0246741120295148,0.3530175227336095,0.31361737660351313,0.3110114681433264,-0.0506474820143884,-0.6007453441457163,-0.6263350637773947,2.1,0.020000000000000018,-0.020000000000000018,0.27,0.19000000000000006,0.11111111111111116,-0.0009865050457423807
2022-05-11,JPM,119.3000030517578,122.88999938964844,117.94000244140624,118.13999938964844,106.76516723632812,14630300,1.99,0.91,2.91,290.514,288.561,137.773,21967.045,32.56,3.7,1.0,0.0,False,False,-0.006308279583223886,-0.006328260854829572,0.34944132711989734,0.3135560376141147,0.31057413323360544,-0.013034252803879931,-0.6217281449515215,-0.6242243221673262,2.0,-0.020000000000000018,0.020000000000000018,0.1200000000000001,0.14,0.11111111111111116,-0.0009865050457423807
2022-05-12,JPM,117.0,118.31999969482422,115.37000274658205,118.04000091552734,106.6748046875,16318800,1.96,0.96,2.84,290.514,288.561,137.773,21967.045,31.77,3.7,1.0,0.0,False,False,-0.0008463673234183622,-0.0008467256944647346,0.33456778155488004,0.3133334344291128,0.31065332220095543,-0.024262899262899373,-0.6279552891915318,-0.6462964386917208,1.88,-0.20999999999999996,0.10999999999999999,0.11999999999999966,0.21999999999999997,0.11111111111111116,-0.0009865050457423807
2022-05-13,JPM,119.41000366210938,120.25,117.95999908447266,119.08999633789062,107.62371063232422,10443200,2.04,1.03,2.93,290.514,288.561,137.773,21967.045,28.87,3.7,1.0,0.0,False,False,0.008895314574083324,0.008855984327928059,0.29898776840206087,0.30001484780925314,0.31122916380090376,-0.09128108278249913,-0.7687428489025456,-0.6514632485158907,1.9000000000000001,-0.18999999999999995,0.18000000000000005,0.22999999999999998,0.28,0.11111111111111116,-0.0009865050457423807
2022-05-16,JPM,118.54000091552734,119.45999908447266,117.2300033569336,118.26000213623048,106.87361145019533,10269000,2.07,1.07,2.88,290.514,288.561,137.773,21967.045,27.47,3.7,1.0,0.0,False,False,-0.006969646165531862,-0.006994047595018355,0.29583941828995286,0.2995243125224875,0.3110999512619732,-0.04849324558365087,-0.7551629048983429,-0.6473689217746603,1.8099999999999998,-0.16999999999999993,0.15000000000000002,0.04999999999999982,0.28,0.11111111111111116,-0.0009865050457423807
2022-05-17,JPM,121.04000091552734,122.97000122070312,120.80999755859376,122.18000030517578,110.41618347167967,11160200,2.16,1.06,2.98,290.514,288.561,137.773,21967.045,26.1,3.7,1.0,0.0,False,False,0.033147303374652326,0.032609777623554694,0.3248503608775591,0.31596261719071056,0.3174960781901692,-0.049872588278121466,-0.7433078877749244,-0.6400376012158483,1.92,-0.010000000000000231,0.17000000000000004,0.1299999999999999,0.25,0.11111111111111116,-0.0009865050457423807
2022-05-18,JPM,121.3000030517578,121.97000122070312,119.52999877929688,120.08999633789062,108.52741241455078,12664900,2.16,1.03,2.89,290.514,288.561,137.773,21967.045,30.96,3.7,1.0,0.0,False,False,-0.017105925940768762,-0.017253922465034814,0.27445778280672434,0.308488524904052,0.3184563150682599,0.18620689655172407,-0.7503496018505265,-0.6384700246224049,1.86,-0.020000000000000018,0.12,-0.040000000000000036,0.21999999999999997,0.11111111111111116,-0.0009865050457423807
2022-05-19,JPM,118.19000244140624,119.6500015258789,117.62999725341795,118.30999755859376,106.91879272460938,12765800,2.11,1.05,2.84,290.514,288.561,137.773,21967.045,29.35,3.7,1.0,0.0,False,False,-0.014822243101096255,-0.014933190234936094,0.25806413036603026,0.30930980539033504,0.31682319703444045,-0.05200258397932811,-0.7185522003454295,-0.6217893810826957,1.7899999999999998,0.0,0.09000000000000008,-0.010000000000000231,0.2300000000000001,0.11111111111111116,-0.0009865050457423807
2022-05-20,JPM,119.45999908447266,119.66999816894533,115.0199966430664,117.33999633789062,106.04218292236328,13150100,2.07,1.03,2.78,290.514,288.561,137.773,21967.045,29.43,3.7,1.0,0.0,False,False,-0.008198837453243346,-0.00823263276933454,0.2580355503261024,0.3093636373893906,0.3164709454141343,0.002725724020442799,-0.7219456588914777,-0.621217980427149,1.7499999999999998,-0.15000000000000036,0.0,-0.1200000000000001,0.20000000000000007,0.11111111111111116,-0.0009865050457423807
2022-05-23,JPM,120.45999908447266,126.56999969482422,120.4499969482422,124.5999984741211,112.60316467285156,24376700,2.09,1.07,2.86,290.514,288.561,137.773,21967.045,28.48,3.7,1.0,0.0,True,False,0.061871432383580505,0.06003285370547189,0.4093069947300035,0.3702255623514049,0.34140204328791124,-0.032279986408426775,-0.5980404285773857,-0.5939200855664606,1.7899999999999998,-0.020000000000000018,0.0,-0.040000000000000036,0.2400000000000001,0.11111111111111116,-0.0009865050457423807
2022-05-24,JPM,124.36000061035156,127.48999786376952,123.11000061035156,126.36000061035156,114.19371032714844,19324900,2.02,1.06,2.76,290.514,288.561,137.773,21967.045,29.45,3.7,1.0,0.0,False,False,0.014125230484577589,0.014026399007393917,0.3833817539351421,0.3737964717501209,0.34105726913882034,0.034058988764045006,-0.5874331440359954,-0.5814480244491674,1.6999999999999997,-0.2200000000000002,0.0,-0.050000000000000266,0.15000000000000002,0.11111111111111116,-0.0009865050457423807
2022-05-25,JPM,126.27999877929688,127.86000061035156,125.16999816894533,127.23999786376952,114.9889907836914,12780400,2.01,1.06,2.75,290.514,288.561,137.773,21967.045,28.37,3.7,1.0,0.0,False,False,0.006964310505934268,0.006940171704127756,0.3770785086976666,0.35818096888270784,0.3374910273734786,-0.036672325976230824,-0.5370440012935308,-0.5955522645624118,1.69,-0.14000000000000012,0.030000000000000027,-0.020000000000000018,0.2300000000000001,0.11111111111111116,-0.0009865050457423807
2022-05-26,JPM,128.3699951171875,130.19000244140625,128.2100067138672,129.44000244140625,116.97716522216795,15990900,1.99,1.07,2.75,290.514,288.561,137.773,21967.045,27.5,3.7,1.0,0.0,False,False,0.017290128602107213,0.017142355243608246,0.37684854262333234,0.35786133607027143,0.3358166175880932,-0.030666196686640834,-0.5700816452483611,-0.5883400342382493,1.68,-0.08999999999999986,0.020000000000000018,-0.06999999999999984,0.2500000000000001,0.11111111111111116,-0.0009865050457423807
2022-05-27,JPM,130.16000366210938,131.27000427246094,129.13999938964844,131.27000427246094,118.63097381591795,11177800,2.01,1.08,2.74,290.514,288.561,137.773,21967.045,25.72,3.7,1.0,0.0,False,False,0.014137875461497362,0.014038867781176634,0.37760598850366645,0.35717168341880823,0.3269820678237549,-0.06472727272727274,-0.5703573306016786,-0.5825789460031325,1.6600000000000001,-0.03999999999999959,0.050000000000000044,-0.10999999999999988,0.2600000000000001,0.11111111111111116,-0.0009865050457423807
2022-05-31,JPM,130.17999267578125,133.14999389648438,129.7100067138672,132.22999572753906,119.49852752685548,17015000,2.08,1.16,2.85,290.514,288.561,137.773,21967.045,26.19,3.7,1.0,0.0,False,False,0.0073130455144347906,0.007286434854972,0.3665309085631595,0.3327501915499705,0.31843060552209596,0.018273716951788588,-0.5206442048913793,-0.5671165983528308,1.6900000000000002,-0.009999999999999787,0.08999999999999986,-0.040000000000000036,0.30999999999999994,0.11111111111111116,-0.0009865050457423807
2022-06-01,JPM,132.8699951171875,132.8699951171875,128.6699981689453,129.91000366210938,117.40191650390624,10768000,2.16,1.15,2.94,294.05,294.957,140.273,21967.045,25.69,3.6,1.0,0.0,False,False,-0.017545078306325235,-0.017700817519108424,0.3710979233880798,0.3413072612475535,0.3174050184889868,-0.019091256204658236,-0.49916783000310067,-0.5539803447675506,1.79,0.18000000000000016,0.08999999999999986,-0.050000000000000266,0.2499999999999999,0.11111111111111116,-0.0009865050457423807
2022-06-02,JPM,129.89999389648438,132.00999450683594,128.6699981689453,132.0,119.29068756103516,8374800,2.15,1.17,2.92,294.05,294.957,140.273,21967.045,24.72,3.6,1.0,0.0,False,False,0.01608807686768965,0.015960035229347146,0.3493009562458756,0.3383771738790464,0.3189444562167334,-0.037757882444531043,-0.4833711556799424,-0.5569899432113486,1.75,0.16999999999999993,0.10999999999999988,-0.050000000000000266,0.2599999999999999,0.11111111111111116,-0.0009865050457423807
2022-06-03,JPM,131.2100067138672,131.77000427246094,129.99000549316406,130.16000366210938,117.62783813476562,8596000,2.18,1.21,2.96,294.05,294.957,140.273,21967.045,24.79,3.6,1.0,0.0,False,False,-0.013939473904186594,-0.014037540770802529,0.34757459275564456,0.3259868765494616,0.3150829269425514,0.0028317152103560783,-0.41883853382930963,-0.5525237928170095,1.75,0.20999999999999996,0.1399999999999999,0.029999999999999805,0.31999999999999995,0.11111111111111116,-0.0009865050457423807
2022-06-06,JPM,131.08999633789062,132.38999938964844,129.4600067138672,129.72999572753906,117.23924255371094,11323500,2.23,1.26,3.04,294.05,294.957,140.273,21967.045,25.07,3.6,1.0,0.0,False,False,-0.003303602167791908,-0.0033090711095604746,0.3413461208306123,0.31208319838984966,0.30503931435599013,0.011294876966518874,-0.32126143212986896,-0.5288001685541345,1.78,0.2999999999999998,0.17999999999999994,-0.009999999999999787,0.41000000000000003,0.11111111111111116,-0.0009865050457423807
2022-06-07,JPM,128.8300018310547,130.32000732421875,128.6199951171875,130.07000732421875,117.5465316772461,6722200,2.26,1.26,2.98,294.05,294.957,140.273,21967.045,24.02,3.6,1.0,0.0,False,False,0.00262104323468626,0.002617614291166494,0.19708626304318028,0.3117786289759443,0.3047187165227024,-0.04188272836059037,-0.324466767928634,-0.5324777591790709,1.72,0.1299999999999999,0.10000000000000009,-0.14000000000000012,0.41000000000000003,0.11111111111111116,-0.0009865050457423807
2022-06-08,JPM,129.0,129.4499969482422,126.9000015258789,128.0,115.67581939697266,8422100,2.29,1.28,3.03,294.05,294.957,140.273,21967.045,23.96,3.6,1.0,0.0,False,False,-0.015914653146976376,-0.016042651084380823,0.21270536473051133,0.3124270401898207,0.29594116778719853,-0.0024979184013321776,-0.2660941803752495,-0.5215294920666044,1.7499999999999998,0.08999999999999986,0.13000000000000012,-0.020000000000000018,0.36,0.11111111111111116,-0.0009865050457423807
2022-06-09,JPM,127.37000274658205,128.10000610351562,125.2699966430664,125.30999755859376,113.24481964111328,13560100,2.35,1.3,3.04,294.05,294.957,140.273,21967.045,26.09,3.6,1.0,0.0,False,False,-0.021015625984171726,-0.021239597747722213,0.2373558532702544,0.3088916783888833,0.297978667089249,0.08889816360601,-0.39779030430762446,-0.5427126564823413,1.74,0.1200000000000001,0.13000000000000012,0.04999999999999982,0.41000000000000003,0.11111111111111116,-0.0009865050457423807
2022-06-10,JPM,122.58999633789062,123.4000015258789,119.31999969482422,119.5500030517578,108.03941345214844,12945200,2.58,1.39,3.15,294.05,294.957,140.273,21967.045,27.75,3.6,1.0,0.0,True,False,-0.045965954164273626,-0.04705592071180006,0.30508051515371465,0.3526815070399876,0.30904249735119005,0.06362591031046372,-0.4647978607469112,-0.5464721914375482,1.76,0.18999999999999995,0.17999999999999994,0.23999999999999977,0.47999999999999987,0.11111111111111116,-0.0009865050457423807
2022-06-13,JPM,116.86000061035156,117.9499969482422,115.05999755859376,115.98999786376952,104.82215881347656,16805600,2.89,1.73,3.43,294.05,294.957,140.273,21967.045,34.02,3.6,1.0,0.0,False,False,-0.029778527445419978,-0.0302309113250435,0.296568624614647,0.3684979572781205,0.3136399843419614,0.22594594594594608,-0.5276252149924607,-0.5725264752468658,1.7000000000000002,0.3900000000000001,0.47,0.5900000000000003,0.77,0.11111111111111116,-0.0009865050457423807
2022-06-14,JPM,115.5500030517578,117.31999969482422,113.22000122070312,114.05999755859376,103.0780029296875,13357900,3.15,1.83,3.49,294.05,294.957,140.273,21967.045,32.69,3.6,1.0,0.0,False,False,-0.016639190639954893,-0.01677917698466411,0.27577179879646463,0.37069760601215257,0.31257277144607315,-0.03909465020576153,-0.49349063218753964,-0.5579391943060918,1.6600000000000001,0.5100000000000002,0.5700000000000001,0.56,0.8,0.11111111111111116,-0.0009865050457423807
2022-06-15,JPM,115.62000274658205,116.9499969482422,113.16999816894533,115.41000366210938,104.29800415039062,14083500,2.93,1.74,3.33,294.05,294.957,140.273,21967.045,29.62,3.6,1.0,0.0,False,False,0.011835708745107532,0.0117662145489548,0.3051468074009319,0.37323599293195897,0.2997399109908875,-0.0939125114713979,-0.520271137893424,-0.5472858199368662,1.59,0.30000000000000027,0.45999999999999996,0.4500000000000002,0.6699999999999999,0.11111111111111116,-0.0009865050457423807
2022-06-16,JPM,113.86000061035156,114.26000213623048,111.87000274658205,113.43000030517578,102.5086441040039,16724900,2.88,1.59,3.28,294.05,294.957,140.273,21967.045,32.95,3.6,1.0,0.0,False,False,-0.017156225193020846,-0.01730509841638771,0.26310077349348654,0.35598242399056296,0.29948331165478315,0.11242403781228916,-0.5155144542978876,-0.5505493368039597,1.6899999999999997,0.23999999999999977,0.29000000000000004,0.2999999999999998,0.53,0.11111111111111116,-0.0009865050457423807
2022-06-17,JPM,113.54000091552734,114.62999725341795,112.16000366210938,113.02999877929688,102.14716339111328,30919900,2.86,1.63,3.25,294.05,294.957,140.273,21967.045,31.13,3.6,1.0,0.0,False,True,-0.0035263437152077692,-0.00353257592078621,0.2695630029858389,0.35247740045920234,0.2994263716285513,-0.055235204855842324,-0.5063974230257628,-0.5495088850203628,1.62,0.10000000000000009,0.24,0.3599999999999999,0.5999999999999999,0.11111111111111116,-0.0009865050457423807
2022-06-21,JPM,115.87000274658205,117.02999877929688,115.04000091552734,115.83000183105467,104.67756652832033,11680500,2.92,1.7,3.31,294.05,294.957,140.273,21967.045,30.19,3.6,1.0,0.0,False,False,0.02477213319686955,0.024470278799821107,0.33002271477145545,0.36181295035656164,0.3045309426129316,-0.030195952457436448,-0.5470492120874026,-0.5496830128060648,1.61,-0.1200000000000001,-0.030000000000000027,0.4700000000000002,0.6499999999999999,0.11111111111111116,-0.0009865050457423807
2022-06-22,JPM,114.87999725341795,116.1999969482422,114.38999938964844,115.18000030517578,104.09014892578124,9842700,2.79,1.61,3.16,294.05,294.957,140.273,21967.045,28.95,3.6,1.0,0.0,False,False,-0.005611685693707513,-0.005627490356804519,0.32277962877528293,0.3612697198803854,0.3006719960123151,-0.041073203047366724,-0.5363335002525186,-0.5472301913202773,1.55,-0.33000000000000007,-0.21999999999999997,0.38000000000000034,0.5800000000000001,0.11111111111111116,-0.0009865050457423807
2022-06-23,JPM,115.01000213623048,115.18000030517578,111.4800033569336,113.91999816894533,102.95147705078124,11851500,2.78,1.65,3.09,294.05,294.957,140.273,21967.045,29.05,3.6,1.0,0.0,False,False,-0.010939285674496424,-0.010999559632462932,0.32207209042388807,0.28639052168421025,0.29914596637340846,0.003454231433505983,-0.6029648977489865,-0.5466311770586734,1.44,-0.2400000000000002,-0.09000000000000008,0.22999999999999998,0.5799999999999998,0.11111111111111116,-0.0009865050457423807
2022-06-24,JPM,113.2300033569336,117.81999969482422,112.83000183105467,117.31999969482422,106.02410888671876,14841100,2.83,1.73,3.13,294.05,294.957,140.273,21967.045,27.23,3.6,1.0,0.0,False,False,0.029845437131726937,0.029408729944102152,0.37574641705248973,0.30323287118379283,0.3055842087752387,-0.0626506024096386,-0.6587952627870685,-0.5502270070888323,1.4,-0.1499999999999999,0.1399999999999999,0.3700000000000001,0.6699999999999999,0.11111111111111116,-0.0009865050457423807
2022-06-27,JPM,118.05999755859376,118.5,115.63999938964844,116.37999725341795,105.17461395263672,11280500,2.89,1.79,3.2,294.05,294.957,140.273,21967.045,26.95,3.6,1.0,0.0,False,False,-0.008012280819918893,-0.008044551632684551,0.3018781550752609,0.3011464597975333,0.30486402676622343,-0.010282776349614386,-0.6514400721382619,-0.5465419189366406,1.4100000000000001,-0.04999999999999982,0.16000000000000014,0.4500000000000002,0.73,0.11111111111111116,-0.0009865050457423807
2022-06-28,JPM,117.66999816894533,119.29000091552734,115.5999984741211,115.81999969482422,104.66854095458984,11590900,2.88,1.79,3.2,294.05,294.957,140.273,21967.045,28.36,3.6,1.0,0.0,False,False,-0.004811740961319533,-0.004823354656564498,0.2611677651677446,0.2909271391871782,0.3047559818330443,0.052319109461966606,-0.6434016176343617,-0.551721747765769,1.4100000000000001,-0.10999999999999988,0.09000000000000008,0.4500000000000002,0.72,0.11111111111111116,-0.0009865050457423807
2022-06-29,JPM,116.0,116.81999969482422,114.7300033569336,115.3000030517578,104.19860076904295,9338400,2.88,1.78,3.1,294.05,294.957,140.273,21967.045,28.16,3.6,1.0,0.0,False,False,-0.004489793984524648,-0.004499903380287972,0.24611196212710193,0.28236647160682166,0.3045868312898389,-0.007052186177715081,-0.6241597915731628,-0.5505788533987871,1.32,-0.06000000000000005,0.16999999999999993,0.3599999999999999,0.7,0.11111111111111116,-0.0009865050457423807
2022-06-30,JPM,113.16999816894533,114.08000183105467,110.93000030517578,112.61000061035156,101.76760864257812,15172600,2.8,1.72,2.98,294.05,294.957,140.273,21967.045,28.71,3.6,1.0,0.0,False,False,-0.023330372082952855,-0.023606833646753648,0.2663399190509929,0.28408107682907763,0.3073287054047438,0.01953125,-0.6351186291239409,-0.5474380429192269,1.26,-0.10999999999999988,0.07000000000000006,0.1299999999999999,0.56,0.11111111111111116,-0.0009865050457423807
2022-07-01,JPM,112.6500015258789,114.41999816894533,111.16000366210938,114.0500030517578,103.0689697265625,10573600,2.79,1.73,2.88,295.088,294.913,139.837,22125.625,26.7,3.5,1.0,0.0,False,False,0.012787576531889666,0.012706505875086174,0.2620656921424594,0.28999027038101294,0.30397820849175367,-0.07001044932079425,-0.6727371931987005,-0.5490603318912517,1.15,-0.25,0.0,-0.06000000000000005,0.5800000000000001,0.11111111111111116,0.006225368924099639
2022-07-05,JPM,110.7699966430664,112.70999908447266,109.3000030517578,112.62000274658205,102.67692565917967,12514200,2.77,1.9,2.82,295.088,294.913,139.837,22125.625,27.54,3.5,1.0,0.0,False,False,-0.0038037060855745652,-0.0038109585722938453,0.2621906728693945,0.2788264241966166,0.3038357144586437,0.03146067415730336,-0.6624831864351253,-0.5534467989121383,0.9199999999999999,-0.38000000000000034,0.10999999999999988,-0.10000000000000009,0.73,0.11111111111111116,0.007218995545372753
2022-07-06,JPM,111.7300033569336,112.98999786376952,110.79000091552734,111.88999938964844,102.01136779785156,10656200,2.82,1.9,2.93,295.088,294.913,139.837,22125.625,26.73,3.5,1.0,0.0,False,False,-0.006482058720158057,-0.006503158492181822,0.2266559076574911,0.2776978403088933,0.30358654174058874,-0.02941176470588236,-0.6627764588532,-0.5496270586140504,1.0300000000000002,-0.27,0.10999999999999988,-0.029999999999999805,0.69,0.11111111111111116,0.007218995545372753
2022-07-07,JPM,113.5,114.9000015258789,113.4000015258789,114.72000122070312,104.59152221679688,10347400,2.87,1.95,3.01,295.088,294.913,139.837,22125.625,26.08,3.5,1.0,0.0,False,False,0.025292812699641676,0.0249782427206814,0.26411163488171446,0.29865441669377335,0.3080598030812256,-0.024317246539468873,-0.6470234271593827,-0.5474598333332756,1.0599999999999998,-0.0900000000000003,0.16999999999999993,-0.03000000000000025,0.69,0.11111111111111116,0.007218995545372753
2022-07-08,JPM,115.16000366210938,115.6500015258789,113.61000061035156,114.36000061035156,104.2633056640625,8807800,2.96,1.98,3.09,295.088,294.913,139.837,22125.625,24.64,3.5,1.0,0.0,False,False,-0.0031380798919251607,-0.003143013989728516,0.257409370854979,0.2973610022877791,0.30714468907913395,-0.05521472392638027,-0.637077138026352,-0.542294377628795,1.1099999999999999,0.10999999999999988,0.26,0.10999999999999988,0.72,0.11111111111111116,0.007218995545372753
2022-07-11,JPM,113.5500030517578,114.2300033569336,112.22000122070312,112.86000061035156,102.895751953125,7939500,2.97,2.18,2.99,295.088,294.913,139.837,22125.625,26.17,3.5,1.0,0.0,False,False,-0.013116347138884876,-0.013203126070336699,0.21180514676059042,0.2962785400902796,0.3079458320152284,0.062094155844155896,-0.6488288516334765,-0.545875470554849,0.81,0.11000000000000032,0.4500000000000002,-0.03999999999999959,0.9000000000000001,0.11111111111111116,0.007218995545372753
2022-07-12,JPM,112.58000183105467,115.18000030517578,112.26000213623048,112.97000122070312,102.99602508544922,11250900,3.07,2.22,2.96,295.088,294.913,139.837,22125.625,27.29,3.5,1.0,0.0,False,False,0.0009745118765436267,0.0009740373481089051,0.21062012727355311,0.29143359837261973,0.30523018730429813,0.04279709591134884,-0.6181702945121977,-0.5443043202634539,0.7399999999999998,0.14000000000000012,0.3200000000000003,-0.08000000000000007,0.9200000000000002,0.11111111111111116,0.007218995545372753
2022-07-13,JPM,111.75,112.4800033569336,110.37999725341795,111.91000366210938,102.02961730957033,12979900,3.21,2.39,2.91,295.088,294.913,139.837,22125.625,26.82,3.5,1.0,0.0,False,False,-0.009382961867480999,-0.009427259165174819,0.2135389231100048,0.24816837497183603,0.30553608641036656,-0.017222425796995178,-0.6122857978944419,-0.552583150225215,0.52,-0.020000000000000018,0.4900000000000002,-0.23999999999999977,1.0000000000000002,0.11111111111111116,0.007218995545372753
2022-07-14,JPM,107.98999786376952,108.2300033569336,106.05999755859376,108.0,98.46483612060548,26204800,3.16,2.4,2.96,295.088,294.913,139.837,22125.625,26.4,3.5,1.0,0.0,True,True,-0.03493869018589835,-0.03556364617520187,0.2707426613171968,0.2561740185001663,0.31215451322140025,-0.015659955257270708,-0.44543168750259565,-0.5354715715648682,0.56,-0.04999999999999982,0.44999999999999996,-0.4700000000000002,0.6699999999999999,0.11111111111111116,0.007218995545372753
2022-07-15,JPM,109.16000366210938,113.87999725341795,107.66999816894533,112.9499969482422,102.977783203125,18863900,3.12,2.37,2.93,295.088,294.913,139.837,22125.625,24.23,3.5,1.0,0.0,True,False,0.04583308377207662,0.044813777165454906,0.350011136521352,0.2995498061658284,0.32052642090686057,-0.08219696969696966,-0.5528547063694639,-0.5914066252367989,0.56,-0.1599999999999997,0.3900000000000001,-0.56,0.54,0.11111111111111116,0.007218995545372753
2022-07-18,JPM,114.7699966430664,115.83999633789062,111.29000091552734,111.79000091552734,101.92019653320312,13977900,3.13,2.5,2.96,295.088,294.913,139.837,22125.625,25.3,3.5,1.0,0.0,False,False,-0.010270046965720425,-0.010323147776139087,0.34786559442310305,0.2983452609291897,0.3206295914726041,0.044160132067684765,-0.5513045487881547,-0.591670911477489,0.45999999999999996,-0.03000000000000025,0.31999999999999984,-0.3700000000000001,0.76,0.11111111111111116,0.007218995545372753
2022-07-19,JPM,113.12999725341795,114.94000244140624,112.66999816894533,114.55999755859376,104.44564056396484,11862300,3.18,2.52,3.01,295.088,294.913,139.837,22125.625,24.5,3.5,1.0,0.0,False,False,0.024778641688931513,0.02447662993992628,0.3700185771854168,0.30478551110087976,0.3224131805184413,-0.031620553359683834,-0.5439262457639416,-0.5916584807694635,0.48999999999999977,0.04999999999999982,0.2999999999999998,-0.27,0.9299999999999999,0.11111111111111116,0.007218995545372753
2022-07-20,JPM,114.0999984741211,114.73999786376952,113.4800033569336,114.54000091552734,104.42742156982422,11667500,3.18,2.51,3.04,295.088,294.913,139.837,22125.625,23.88,3.5,1.0,0.0,False,False,-0.00017443518027415728,-0.0001744503958596639,0.3674411487069752,0.30439308968959433,0.3192703451907116,-0.025306122448979673,-0.5694017654458601,-0.5897520544227103,0.5300000000000002,0.1299999999999999,0.11999999999999966,-0.20999999999999996,0.8799999999999999,0.11111111111111116,0.007218995545372753
2022-07-21,JPM,114.44000244140624,115.52999877929688,113.37000274658205,115.31999969482422,105.13854217529295,11595900,3.11,2.48,2.91,295.088,294.913,139.837,22125.625,23.11,3.5,1.0,0.0,False,False,0.006809711422332221,0.006786630063186598,0.3468300872508582,0.29320905217162974,0.3195680921272995,-0.03224455611390287,-0.5696981382331014,-0.5905643837484209,0.43000000000000016,-0.04999999999999982,0.08000000000000007,-0.3999999999999999,0.78,0.11111111111111116,0.007218995545372753
2022-07-22,JPM,115.23999786376952,116.25,113.66999816894533,114.76000213623048,104.6279754638672,7645500,3.01,2.49,2.77,295.088,294.913,139.837,22125.625,23.03,3.5,1.0,0.0,False,False,-0.004856132687996673,-0.00486796201238897,0.3474479613713313,0.29303029729898583,0.3194051694906641,-0.003461704889658135,-0.5918984007132799,-0.5926209922443781,0.2799999999999998,-0.16000000000000014,0.1200000000000001,-0.3900000000000001,0.8800000000000001,0.11111111111111116,0.007218995545372753
2022-07-25,JPM,115.83999633789062,116.45999908447266,114.7699966430664,115.22000122070312,105.04737854003906,9394000,3.07,2.62,2.81,295.088,294.913,139.837,22125.625,23.36,3.5,1.0,0.0,False,False,0.004008517552905433,0.004000504851983472,0.3392964713860148,0.29037245262092504,0.31476300965874515,0.014329135909682877,-0.5782983682416665,-0.5768198397038828,0.18999999999999995,-0.1499999999999999,0.1200000000000001,-0.2799999999999998,0.9700000000000002,0.11111111111111116,0.007218995545372753
2022-07-26,JPM,114.58000183105467,115.58000183105467,113.02999877929688,113.41999816894533,103.4062957763672,10675100,3.06,2.55,2.81,295.088,294.913,139.837,22125.625,24.69,3.5,1.0,0.0,False,False,-0.015622310489607827,-0.015745624770838303,0.35098771484395835,0.27642592235264807,0.3160607326269492,0.05693493150684947,-0.5534940834650474,-0.5813270149576699,0.26000000000000023,-0.19999999999999973,0.029999999999999805,-0.31999999999999984,0.8199999999999998,0.11111111111111116,0.007218995545372753
2022-07-27,JPM,114.01000213623048,115.73999786376952,113.3000030517578,115.23999786376952,105.06560516357422,9337400,3.0,2.44,2.78,295.088,294.913,139.837,22125.625,23.24,3.5,1.0,0.0,False,False,0.016046502533999973,0.015919118319495915,0.35417020747385647,0.28135978663433886,0.3126194644351295,-0.05872823005265304,-0.5830200808615476,-0.5690110211223637,0.33999999999999986,-0.26000000000000023,-0.06999999999999984,-0.4200000000000004,0.6499999999999999,0.11111111111111116,0.007218995545372753
2022-07-28,JPM,115.25,115.9800033569336,113.52999877929688,114.80999755859376,104.6735610961914,10384800,2.93,2.42,2.68,295.088,294.913,139.837,22125.625,22.33,3.5,1.0,0.0,False,False,-0.0037314215891341984,-0.003738400709441568,0.28697119289875495,0.2811528598071036,0.3116949205897964,-0.03915662650602414,-0.5777457126261321,-0.5785041185526288,0.26000000000000023,-0.22999999999999998,-0.06000000000000005,-0.52,0.6299999999999999,0.11111111111111116,0.007218995545372753
2022-07-29,JPM,115.58999633789062,116.5,114.79000091552734,115.36000061035156,105.1750030517578,12944500,2.98,2.41,2.67,295.088,294.913,139.837,22125.625,21.33,3.5,1.0,0.0,False,False,0.004790531155289379,0.004779093076018657,0.18968747274994335,0.2811180859313416,0.3101160945569776,-0.044782803403493054,-0.577395014944201,-0.5754909597335937,0.2599999999999998,-0.10000000000000009,-0.08000000000000007,-0.43000000000000016,0.6300000000000001,0.11111111111111116,0.007218995545372753
2022-08-01,JPM,114.5,115.11000061035156,113.06999969482422,114.20999908447266,104.12655639648438,14740400,2.98,2.56,2.6,296.535,295.097,139.755,22125.625,22.84,3.6,1.0,0.0,False,False,-0.00996859163158259,-0.010018610732084378,0.18913386126780937,0.2701988967331504,0.30388194069610297,0.07079231129864039,-0.5663067953824511,-0.5588872956865004,0.040000000000000036,-0.20999999999999996,-0.06000000000000005,-0.3799999999999999,0.8400000000000001,0.11111111111111116,0.007218995545372753
2022-08-02,JPM,113.91999816894533,114.4000015258789,112.2699966430664,112.43000030517578,102.50369262695312,14942900,3.09,2.56,2.75,296.535,295.097,139.755,22125.625,23.93,3.6,1.0,0.0,False,False,-0.015585493515716031,-0.0157082242021333,0.1618755007600468,0.2727252318155016,0.3047271158534334,0.04772329246935203,-0.5749918010446485,-0.561425400437837,0.18999999999999995,-0.06000000000000005,0.010000000000000231,-0.1299999999999999,0.8300000000000001,0.11111111111111116,0.007218995545372753
2022-08-03,JPM,113.4499969482422,114.0999984741211,111.70999908447266,113.61000061035156,103.57952117919922,14394500,3.14,2.52,2.73,296.535,295.097,139.755,22125.625,21.95,3.6,1.0,0.0,False,False,0.010495510207241043,0.010440814711876724,0.1733645766959428,0.2748486438888701,0.30229989997388107,-0.08274132887588803,-0.580732142164925,-0.55411119080742,0.20999999999999996,-0.04999999999999982,0.08000000000000007,-0.08999999999999986,0.6200000000000001,0.11111111111111116,0.007218995545372753
2022-08-04,JPM,112.8499984741211,113.31999969482422,111.0199966430664,112.36000061035156,102.43988037109376,18033900,3.11,2.5,2.68,296.535,295.097,139.755,22125.625,21.44,3.6,1.0,0.0,False,False,-0.011002568800581702,-0.011063544734468187,0.17460180655169263,0.2767428282544451,0.29505265014476634,-0.02323462414578581,-0.5769787067378968,-0.5248932312121287,0.18000000000000016,0.0,0.08000000000000007,-0.25,0.6000000000000001,0.11111111111111116,0.007218995545372753
2022-08-05,JPM,112.52999877929688,116.19000244140624,112.0500030517578,115.76000213623048,105.5396728515625,14174600,3.29,2.58,2.83,296.535,295.097,139.755,22125.625,21.15,3.6,1.0,0.0,False,False,0.03025962612646138,0.029810834679149176,0.23746142443491422,0.28263831075491797,0.297786705609141,-0.013526119402985204,-0.5514053015257488,-0.5035433773439096,0.25,0.16000000000000014,0.16999999999999993,-0.17999999999999972,0.6300000000000001,0.11111111111111116,0.007218995545372753
2022-08-08,JPM,116.25,116.6999969482422,114.18000030517578,114.3499984741211,104.25418853759766,10332500,3.3,2.65,2.77,296.535,295.097,139.755,22125.625,21.29,3.6,1.0,0.0,False,False,-0.01218010516076573,-0.01225489052443784,0.24534634509264353,0.2858340467033903,0.29864361474069695,0.006619385342789608,-0.5792347177194728,-0.504756260502276,0.1200000000000001,0.16999999999999993,0.08999999999999986,-0.31999999999999984,0.6699999999999999,0.11111111111111116,0.007218995545372753
2022-08-09,JPM,114.75,115.98999786376952,114.37000274658205,115.37999725341795,105.1932373046875,10233800,3.33,2.67,2.8,296.535,295.097,139.755,22125.625,21.77,3.6,1.0,0.0,False,False,0.00900730014076312,0.008966976370832554,0.2341863594350395,0.28324049965714787,0.2979299937570036,0.022545796148426556,-0.5374749467878164,-0.49670262605897425,0.1299999999999999,0.04999999999999982,0.10999999999999988,-0.1900000000000004,0.48999999999999977,0.11111111111111116,0.007218995545372753
2022-08-10,JPM,117.95999908447266,119.37000274658205,117.5,118.38999938964844,107.93751525878906,12847300,3.26,2.65,2.78,296.535,295.097,139.755,22125.625,19.74,3.6,1.0,0.0,False,False,0.02608796938298319,0.025753483212461965,0.2551547458127059,0.2958800882182824,0.2985258639889464,-0.09324758842443737,-0.6036955040251459,-0.5371720930738064,0.1299999999999999,0.04999999999999982,0.1299999999999999,-0.18000000000000016,0.4299999999999997,0.11111111111111116,0.007218995545372753
2022-08-11,JPM,119.9000015258789,121.1999969482422,119.30999755859376,120.13999938964844,109.5330047607422,11684900,3.25,2.62,2.87,296.535,295.097,139.755,22125.625,20.2,3.6,1.0,0.0,False,False,0.014781603024007106,0.014673419907010965,0.25886594893708026,0.29569295708534743,0.29964837191962207,0.023302938196555267,-0.5730081478959139,-0.5289184285426677,0.25,0.18999999999999995,0.1200000000000001,-0.040000000000000036,0.22999999999999998,0.11111111111111116,0.007218995545372753
2022-08-12,JPM,120.66999816894533,122.25,119.44000244140624,122.12999725341795,111.34729766845705,9906700,3.26,2.63,2.84,296.535,295.097,139.755,22125.625,19.53,3.6,1.0,0.0,False,False,0.01656389242382139,0.016428207422138782,0.2656851256118975,0.2623918330790813,0.30134180854911646,-0.03316831683168309,-0.6623228218258227,-0.5319952920005859,0.20999999999999996,0.009999999999999787,0.04999999999999982,-0.1200000000000001,0.22999999999999998,0.11111111111111116,0.007218995545372753
2022-08-15,JPM,121.13999938964844,122.72000122070312,120.5999984741211,122.45999908447266,111.6481704711914,8456200,3.23,2.72,2.79,296.535,295.097,139.755,22125.625,19.95,3.6,1.0,0.0,False,False,0.0027021114031005045,0.002698467263188403,0.2519283561797339,0.2208770494242833,0.30091414508655256,0.021505376344086002,-0.6021317898657251,-0.5302167833283069,0.06999999999999984,0.020000000000000018,0.07000000000000028,-0.14000000000000012,0.3500000000000001,0.11111111111111116,0.007218995545372753
2022-08-16,JPM,122.29000091552734,124.23999786376952,121.87000274658205,123.62999725341795,112.71485900878906,9555000,3.26,2.7,2.82,296.535,295.097,139.755,22125.625,19.69,3.6,1.0,0.0,False,False,0.00955401716925497,0.009508666174527907,0.2178553924744194,0.21546075878640203,0.30103529490427855,-0.013032581453633951,-0.575030094496573,-0.5385595840159809,0.11999999999999966,0.020000000000000018,0.03000000000000025,-0.14000000000000012,0.20000000000000018,0.11111111111111116,0.007218995545372753
2022-08-17,JPM,122.3000030517578,123.16000366210938,121.69000244140624,122.58999633789062,111.76667022705078,8149300,3.27,2.68,2.89,296.535,295.097,139.755,22125.625,19.9,3.6,1.0,0.0,False,False,-0.008412278470439682,-0.00844786138106459,0.23548406596738317,0.2076074865240421,0.2945560757709401,0.010665312341289868,-0.5807227256075863,-0.532615002769277,0.20999999999999996,0.11000000000000032,0.03000000000000025,-0.11999999999999966,0.16000000000000014,0.11111111111111116,0.007218995545372753
2022-08-18,JPM,122.23999786376952,122.47000122070312,120.5500030517578,121.63999938964844,110.90056610107422,9531800,3.24,2.71,2.88,296.535,295.097,139.755,22125.625,19.56,3.6,1.0,0.0,False,False,-0.007749216508079693,-0.007779397707865313,0.22867166918359963,0.21082356425846283,0.29287985846034725,-0.0170854271356784,-0.5703534768974098,-0.5315937629452052,0.16999999999999993,0.009999999999999787,0.08999999999999986,-0.16000000000000014,0.20000000000000018,0.11111111111111116,0.007218995545372753
2022-08-19,JPM,120.62000274658205,120.98999786376952,118.11000061035156,118.62999725341795,108.15631866455078,13464500,3.26,2.74,2.98,296.535,295.097,139.755,22125.625,20.6,3.6,1.0,0.0,False,False,-0.024745116576071813,-0.02505642325191901,0.24686167933990638,0.2312283572699355,0.29571213954743275,0.053169734151329306,-0.6162706089748872,-0.5599510536707762,0.23999999999999977,0.14000000000000012,0.11000000000000032,0.06999999999999984,0.26000000000000023,0.11111111111111116,0.007218995545372753
2022-08-22,JPM,116.75,117.16000366210938,115.5,116.66999816894533,106.36935424804688,8967600,3.32,2.82,3.03,296.535,295.097,139.755,22125.625,23.8,3.6,1.0,0.0,False,False,-0.016522052882053218,-0.01666006426364988,0.25506278340204075,0.2387094599931178,0.2971636949847098,0.15533980582524265,-0.6329471576691751,-0.5609583248657917,0.20999999999999996,0.23999999999999977,0.09999999999999964,0.2599999999999998,0.3299999999999996,0.11111111111111116,0.007218995545372753
2022-08-23,JPM,116.69000244140624,117.29000091552734,115.37999725341795,115.5199966430664,105.3208999633789,7607000,3.29,2.8,3.05,296.535,295.097,139.755,22125.625,24.11,3.6,1.0,0.0,False,False,-0.009856732628300446,-0.009905631806768794,0.258221832166713,0.24119765575512625,0.2716045245983856,0.013025210084033567,-0.6347594798260051,-0.5884015425225345,0.25,0.22999999999999998,0.09999999999999964,0.23999999999999977,0.17999999999999972,0.11111111111111116,0.007218995545372753
2022-08-24,JPM,115.29000091552734,116.41000366210938,114.4499969482422,115.8000030517578,105.57616424560548,9771300,3.35,2.82,3.11,296.535,295.097,139.755,22125.625,22.82,3.6,1.0,0.0,False,False,0.002423681171688896,0.0024207487936218344,0.2165777758991139,0.23424686978552808,0.2699710611199815,-0.05350476980506014,-0.6055089458338129,-0.6018380535177783,0.29000000000000004,0.21999999999999975,0.13999999999999968,0.2999999999999998,0.27,0.11111111111111116,0.007218995545372753
2022-08-25,JPM,116.16000366210938,118.73999786376952,115.68000030517578,118.5500030517578,108.0833740234375,10758900,3.33,2.88,3.03,296.535,295.097,139.755,22125.625,21.78,3.6,1.0,0.0,False,False,0.02374787714393012,0.02347028257510953,0.239111253712829,0.24165450429120972,0.2740023462476338,-0.045574057843996485,-0.6010931065560766,-0.6047350813316018,0.1499999999999999,0.1499999999999999,0.16999999999999993,0.25,0.43999999999999995,0.11111111111111116,0.007218995545372753
2022-08-26,JPM,119.45999908447266,119.98999786376952,114.5999984741211,114.66999816894533,104.54592895507812,11276200,3.36,2.89,3.04,296.535,295.097,139.755,22125.625,25.56,3.6,1.0,0.0,False,False,-0.03272885492631172,-0.033276424618299216,0.26456834645565236,0.2695427504368244,0.27895642398924975,0.17355371900826433,-0.7105976152633812,-0.6295043783190194,0.1499999999999999,0.06000000000000005,0.1499999999999999,0.3599999999999999,0.4700000000000002,0.11111111111111116,0.007218995545372753
2022-08-29,JPM,114.0,114.86000061035156,113.45999908447266,114.38999938964844,104.2906494140625,8117300,3.43,2.97,3.12,296.535,295.097,139.755,22125.625,26.21,3.6,1.0,0.0,False,False,-0.0024417932249214402,-0.0024447792638482148,0.26090318958398634,0.26907050412317485,0.27709819728207835,0.02543035993740217,-0.712663791722968,-0.6232053253761506,0.1499999999999999,0.0900000000000003,0.15000000000000036,0.4500000000000002,0.56,0.11111111111111116,0.007218995545372753
2022-08-30,JPM,115.0,115.58000183105467,113.36000061035156,114.41000366210938,104.30890655517578,10745400,3.48,2.97,3.11,296.535,295.097,139.755,22125.625,26.21,3.6,1.0,0.0,False,False,0.000175060192029175,0.00017504487078182595,0.24846049738389736,0.2667875021498847,0.2764891666646491,0.0,-0.7064309614506418,-0.6272754120188112,0.13999999999999968,0.06000000000000005,0.17000000000000037,0.5099999999999998,0.41000000000000014,0.11111111111111116,0.007218995545372753
2022-08-31,JPM,114.4800033569336,115.02999877929688,113.33999633789062,113.7300033569336,103.68893432617188,10738300,3.5,2.96,3.15,296.535,295.097,139.755,22125.625,25.87,3.6,1.0,0.0,False,False,-0.005943617371503729,-0.005961350967955601,0.24857858512991624,0.26160438035004563,0.27479856358207894,-0.01297214803510105,-0.6888559740985413,-0.6354999222939405,0.18999999999999995,0.040000000000000036,0.14000000000000012,0.3999999999999999,0.3999999999999999,0.11111111111111116,0.007218995545372753
2022-09-01,JPM,113.29000091552734,114.62999725341795,111.91000366210938,114.51000213623048,104.40006256103516,9979800,3.51,2.97,3.26,298.226,296.349,140.2,22125.625,25.56,3.5,1.0,0.0,False,False,0.006858284729075459,0.0068348736732012525,0.25873976399602744,0.2601804736631256,0.2729783551142289,-0.011982991882489413,-0.6892170479454718,-0.6325427878190955,0.2899999999999996,0.22999999999999998,0.0900000000000003,0.5299999999999998,0.4500000000000002,0.11111111111111116,0.007218995545372753
2022-09-02,JPM,115.87000274658205,117.4499969482422,113.19000244140624,113.70999908447266,103.67069244384766,10666600,3.47,2.94,3.2,298.226,296.349,140.2,22125.625,25.47,3.5,1.0,0.0,False,False,-0.006986299617982361,-0.007010818071398808,0.23650739262778567,0.25830736364342066,0.2720914193968207,-0.0035211267605633756,-0.7127075768357176,-0.6339938425770315,0.26000000000000023,0.16000000000000014,0.04999999999999982,0.52,0.43999999999999995,0.11111111111111116,0.007218995545372753
2022-09-06,JPM,114.33000183105467,114.75,112.06999969482422,113.73999786376952,103.69803619384766,9751900,3.61,3.04,3.33,298.226,296.349,140.2,22125.625,26.91,3.5,1.0,0.0,False,False,0.0002637558345124358,0.00026372105705735284,0.22666832850947638,0.23542680321227258,0.27211563952825457,0.05653710247349819,-0.7336660591724804,-0.628116142770565,0.29000000000000004,0.20999999999999996,0.06999999999999984,0.5,0.45999999999999996,0.11111111111111116,0.007218995545372753
2022-09-07,JPM,113.12999725341795,116.11000061035156,112.76000213623048,115.9000015258789,105.66735076904295,10647900,3.6,3.07,3.27,298.226,296.349,140.2,22125.625,24.64,3.5,1.0,0.0,False,False,0.018990856987050053,0.018812781665545373,0.24560546722554746,0.24097728642522956,0.27513113732675504,-0.0843552582683017,-0.7716789430029831,-0.6379888532115995,0.20000000000000018,0.16000000000000014,0.09999999999999964,0.5,0.41999999999999993,0.11111111111111116,0.007218995545372753
2022-09-08,JPM,115.27999877929688,118.79000091552734,114.62999725341795,118.5999984741211,108.12894439697266,11435000,3.6,3.06,3.29,298.226,296.349,140.2,22125.625,23.61,3.5,1.0,0.0,False,False,0.023295687930229292,0.023028485215472502,0.2709955390028856,0.25177971634516383,0.27793011494850245,-0.041801948051948146,-0.7867728408093927,-0.6458306610003647,0.22999999999999998,0.14000000000000012,0.10000000000000009,0.4900000000000002,0.3900000000000001,0.11111111111111116,0.007218995545372753
2022-09-09,JPM,119.13999938964844,120.0500030517578,118.66999816894533,119.16999816894533,108.64862823486328,9299700,3.67,3.08,3.33,298.226,296.349,140.2,22125.625,22.79,3.5,1.0,0.0,False,False,0.004806149184095609,0.004794636522083573,0.24531704775641325,0.236124015784689,0.27511436016094776,-0.0347310461668785,-0.7561859146972698,-0.6372614156692857,0.25,0.07000000000000028,0.10999999999999988,0.5500000000000003,0.43000000000000016,0.11111111111111116,0.007218995545372753
2022-09-12,JPM,120.62000274658205,121.5500030517578,119.79000091552734,120.58000183105467,109.93415832519533,8614600,3.7,3.17,3.37,298.226,296.349,140.2,22125.625,23.87,3.5,1.0,0.0,False,False,0.01183199559181869,0.011762544822664374,0.16141267886422508,0.23410000374387213,0.25950265280655843,0.04738920579201422,-0.7439883928835559,-0.6198151378647979,0.20000000000000018,0.16999999999999993,0.22999999999999998,0.5,0.5499999999999998,0.11111111111111116,0.007218995545372753
2022-09-13,JPM,118.06999969482422,118.91999816894533,115.77999877929688,116.38999938964844,106.11406707763672,12904600,3.92,3.28,3.42,298.226,296.349,140.2,22125.625,27.27,3.5,1.0,0.0,True,False,-0.034748901576691305,-0.035367005870753025,0.2591142972487101,0.25647654056746827,0.26214662249821125,0.14243820695433596,-0.7871242145541267,-0.6287820329058152,0.14000000000000012,0.08999999999999986,0.23999999999999977,0.5800000000000001,0.6499999999999999,0.11111111111111116,0.007218995545372753
2022-09-14,JPM,116.6999969482422,117.83999633789062,114.87999725341795,116.12000274658205,105.86792755126952,9345700,3.95,3.24,3.41,298.226,296.349,140.2,22125.625,26.16,3.5,1.0,0.0,False,False,-0.0023195748984639053,-0.0023222692796710897,0.2598370661208614,0.25583443375425235,0.25992712463732803,-0.040704070407040716,-0.7765505717378685,-0.6430413556118157,0.16999999999999993,0.14000000000000012,0.17000000000000037,0.6200000000000001,0.52,0.11111111111111116,0.007218995545372753
2022-09-15,JPM,116.12000274658205,119.37999725341795,115.76000213623048,117.87000274658205,107.46341705322266,10821400,4.0,3.22,3.45,298.226,296.349,140.2,22125.625,26.27,3.5,1.0,0.0,False,False,0.015070565173578965,0.014958132415686325,0.26423814816512864,0.25973263931065593,0.2605708436475595,0.004204892966360729,-0.76115176988532,-0.635841562138952,0.22999999999999998,0.16000000000000014,0.16000000000000014,0.6300000000000003,0.52,0.11111111111111116,0.007218995545372753
2022-09-16,JPM,117.38999938964844,117.4000015258789,115.37000274658205,117.08000183105467,106.74314880371094,14844100,3.96,3.2,3.45,298.226,296.349,140.2,22125.625,26.3,3.5,1.0,0.0,False,False,-0.006702450650298952,-0.006725012944277951,0.26829149281790565,0.2592846505840278,0.2584874490504565,0.0011419870574800317,-0.7601877938590762,-0.626655645118059,0.25,0.1200000000000001,0.1200000000000001,0.56,0.52,0.11111111111111116,0.007218995545372753
2022-09-19,JPM,116.0,118.7300033569336,115.51000213623048,118.16000366210938,107.72779846191406,8201300,4.05,3.37,3.49,298.226,296.349,140.2,22125.625,25.76,3.5,1.0,0.0,False,False,0.00922447641125701,0.009182190771730717,0.2649867121926166,0.2613268949445454,0.25890324540286674,-0.020532319391634912,-0.7794472172014156,-0.6373495505470609,0.1200000000000001,0.1200000000000001,0.20000000000000018,0.6100000000000003,0.6600000000000001,0.11111111111111116,0.007218995545372753
2022-09-20,JPM,117.41000366210938,117.69000244140624,114.63999938964844,115.83000183105467,105.603515625,9619000,4.03,3.35,3.57,298.226,296.349,140.2,22125.625,27.16,3.5,1.0,0.0,False,False,-0.019718984953220553,-0.01991599837472255,0.290723272028828,0.2560119259337598,0.25765636694951044,0.05434782608695654,-0.787408453730465,-0.6444217843345909,0.21999999999999975,0.1499999999999999,0.07000000000000028,0.5899999999999999,0.6099999999999999,0.11111111111111116,0.007218995545372753
2022-09-21,JPM,116.54000091552734,116.5999984741211,112.41999816894533,112.48999786376952,102.55841064453124,12606300,4.08,3.31,3.51,298.226,296.349,140.2,22125.625,27.99,3.5,1.0,0.0,False,False,-0.028835261425216085,-0.029259166404818265,0.31146786302009133,0.2690266754446768,0.2640616177139093,0.030559646539027874,-0.7626399411435393,-0.6507090062468006,0.19999999999999973,0.09999999999999964,0.06999999999999984,0.48,0.4900000000000002,0.11111111111111116,0.007218995545372753
2022-09-22,JPM,113.37999725341795,113.5999984741211,111.06999969482422,111.20999908447266,101.39141082763672,11684500,4.08,3.29,3.7,298.226,296.349,140.2,22125.625,27.35,3.5,1.0,0.0,False,False,-0.011378879699485145,-0.011444114489095429,0.2770165483426998,0.2696672697508719,0.26413676060208885,-0.02286530903894235,-0.7396434759219446,-0.6441886391049142,0.41000000000000014,0.25,0.06999999999999984,0.6500000000000004,0.4900000000000002,0.11111111111111116,0.007218995545372753
2022-09-23,JPM,110.0500030517578,110.33999633789062,107.16000366210938,109.13999938964844,99.50415802001952,18138600,4.15,3.24,3.69,298.226,296.349,140.2,22125.625,29.92,3.5,1.0,0.0,False,False,-0.018613537302735517,-0.018788949290163524,0.27554512951889265,0.275421566238743,0.259697857937936,0.09396709323583186,-0.7606384897015285,-0.6425780583314417,0.44999999999999973,0.23999999999999977,0.040000000000000036,0.5800000000000001,0.4200000000000004,0.11111111111111116,0.007218995545372753
2022-09-26,JPM,108.0,109.61000061035156,106.05999755859376,106.79000091552734,97.36164855957033,15753600,4.17,3.39,3.88,298.226,296.349,140.2,22125.625,32.26,3.5,1.0,0.0,False,False,-0.02153185859849327,-0.02176705128462682,0.2562449681363324,0.2654108166481702,0.2626427281199296,0.07820855614973254,-0.7603306594690872,-0.6552050543736732,0.48999999999999977,0.3899999999999997,0.020000000000000018,0.8500000000000001,0.5100000000000002,0.11111111111111116,0.007218995545372753
2022-09-27,JPM,107.75,108.16999816894533,104.6500015258789,105.8499984741211,96.504638671875,12793600,4.16,3.35,3.97,298.226,296.349,140.2,22125.625,32.6,3.5,1.0,0.0,False,False,-0.008802335420306395,-0.00884130482444579,0.22112787089588795,0.24531743559949903,0.26298916403135075,0.010539367637941721,-0.7092309162612395,-0.6560911567452984,0.6200000000000001,0.40000000000000036,0.0,0.9300000000000002,0.45999999999999996,0.11111111111111116,0.007218995545372753
2022-09-28,JPM,105.9499969482422,108.7300033569336,105.63999938964844,107.98999786376952,98.4557113647461,12762600,3.99,3.4,3.72,298.226,296.349,140.2,22125.625,30.18,3.5,1.0,0.0,False,False,0.020217398041403323,0.02001573992078023,0.26540772952304453,0.25885855214357595,0.26632212292513346,-0.07423312883435584,-0.7429023663662416,-0.6667739076866523,0.3200000000000003,0.2100000000000004,0.08999999999999986,0.6000000000000001,0.4299999999999997,0.11111111111111116,0.007218995545372753
2022-09-29,JPM,106.9499969482422,107.27999877929688,104.4000015258789,106.16000366210938,96.78726959228516,12713900,3.98,3.36,3.76,298.226,296.349,140.2,22125.625,31.84,3.5,1.0,0.0,False,False,-0.01694611464722351,-0.017091343091423048,0.23759642973088363,0.2632796822375859,0.2643758946972433,0.05500331345261755,-0.751209117667429,-0.6754423155277767,0.3999999999999999,0.05999999999999961,0.06999999999999984,0.6499999999999999,0.3899999999999997,0.11111111111111116,0.007218995545372753
2022-09-30,JPM,106.05999755859376,107.62000274658205,104.4000015258789,104.5,95.2738265991211,15973400,4.05,3.33,3.83,298.226,296.349,140.2,22125.625,31.62,3.5,1.0,0.0,False,False,-0.015636798098958904,-0.015760342410335245,0.23794479596719795,0.26657166905180035,0.26459661430050313,-0.006909547738693456,-0.7348988704303001,-0.663898123604531,0.5,0.14000000000000012,0.08999999999999986,0.6800000000000002,0.3700000000000001,0.11111111111111116,0.0
2022-10-03,JPM,105.62000274658205,108.36000061035156,104.45999908447266,107.7300033569336,98.21865844726562,12248100,4.01,3.46,3.67,298.226,296.349,140.2,22125.625,30.1,3.5,1.0,0.0,False,False,0.030909137937068065,0.030441071119201687,0.30408947745977505,0.2901913693846922,0.2720122054903064,-0.04807084123972172,-0.7426325887682892,-0.668656912083754,0.20999999999999996,-0.20999999999999996,0.06999999999999984,0.41000000000000014,0.48999999999999977,0.11111111111111116,0.0
2022-10-04,JPM,110.61000061035156,112.98999786376952,109.86000061035156,112.7699966430664,102.8136749267578,16013600,4.15,3.45,3.62,298.226,296.349,140.2,22125.625,29.07,3.5,1.0,0.0,True,False,0.04678353942249447,0.045722166886955184,0.40224787089667574,0.33485217565290304,0.2871216815599331,-0.03421926910299011,-0.7187895903479952,-0.6628713765391188,0.16999999999999993,-0.3500000000000001,0.10000000000000009,0.41999999999999993,0.5100000000000002,0.11111111111111116,0.0
2022-10-05,JPM,109.75,110.9499969482422,108.83000183105467,110.38999938964844,101.54426574707033,10943500,4.14,3.46,3.76,298.226,296.349,140.2,22125.625,28.55,3.5,1.0,0.0,False,False,-0.012346695909778216,-0.012423549607737644,0.3793214682064145,0.3374120375940757,0.2836861817313767,-0.017887856897144783,-0.7136620064605691,-0.6561670023356585,0.2999999999999998,0.03999999999999959,0.06000000000000005,0.4299999999999997,0.41999999999999993,0.0,0.0
2022-10-06,JPM,109.45999908447266,110.19000244140624,107.94000244140624,108.13999938964844,99.47454071044922,11521400,4.19,3.46,3.83,298.226,296.349,140.2,22125.625,30.52,3.5,1.0,0.0,False,False,-0.0203824905463047,-0.02059307997883402,0.3890350350162466,0.335867020579459,0.28648758609487757,0.06900175131348507,-0.711485153921231,-0.6719527577050672,0.3700000000000001,0.07000000000000028,0.10000000000000009,0.56,0.3900000000000001,0.0,0.0
2022-10-07,JPM,107.5199966430664,107.70999908447266,105.2699966430664,105.9800033569336,97.4876480102539,11681100,4.24,3.45,3.89,298.226,296.349,140.2,22125.625,31.36,3.5,1.0,0.0,False,False,-0.019973881618400857,-0.020176056262866917,0.3907786733524736,0.3271126919129826,0.28805505670438836,0.02752293577981657,-0.6918455789679792,-0.6688816144934973,0.43999999999999995,0.06000000000000005,0.1200000000000001,0.6000000000000001,0.3900000000000001,0.0,0.0
2022-10-10,JPM,106.7300033569336,107.30999755859376,104.5199966430664,104.98999786376952,96.57695770263672,8931700,4.26,3.56,3.91,298.226,296.349,140.2,22125.625,32.45,3.5,1.0,0.0,False,False,-0.009341596871035418,-0.009385503238068334,0.37801882714565993,0.3254834289915903,0.2885321459217436,0.03475765306122458,-0.6895431344211806,-0.6740116338113551,0.3500000000000001,0.2400000000000002,0.10000000000000009,0.5800000000000001,0.48,0.0,0.0
2022-10-11,JPM,104.37000274658205,104.54000091552734,101.8499984741211,101.95999908447266,93.78976440429688,12739700,4.28,3.67,3.93,298.226,296.349,140.2,22125.625,33.63,3.5,1.0,0.0,False,False,-0.02885981671654736,-0.02928445109730526,0.40326806772589613,0.328921536653188,0.29357264529601906,0.036363636363636376,-0.7289206726378622,-0.6786712393583404,0.26000000000000023,0.31000000000000005,0.21999999999999975,0.56,0.5,0.0,0.0
2022-10-12,JPM,101.8000030517578,104.7300033569336,101.27999877929688,103.61000061035156,95.30755615234376,13181000,4.28,3.7,3.91,298.226,296.349,140.2,22125.625,33.57,3.5,1.0,0.0,False,False,0.016182914603604104,0.016053367010769308,0.39742452769106323,0.32231966401894513,0.2871944094347829,-0.001784121320249854,-0.6993560171237855,-0.7072484178561277,0.20999999999999996,0.15000000000000036,0.2400000000000002,0.4900000000000002,0.4200000000000004,0.0,0.0
2022-10-13,JPM,101.9800033569336,109.9000015258789,101.76000213623048,109.37000274658205,100.60601043701172,22398700,4.46,3.79,3.97,298.226,296.349,140.2,22125.625,31.94,3.5,1.0,0.0,True,False,0.055593223649536005,0.05410290619627954,0.4800946295024047,0.3821857577669585,0.29368146789047855,-0.04855525767053914,-0.7381000183277671,-0.6832216918367524,0.18000000000000016,0.14000000000000012,0.33000000000000007,0.56,0.5499999999999998,0.0,0.0
2022-10-14,JPM,111.95999908447266,115.23999786376952,110.72000122070312,111.19000244140624,102.28015899658205,33387100,4.5,3.81,4.0,298.226,296.349,140.2,22125.625,32.02,3.5,1.0,0.0,False,True,0.016640641570997206,0.01650370316880768,0.4703786256313044,0.38310803497309565,0.294884635188852,0.00250469630557304,-0.738028440780547,-0.6777318726461166,0.18999999999999995,0.10999999999999988,0.3599999999999999,0.5499999999999998,0.5899999999999999,0.0,0.0
2022-10-17,JPM,115.41000366210938,117.01000213623048,114.31999969482422,115.86000061035156,106.57593536376952,22276300,4.5,3.97,4.02,298.226,296.349,140.2,22125.625,31.37,3.5,1.0,0.0,True,False,0.04200009473324173,0.04114203424599036,0.4879869979759367,0.41108919844078134,0.3022850425403124,-0.020299812617114332,-0.7372547156060231,-0.6643901090629852,0.04999999999999938,0.10999999999999943,0.41000000000000014,0.5699999999999994,0.77,0.0,0.0
2022-10-18,JPM,119.66000366210938,120.13999938964844,116.95999908447266,118.83999633789062,109.31715393066406,21539700,4.5,4.04,4.01,298.226,296.349,140.2,22125.625,30.5,3.5,1.0,0.0,False,False,0.02572080233251617,0.025395587233608904,0.4536448101458274,0.41944124624379026,0.3064125906442219,-0.02773350334714697,-0.7461122759333823,-0.6682836667218097,-0.03000000000000025,0.07999999999999963,0.3700000000000001,0.5199999999999996,0.6699999999999999,0.0,0.0
2022-10-19,JPM,117.98999786376952,118.83000183105467,115.66999816894533,116.51000213623048,107.1738739013672,17072000,4.6,4.07,4.14,298.226,296.349,140.2,22125.625,30.76,3.5,1.0,0.0,False,False,-0.019606072352160497,-0.019800821097014597,0.46349921491182844,0.41937010919565115,0.30887932831301973,0.008524590163934587,-0.7261768445858262,-0.662970869718713,0.0699999999999994,0.22999999999999954,0.3700000000000001,0.5699999999999998,0.7200000000000002,0.0,0.0
2022-10-20,JPM,117.16000366210938,118.70999908447266,115.6500015258789,116.12999725341795,106.82430267333984,12207400,4.66,4.09,4.24,298.226,296.349,140.2,22125.625,29.98,3.5,1.0,0.0,False,False,-0.003261720560265191,-0.0032670515660957293,0.44405006964807725,0.4054049560811255,0.30878694840891063,-0.025357607282184724,-0.7076852773173985,-0.6605141228462915,0.15000000000000036,0.27,0.2999999999999998,0.7300000000000004,0.7799999999999998,0.0,0.0
2022-10-21,JPM,116.45999908447266,122.38999938964844,116.33000183105467,122.2300033569336,112.43548583984376,20593300,4.58,4.09,4.21,298.226,296.349,140.2,22125.625,29.69,3.5,1.0,0.0,True,False,0.052527215493860746,0.0511941441915,0.46520251977921895,0.43624329185831956,0.3250639625672935,-0.009673115410273492,-0.706207054688941,-0.6377905442938905,0.1200000000000001,0.20999999999999996,0.2799999999999998,0.5099999999999998,0.7999999999999998,0.0,0.0
2022-10-24,JPM,122.06999969482422,123.0999984741211,121.33000183105467,122.37999725341795,112.57347869873048,12624200,4.61,4.16,4.25,298.226,296.349,140.2,22125.625,29.85,3.5,1.0,0.0,False,False,0.0012273070005965891,0.001226554475016742,0.45298582850526187,0.427966552970354,0.3232608374945371,0.005389019872010792,-0.7075030648457289,-0.6331686857031485,0.08999999999999986,0.23000000000000043,0.18999999999999995,0.56,0.9199999999999999,0.0,0.0
2022-10-25,JPM,121.8499984741211,123.2699966430664,120.88999938964844,122.6999969482422,112.86783599853516,11289100,4.6,4.14,4.1,298.226,296.349,140.2,22125.625,28.46,3.5,1.0,0.0,False,False,0.0026148014897224847,0.002611388843940207,0.3887807361597393,0.4162987104383273,0.3219156586005338,-0.04656616415410386,-0.658986955914636,-0.6254786956650927,-0.040000000000000036,0.08999999999999986,0.09999999999999964,0.21999999999999975,0.7499999999999996,0.0,0.0
2022-10-26,JPM,123.0,125.1999969482422,122.87999725341795,124.11000061035156,114.16486358642578,11667000,4.54,4.11,4.04,298.226,296.349,140.2,22125.625,27.28,3.5,1.0,0.0,False,False,0.011491560695001457,0.011426034234457169,0.3902925045274658,0.41246086039263435,0.3224104949298386,-0.04146170063246657,-0.645783090811242,-0.6343943487124801,-0.07000000000000028,-0.09999999999999964,0.040000000000000036,0.06999999999999984,0.7600000000000002,0.0,0.0
2022-10-27,JPM,125.1999969482422,126.1999969482422,124.20999908447266,124.5999984741211,114.6155776977539,10727600,4.5,4.13,3.96,298.226,296.349,140.2,22125.625,27.39,3.5,1.0,0.0,False,False,0.003947923180295465,0.003940150581941403,0.33833711251471243,0.4103150429107561,0.32237888571863504,0.004032258064516014,-0.6658073763596688,-0.6365877196520918,-0.16999999999999993,-0.28000000000000025,0.040000000000000036,0.23999999999999977,0.73,0.0,0.0
2022-10-28,JPM,125.29000091552734,126.27999877929688,124.0500030517578,126.08000183105467,115.9770050048828,11859500,4.55,4.18,4.02,298.226,296.349,140.2,22125.625,25.75,3.5,1.0,0.0,False,False,0.011878204817141302,0.0118082126513103,0.33781072589164496,0.4008279881535143,0.3222019335231588,-0.059875867104782765,-0.616123320620248,-0.6356574103036479,-0.16000000000000014,-0.1900000000000004,0.08999999999999986,0.2599999999999998,0.8199999999999998,0.0,0.0
2022-10-31,JPM,125.6999969482422,127.43000030517578,125.58999633789062,125.87999725341795,115.79302215576172,13295200,4.66,4.22,4.1,298.226,296.349,140.2,22125.625,25.88,3.5,1.0,0.0,False,False,-0.0015863735152785718,-0.001587633138074646,0.30290635394122545,0.39289745576422647,0.3203313427448526,0.005048543689320395,-0.6312974414031692,-0.6312702166336895,-0.1200000000000001,-0.15000000000000036,0.05999999999999961,0.2699999999999996,0.8899999999999997,0.0,0.0
2022-11-01,JPM,126.87000274658205,128.27999877929688,126.33000183105467,128.14999389648438,117.88111877441406,13386900,4.75,4.23,4.07,300.325,298.786,141.16,22125.625,25.81,3.6,1.0,0.0,False,False,0.018033009068918693,0.017872343014150194,0.29321307689727905,0.3867353748402772,0.321476165586915,-0.002704791344667723,-0.6079738094068992,-0.6334223623693361,-0.16000000000000014,-0.02999999999999936,0.09000000000000075,0.40000000000000036,0.7700000000000005,0.0,0.0
2022-11-02,JPM,127.6500015258789,130.36000061035156,126.63999938964844,126.97000122070312,116.7956771850586,16546100,4.76,4.22,4.1,300.325,298.786,141.16,22125.625,25.86,3.6,1.0,0.0,False,False,-0.009207934236123538,-0.009250589307881316,0.26948870999228897,0.36677855435816265,0.3211958385440014,0.0019372336303757898,-0.5873051521372697,-0.6405997843361281,-0.1200000000000001,0.05999999999999961,0.10999999999999943,0.47999999999999954,0.7699999999999996,0.0,0.0
2022-11-03,JPM,126.30999755859376,128.17999267578125,125.91000366210938,127.1999969482422,117.00727081298828,12474400,4.78,4.25,4.14,300.325,298.786,141.16,22125.625,25.3,3.6,1.0,0.0,False,False,0.0018116563303487432,0.0018100172603415555,0.2643870209258682,0.3610036316604819,0.3162139577138417,-0.021655065738592327,-0.6060651755921487,-0.6421307145279656,-0.11000000000000032,0.17999999999999972,0.1200000000000001,0.3799999999999999,0.79,0.0,0.0
2022-11-04,JPM,129.49000549316406,130.8300018310547,128.4600067138672,130.67999267578125,120.2083969116211,14953200,4.76,4.21,4.17,300.325,298.786,141.16,22125.625,24.55,3.6,1.0,0.0,False,False,0.027358351975828477,0.02699080092727765,0.1661797189402516,0.35313930033176594,0.31893596468012414,-0.029644268774703608,-0.579983880622979,-0.6469228319546131,-0.040000000000000036,0.15000000000000036,0.03000000000000025,0.33999999999999986,0.75,0.0,0.0
2022-11-07,JPM,131.0,132.2899932861328,130.47999572753906,131.3699951171875,120.84310150146484,12011200,4.8,4.29,4.22,300.325,298.786,141.16,22125.625,24.35,3.6,1.0,0.0,False,False,0.005280035389793936,0.00526614487641647,0.1636831938211469,0.3372818821508351,0.3187054555429497,-0.008146639511201648,-0.5367313355745746,-0.6503029654452807,-0.07000000000000028,0.1200000000000001,0.07000000000000028,0.3299999999999996,0.8399999999999999,0.0,0.0
2022-11-08,JPM,131.24000549316406,132.05999755859375,130.13999938964844,131.4499969482422,120.91668701171876,9884100,4.77,4.28,4.14,300.325,298.786,141.16,22125.625,25.54,3.6,1.0,0.0,False,False,0.0006089343068791386,0.0006087489816142161,0.16551547811403955,0.33168987748164913,0.3151001675437283,0.04887063655030799,-0.48899997405054696,-0.6370661311182889,-0.14000000000000057,0.0699999999999994,0.04999999999999982,0.22999999999999954,0.7200000000000002,0.0,0.0
2022-11-09,JPM,131.32000732421875,131.42999267578125,129.22000122070312,129.74000549316406,119.34371185302734,9494000,4.75,4.29,4.12,300.325,298.786,141.16,22125.625,26.09,3.6,1.0,0.0,False,False,-0.013008751708016741,-0.013094106566707724,0.19056713534477043,0.31120569063102477,0.31538383604864917,0.02153484729835564,-0.4337959158981424,-0.6441424018962737,-0.16999999999999993,0.020000000000000462,0.07000000000000028,0.18999999999999995,0.6200000000000001,0.0,0.0
2022-11-10,JPM,132.6300048828125,135.25,132.52999877929688,135.0800018310547,124.25582122802734,16351600,4.59,4.28,3.82,300.325,298.786,141.16,22125.625,23.53,3.6,1.0,0.0,True,False,0.041159348060577416,0.04033485002279376,0.262075706390483,0.32668977845002783,0.32354456221223865,-0.09812188577999226,-0.5204222036648976,-0.6629405274668562,-0.4600000000000004,-0.31999999999999984,0.03000000000000025,-0.0900000000000003,0.5800000000000001,0.0,0.0
2022-11-11,JPM,135.19000244140625,136.1699981689453,133.77999877929688,135.3000030517578,124.45818328857422,10704700,4.609999999999999,4.3100000000000005,3.8499999999999996,300.325,298.786,141.16,22125.625,22.52,3.6,1.0,0.0,False,False,0.0016285921942884585,0.0016272674761095716,0.26299766336025293,0.2914233073384594,0.3235387718771375,-0.04292392690182756,-0.4460220565726056,-0.6592636294714143,-0.46000000000000085,-0.3200000000000003,0.10000000000000053,-0.12000000000000055,0.5200000000000005,0.0,0.0
2022-11-14,JPM,134.8000030517578,135.72999572753906,133.91000366210938,133.91000366210938,123.1795883178711,11085600,4.63,4.34,3.88,300.325,298.786,141.16,22125.625,23.73,3.6,1.0,0.0,False,False,-0.01027328968589003,-0.0103264241501357,0.2744504212959881,0.29875964273595257,0.3240306670011006,0.05373001776198949,-0.5055386615040315,-0.6609588899121662,-0.45999999999999996,-0.33999999999999986,0.04999999999999982,-0.1200000000000001,0.5299999999999998,0.0,0.0
2022-11-15,JPM,134.67999267578125,135.7100067138672,131.60000610351562,132.94000244140625,122.28727722167967,14038300,4.6,4.31,3.8,300.325,298.786,141.16,22125.625,24.54,3.6,1.0,0.0,False,False,-0.0072439850496071045,-0.00727035011187815,0.27348880632358713,0.2792685386407322,0.3238936042127045,0.03413400758533491,-0.5524637079692951,-0.6626081524952154,-0.5099999999999998,-0.33999999999999986,0.02999999999999936,-0.21999999999999975,0.3399999999999994,0.0,0.0
2022-11-16,JPM,133.0,133.55999755859375,132.02999877929688,133.1199951171875,122.45288848876952,7893400,4.62,4.32,3.67,300.325,298.786,141.16,22125.625,24.11,3.6,1.0,0.0,False,False,0.0013542804358104288,0.0013533642251718264,0.2644946228110641,0.27112431330725734,0.32335296414832126,-0.017522412387938058,-0.5422925621323711,-0.6666538710584367,-0.6500000000000004,-0.4500000000000002,0.03000000000000025,-0.33999999999999986,0.28000000000000025,0.0,0.0
2022-11-17,JPM,132.0,132.88999938964844,131.27999877929688,132.5399932861328,121.9193344116211,8820200,4.68,4.32,3.77,300.325,298.786,141.16,22125.625,23.93,3.6,1.0,0.0,False,False,-0.004357219202692497,-0.004366739547166067,0.26819558572950875,0.2579999852084912,0.31904652250712656,-0.0074657818332641845,-0.5339623130501749,-0.6588722618276361,-0.5500000000000003,-0.04999999999999982,0.040000000000000036,-0.36999999999999966,0.25,0.0,0.0
2022-11-18,JPM,134.57000732421875,134.6699981689453,132.27999877929688,133.83999633789062,123.11516571044922,9468500,4.74,4.34,3.82,300.325,298.786,141.16,22125.625,23.12,3.6,1.0,0.0,False,False,0.009808381128384447,0.009760591198673355,0.23944733950335578,0.2559547556889212,0.3171693269983001,-0.0338487254492269,-0.5526817738304849,-0.6679511381579063,-0.52,-0.029999999999999805,0.02999999999999936,-0.4200000000000004,0.25,0.0,0.0
2022-11-21,JPM,133.74000549316406,134.55999755859375,132.75,133.0500030517578,122.38851165771484,7800500,4.75,4.41,3.83,300.325,298.786,141.16,22125.625,22.36,3.6,1.0,0.0,False,False,-0.005902230229242189,-0.005919717232243937,0.24225210655233273,0.20174817430183903,0.3166445636755341,-0.03287197231833916,-0.6872919253728608,-0.6597321602685962,-0.5800000000000001,-0.04999999999999982,0.07000000000000028,-0.3799999999999999,0.3200000000000003,0.0,0.0
2022-11-22,JPM,134.0,135.27000427246094,133.69000244140625,135.0399932861328,124.21900939941406,9185700,4.79,4.4,3.76,300.325,298.786,141.16,22125.625,21.29,3.6,1.0,0.0,False,False,0.014956450706897995,0.014845705865784797,0.2515275388994735,0.20484831314031443,0.3176240152754933,-0.047853309481216466,-0.6979079008879399,-0.6688879320928273,-0.6400000000000006,-0.040000000000000036,0.09000000000000075,-0.4900000000000002,0.2400000000000002,0.0,0.0
2022-11-23,JPM,134.94000244140625,136.5,134.86000061035156,136.47999572753906,125.54361724853516,7316200,4.75,4.4,3.71,300.325,298.786,141.16,22125.625,20.35,3.6,1.0,0.0,False,False,0.010663487460779386,0.010607033454804817,0.23762676650912032,0.20569796956194558,0.31521830769047915,-0.04415218412400179,-0.7217236205649281,-0.6642268169769375,-0.6900000000000004,0.040000000000000036,0.08000000000000007,-0.3899999999999997,0.2600000000000007,0.0,0.0
2022-11-25,JPM,136.47999572753906,137.13999938964844,136.05999755859375,136.74000549316406,125.7828140258789,3220500,4.76,4.41,3.68,300.325,298.786,141.16,22125.625,20.5,3.6,1.0,0.0,False,False,0.0019052882383516767,0.0019034754789036983,0.13333766645406678,0.20463177762064447,0.3067848946572072,0.0073710073710073765,-0.7172286252462865,-0.6472577085415077,-0.73,-0.08999999999999986,0.08999999999999986,-0.3599999999999999,0.2999999999999998,0.0,0.0
2022-11-28,JPM,136.07000732421875,136.7100067138672,134.19000244140625,134.35000610351562,123.58432006835938,9906900,4.76,4.41,3.69,300.325,298.786,141.16,22125.625,22.21,3.6,1.0,0.0,False,False,-0.017478492388214528,-0.017633044779300316,0.16336884247910705,0.21869116969442132,0.3093605889132582,0.08341463414634154,-0.7585241944704982,-0.654139509007321,-0.7200000000000002,-0.1299999999999999,0.07000000000000028,-0.27,0.28000000000000025,0.0,0.0
2022-11-29,JPM,134.66000366210938,136.63999938964844,134.41000366210938,136.55999755859375,125.6172103881836,7925300,4.78,4.38,3.75,300.325,298.786,141.16,22125.625,21.89,3.6,1.0,0.0,False,False,0.01644941946275824,0.016315593342816397,0.17384180181748993,0.22136704820030498,0.3105084490938225,-0.014407924358397106,-0.7493963431604391,-0.6544014865049642,-0.6299999999999999,-0.08000000000000007,-0.03000000000000025,-0.2699999999999996,0.20000000000000018,0.0,0.0
2022-11-30,JPM,136.08999633789062,138.17999267578125,133.19000244140625,138.17999267578125,127.1073760986328,14761200,4.74,4.37,3.68,300.325,298.786,141.16,22125.625,20.58,3.6,1.0,0.0,False,False,0.011862751177520003,0.011792940301777792,0.171829883945201,0.22211354876759043,0.31046763008338274,-0.059844677935130264,-0.7470783444725111,-0.6569602684115794,-0.69,-0.07999999999999963,-0.03000000000000025,-0.4199999999999995,0.15000000000000036,0.0,0.0
2022-12-01,JPM,138.17999267578125,138.66000366210938,135.42999267578125,136.24000549316406,125.32286071777344,8858500,4.66,4.33,3.53,301.394,298.832,140.694,22125.625,19.84,3.5,1.0,0.0,False,False,-0.014039432137082364,-0.014138917204642509,0.19430283929184855,0.22537737321891552,0.3123067842168804,-0.03595724003887257,-0.7033261885048,-0.6396533763215311,-0.8000000000000003,-0.18000000000000016,-0.07000000000000028,-0.5400000000000005,0.09999999999999964,0.0,0.0
2022-12-02,JPM,134.49000549316406,135.35000610351562,133.33999633789062,135.16000366210938,124.3293914794922,8931900,4.69,4.34,3.51,301.394,298.832,140.694,22125.625,19.06,3.5,1.0,0.0,False,False,-0.007927278651247205,-0.007958866572907805,0.1985527426878802,0.2245416960398439,0.31243478999058344,-0.03931451612903236,-0.6622826180576,-0.6291534307740035,-0.8300000000000001,-0.17000000000000037,-0.07000000000000028,-0.5899999999999999,0.1200000000000001,0.0,0.0
2022-12-05,JPM,134.24000549316406,134.57000732421875,130.60000610351562,131.3699951171875,120.84310150146484,10154500,4.77,4.36,3.6,301.394,298.832,140.694,22125.625,20.75,3.5,1.0,0.0,False,False,-0.028040754776817334,-0.02844140418346784,0.24393973164878255,0.2495797960842824,0.3186266602687649,0.08866736621196236,-0.7303712995155875,-0.6520206490927294,-0.7600000000000002,-0.08999999999999986,-0.04999999999999982,-0.5399999999999996,0.11000000000000032,0.0,0.0
2022-12-06,JPM,133.38999938964844,135.11000061035156,129.8699951171875,131.58999633789062,121.04547882080078,13966700,4.73,4.37,3.51,301.394,298.832,140.694,22125.625,22.17,3.5,1.0,0.0,False,False,0.0016747113970214667,0.0016733106315903,0.2433811852840327,0.23182239948918565,0.3168836510277052,0.06843373493975902,-0.7025145659029156,-0.637521683093841,-0.8600000000000003,-0.2400000000000002,-0.009999999999999787,-0.6600000000000001,0.16000000000000014,0.0,0.0
2022-12-07,JPM,131.30999755859375,133.0800018310547,130.3300018310547,131.5,120.96267700195312,11739400,4.67,4.29,3.42,301.394,298.832,140.694,22125.625,22.68,3.5,1.0,0.0,False,False,-0.0006840554447328229,-0.0006842895174104374,0.226807246461646,0.23114152560389245,0.3140718716315648,0.023004059539918797,-0.7000253981599973,-0.6317737399402832,-0.8700000000000001,-0.26000000000000023,-0.08000000000000007,-0.7999999999999998,0.0,0.0,0.0
2022-12-08,JPM,132.3300018310547,132.97999572753906,131.42999267578125,132.8800048828125,122.23210906982422,8907300,4.71,4.28,3.48,301.394,298.832,140.694,22125.625,22.29,3.5,1.0,0.0,False,False,0.010494411163292972,0.010439727082555618,0.22653468847974612,0.23393444944452543,0.3144947296026188,-0.01719576719576721,-0.7198242892602686,-0.6341206286693135,-0.8000000000000003,-0.04999999999999982,-0.04999999999999982,-0.6599999999999997,0.0,0.0,0.0
2022-12-09,JPM,132.1999969482422,133.75999450683594,132.0,132.16000366210938,121.56979370117188,7957800,4.72,4.31,3.57,301.394,298.832,140.694,22125.625,22.83,3.5,1.0,0.0,False,False,-0.005418505609471214,-0.005433238956909897,0.22537542448507125,0.22978741650539242,0.3141764925429009,0.024226110363391617,-0.7186180107745224,-0.6500660936490008,-0.7399999999999998,0.06000000000000005,-0.03000000000000025,-0.5500000000000003,0.019999999999999574,0.0,0.0
2022-12-12,JPM,132.39999389648438,134.64999389648438,131.60000610351562,134.2100067138672,123.45552825927734,8841600,4.75,4.38,3.61,301.394,298.832,140.694,22125.625,25.0,3.5,1.0,0.0,False,False,0.015511538686499238,0.015392464540464003,0.2279669662884596,0.18833077888530572,0.30620369681208737,0.09505037231712676,-0.42380111742242,-0.5731038270327141,-0.77,0.009999999999999787,0.019999999999999574,-0.20999999999999996,0.09999999999999964,0.0,0.0
2022-12-13,JPM,136.88999938964844,137.08999633789062,133.0800018310547,134.0800018310547,123.33595275878906,10025400,4.64,4.35,3.51,301.394,298.832,140.694,22125.625,22.55,3.5,1.0,0.0,False,False,-0.0009685714538206769,-0.0009690408222536407,0.20881623797569587,0.1882093876101509,0.3061307772342743,-0.09799999999999998,-0.380674927627351,-0.5521865815829166,-0.8399999999999999,0.0,-0.020000000000000462,-0.33999999999999986,0.03999999999999915,0.0,0.0
2022-12-14,JPM,133.77999877929688,135.7100067138672,132.75999450683594,133.41000366210938,122.71963500976562,9966100,4.64,4.33,3.49,301.394,298.832,140.694,22125.625,21.14,3.5,1.0,0.0,False,False,-0.00499706480744333,-0.005009591885627343,0.19467369955998923,0.1855699635824184,0.3054118427079959,-0.06252771618625275,-0.31639119468354754,-0.5386960573887695,-0.8399999999999999,0.07000000000000028,0.040000000000000036,-0.3899999999999997,-0.009999999999999787,0.0,0.0
2022-12-15,JPM,131.14999389648438,132.0800018310547,129.0500030517578,130.10000610351562,119.67487335205078,12087800,4.65,4.34,3.44,301.394,298.832,140.694,22125.625,22.83,3.5,1.0,0.0,False,False,-0.02481071311426697,-0.025123686431474133,0.2178878668716016,0.2035974554287254,0.30976024634590216,0.0799432355723746,-0.3987976357865537,-0.5562932323443357,-0.8999999999999999,-0.040000000000000036,0.05999999999999961,-0.3599999999999999,0.03000000000000025,0.0,0.0
2022-12-16,JPM,129.14999389648438,129.89999389648438,128.42999267578125,129.2899932861328,118.92976379394533,21133700,4.61,4.31,3.48,301.394,298.832,140.694,22125.625,22.62,3.5,1.0,0.0,False,False,-0.006226115284146072,-0.006245578368237167,0.21731987857651325,0.20417829915954838,0.3098056657485582,-0.009198423127463773,-0.39283897284997693,-0.5531395008532906,-0.8299999999999996,-0.08999999999999986,0.0,-0.18999999999999995,-0.010000000000000675,0.0,0.0
2022-12-19,JPM,129.64999389648438,131.3300018310547,129.08999633789062,130.05999755859375,119.63806915283205,9017200,4.64,4.37,3.57,301.394,298.832,140.694,22125.625,22.42,3.5,1.0,0.0,False,False,0.005955661024551473,0.0059379961779580485,0.17551220943064752,0.20540221884546686,0.30681842645489377,-0.008841732979663952,-0.39536094858921966,-0.5437108896896792,-0.8000000000000003,-0.040000000000000036,-0.009999999999999787,-0.20000000000000018,0.04999999999999982,0.0,0.0
2022-12-20,JPM,130.97000122070312,132.0500030517578,130.1999969482422,130.69000244140625,120.21759033203124,8549900,4.64,4.35,3.69,301.394,298.832,140.694,22125.625,21.48,3.5,1.0,0.0,False,False,0.004843952959980413,0.004832258768711412,0.177564931120388,0.2028734078174215,0.3002148481264904,-0.041926851025869794,-0.390678333583638,-0.5371205915215754,-0.6599999999999997,0.18000000000000016,0.0,-0.1299999999999999,0.009999999999999787,0.0,0.0
2022-12-21,JPM,132.17999267578125,132.97999572753906,131.77000427246094,132.16000366210938,121.56979370117188,8051700,4.6,4.33,3.68,301.394,298.832,140.694,22125.625,20.07,3.5,1.0,0.0,False,False,0.011247966004026333,0.011185178020458854,0.18729902051563768,0.20641161831827928,0.29934630892882097,-0.06564245810055869,-0.43568725959362686,-0.5461547424335601,-0.6499999999999999,0.18999999999999995,0.0,-0.1499999999999999,-0.08000000000000007,0.0,0.0
2022-12-22,JPM,131.10000610351562,131.3000030517578,128.41000366210938,130.66000366210938,120.18999481201172,8648200,4.64,4.35,3.67,301.394,298.832,140.694,22125.625,21.97,3.5,1.0,0.0,False,False,-0.011349849721319805,-0.011414750811385266,0.18695708949496945,0.20210204690418546,0.29753440704414075,0.09466865969108107,-0.43987384211942004,-0.5363638184583404,-0.6799999999999997,0.22999999999999998,0.009999999999999787,-0.08999999999999986,-0.05000000000000071,0.0,0.0
2022-12-23,JPM,130.5800018310547,131.44000244140625,129.63999938964844,131.27999877929688,120.76032257080078,5091900,4.66,4.34,3.75,301.394,298.832,140.694,22125.625,20.87,3.5,1.0,0.0,False,False,0.004745218266138718,0.004733995207845486,0.18821188366542102,0.19863766849935632,0.2932590356644013,-0.05006827492034582,-0.42988622829505013,-0.5162489766752484,-0.5899999999999999,0.27,0.03000000000000025,0.040000000000000036,-0.0600000000000005,0.0,0.0
2022-12-27,JPM,131.57000732421875,132.22000122070312,130.5500030517578,131.74000549316406,121.18346405029295,5411000,4.75,4.46,3.84,301.394,298.832,140.694,22125.625,21.65,3.5,1.0,0.0,False,False,0.003503977717880691,0.003497853090824972,0.16819975188474082,0.19909351441630277,0.2921988034438995,0.03737422137038804,-0.41502950223855456,-0.5113766642863113,-0.6200000000000001,0.27,0.08999999999999986,0.1599999999999997,0.04999999999999982,0.0,0.0
2022-12-28,JPM,131.85000610351562,133.41000366210938,131.00999450683594,132.4600067138672,121.84577941894533,8827700,4.71,4.46,3.88,301.394,298.832,140.694,22125.625,22.14,3.5,1.0,0.0,False,False,0.005465393928477669,0.005450512859062219,0.17218906828719974,0.19185165766348364,0.2903218895839421,0.02263279445727484,-0.34711207219317436,-0.49977278745485054,-0.5800000000000001,0.18999999999999995,0.11000000000000032,0.18999999999999995,0.04999999999999982,0.0,0.0
2022-12-29,JPM,132.92999267578125,133.27000427246094,132.30999755859375,133.22000122070312,122.54484558105467,6585200,4.71,4.45,3.83,301.394,298.832,140.694,22125.625,21.44,3.5,1.0,0.0,False,False,0.005737303051800646,0.0057209074099326155,0.17398518097230753,0.18335176544550016,0.28735264315161874,-0.031616982836494945,-0.357569470533678,-0.4874218226804658,-0.6200000000000001,0.1499999999999999,0.1200000000000001,0.08000000000000007,0.07000000000000028,0.0,0.0
2022-12-30,JPM,132.80999755859375,134.3300018310547,132.44000244140625,134.10000610351562,123.3543472290039,9292500,4.73,4.42,3.88,301.394,298.832,140.694,22125.625,21.67,3.5,1.0,0.0,False,False,0.00660575843978517,0.006584036027035072,0.10606159072787906,0.17955692179432367,0.2846500221903584,0.010727611940298587,-0.30748192654424406,-0.49140272330743556,-0.54,0.20999999999999996,0.07000000000000028,0.19999999999999973,0.04999999999999982,0.0,0.0
2023-01-03,JPM,135.24000549316406,136.74000549316406,133.88999938964844,135.1199951171875,124.2926025390625,11054800,4.72,4.53,3.79,301.394,298.832,140.694,22125.625,22.9,3.5,1.0,0.0,False,False,0.007606179523748313,0.0075773983911167535,0.09426241581369169,0.17590726155506908,0.2796800022200563,0.056760498384863745,-0.32222950238921694,-0.4688904870828573,-0.7400000000000002,0.040000000000000036,0.1900000000000004,0.26000000000000023,0.20000000000000018,0.0,0.0
2023-01-04,JPM,135.99000549316406,137.67999267578125,135.57000732421875,136.3800048828125,125.45165252685548,11687600,4.71,4.55,3.69,301.394,298.832,140.694,22125.625,22.01,3.5,1.0,0.0,False,False,0.009325172730442421,0.009281961732838124,0.09722770686674502,0.17670094086841895,0.26663741950436287,-0.038864628820960534,-0.3850368457878292,-0.4681636399163971,-0.8599999999999999,-0.1499999999999999,0.08999999999999986,0.18000000000000016,0.20999999999999996,0.0,0.0
2023-01-05,JPM,135.66000366210938,135.7100067138672,133.6999969482422,135.35000610351562,125.42383575439452,8381300,4.78,4.66,3.71,301.394,298.832,140.694,22125.625,22.46,3.5,1.0,0.0,False,False,-0.00022173300949557273,-0.00022175759589380058,0.1003603400331078,0.1423004728493844,0.26484987842523827,0.020445252158109994,-0.26020540492379607,-0.4773512923097954,-0.9500000000000002,-0.16999999999999993,0.20000000000000018,0.10999999999999988,0.2999999999999998,0.0,0.0
2023-01-06,JPM,136.1300048828125,138.3800048828125,134.49000549316406,137.94000244140625,127.82391357421876,10029100,4.71,4.67,3.55,301.394,298.832,140.694,22125.625,21.13,3.5,1.0,0.0,False,False,0.019135739274662944,0.018954953685794432,0.12089503173439242,0.15424149640344192,0.2621134602565518,-0.05921638468388257,-0.33537141697784495,-0.46687304189419404,-1.12,-0.28000000000000025,0.21999999999999975,0.040000000000000036,0.2999999999999998,0.0,0.0
2023-01-09,JPM,138.60000610351562,138.8800048828125,136.8800048828125,137.3699951171875,127.29569244384766,8482300,4.69,4.7,3.53,301.394,298.832,140.694,22125.625,21.97,3.5,1.0,0.0,False,False,-0.004132412438337729,-0.004140974450602823,0.09620766963620057,0.1556259786096827,0.25803721087039966,0.03975390440132509,-0.347321982478553,-0.46342025277209514,-1.1700000000000004,-0.3500000000000001,0.28000000000000025,0.10999999999999988,0.41000000000000014,0.0,0.0
2023-01-10,JPM,137.7899932861328,138.72000122070312,137.30999755859375,138.60000610351562,128.43551635742188,9048700,4.74,4.73,3.61,301.394,298.832,140.694,22125.625,20.58,3.5,1.0,0.0,False,False,0.008954143629620548,0.008914292994429139,0.09726186415914334,0.15472384534841227,0.25670331869148105,-0.06326809285389168,-0.3644121652974197,-0.45618750151994336,-1.1200000000000006,-0.18000000000000016,0.20000000000000018,0.1299999999999999,0.4500000000000002,0.0,0.0
2023-01-11,JPM,138.89999389648438,139.75,138.10000610351562,139.6300048828125,129.3899688720703,8703700,4.73,4.72,3.54,301.394,298.832,140.694,22125.625,21.09,3.5,1.0,0.0,False,False,0.0074313752279571155,0.00740389860118233,0.09623729871535847,0.15295992046714862,0.24738092300628808,0.02478134110787189,-0.33719891090979154,-0.44010953788863066,-1.1799999999999997,-0.1499999999999999,0.16999999999999993,-0.029999999999999805,0.41000000000000014,0.0,0.0
2023-01-12,JPM,140.0,140.86000061035156,139.22000122070312,139.49000549316406,129.2602081298828,11001700,4.66,4.66,3.43,301.394,298.832,140.694,22125.625,18.83,3.5,1.0,0.0,False,False,-0.0010028655491508554,-0.0010033687552658747,0.1034869483254932,0.14659270522315165,0.24666446700857597,-0.10715979137031773,-0.4446408789257166,-0.41315104650491685,-1.23,-0.2799999999999998,0.0,-0.17999999999999972,0.28000000000000025,0.0,0.0
2023-01-13,JPM,135.60000610351562,143.49000549316406,134.8000030517578,143.00999450683594,132.52207946777344,20200000,4.69,4.67,3.49,301.394,298.832,140.694,22125.625,18.35,3.5,1.0,0.0,False,False,0.02523492252629711,0.024921779038317635,0.14071204342941482,0.1657518494628416,0.22926597199604473,-0.02549123738714798,-0.4782991613988174,-0.40775944408190173,-1.1799999999999997,-0.05999999999999961,0.0,-0.019999999999999574,0.3200000000000003,0.0,0.0
2023-01-17,JPM,141.1699981689453,141.5399932861328,139.22999572753906,140.8000030517578,130.47415161132812,14292900,4.67,4.71,3.53,301.394,298.832,140.694,22125.625,19.36,3.5,1.0,0.0,False,False,-0.015453484164073439,-0.01557413383635772,0.18361727851571577,0.17623107000912236,0.2313347599536623,0.05504087193460472,-0.5836037562903021,-0.4297532979489238,-1.1800000000000002,0.0,0.009999999999999787,0.03999999999999959,0.3799999999999999,0.0,0.0
2023-01-18,JPM,138.9199981689453,140.72999572753906,136.41000366210938,136.57000732421875,126.55437469482422,13392600,4.63,4.69,3.37,301.394,298.832,140.694,22125.625,20.34,3.5,1.0,0.0,False,False,-0.030042555311496466,-0.03050307990223998,0.2570328888003178,0.18763251810822146,0.22877321560839037,0.05061983471074383,-0.5263636407568772,-0.46265723154595323,-1.3200000000000003,-0.23999999999999977,-0.040000000000000036,-0.06999999999999984,0.35000000000000053,0.0,0.0
2023-01-19,JPM,135.32000732421875,135.89999389648438,133.58999633789062,134.75,124.86783599853516,13303400,4.65,4.71,3.39,301.394,298.832,140.694,22125.625,20.52,3.5,1.0,0.0,False,False,-0.0133265934137482,-0.013416189355892331,0.26371020248010196,0.19347478814097696,0.2262977642327466,0.008849557522123908,-0.5297245433113789,-0.4614965074060154,-1.3199999999999998,-0.1499999999999999,-0.009999999999999787,-0.08999999999999986,0.40000000000000036,0.0,0.0
2023-01-20,JPM,135.16000366210938,135.49000549316406,133.5500030517578,135.0800018310547,125.17364501953124,13092500,4.68,4.72,3.48,301.394,298.832,140.694,22125.625,19.85,3.5,1.0,0.0,False,False,0.0024490615902053037,0.002446067526303889,0.2641192617315127,0.1930296781864259,0.22187313682399115,-0.032651072124756264,-0.5258466934411057,-0.4623311256625739,-1.2399999999999998,0.04999999999999982,0.05999999999999961,-0.08999999999999986,0.34999999999999964,0.0,0.0
2023-01-23,JPM,135.1199951171875,137.9600067138672,134.82000732421875,137.27000427246094,127.20301818847656,10487100,4.7,4.73,3.52,301.394,298.832,140.694,22125.625,19.81,3.5,1.0,0.0,False,False,0.01621246364303497,0.01608244505311207,0.25862268737083655,0.19884315067560543,0.2232124659067121,-0.002015113350126052,-0.5086935407225651,-0.4618560606199259,-1.2100000000000004,0.029999999999999805,0.0600000000000005,-0.16999999999999993,0.3800000000000008,0.0,0.0
2023-01-24,JPM,136.4199981689453,140.2899932861328,135.0,138.4499969482422,128.29647827148438,6945000,4.7,4.72,3.46,301.394,298.832,140.694,22125.625,19.2,3.5,1.0,0.0,False,False,0.008596180331095882,0.008559443553471345,0.26144143782126705,0.1976339819198158,0.2007794321942339,-0.030792529025744586,-0.4980063300143304,-0.5133864880041906,-1.2599999999999998,-0.06999999999999984,0.009999999999999787,-0.2200000000000002,0.3899999999999997,0.0,0.0
2023-01-25,JPM,138.0500030517578,139.1199951171875,137.25,139.1199951171875,128.91737365722656,8967000,4.67,4.72,3.46,301.394,298.832,140.694,22125.625,19.08,3.5,1.0,0.0,False,False,0.004839535691917751,0.004827862784878523,0.2586729568069028,0.19105796035097444,0.20084532321764795,-0.006250000000000089,-0.4429441174568987,-0.5131950936452119,-1.2599999999999998,0.08999999999999986,0.02999999999999936,-0.20999999999999996,0.3700000000000001,0.0,0.0
2023-01-26,JPM,139.4199981689453,140.05999755859375,138.36000061035156,139.97999572753906,129.71426391601562,7487600,4.68,4.71,3.49,301.394,298.832,140.694,22125.625,18.73,3.5,1.0,0.0,False,False,0.006181403143597164,0.0061623766379304695,0.2578018983834961,0.1912534360568452,0.20100384939973281,-0.018343815513626738,-0.45114434035817347,-0.5164445684930605,-1.2199999999999998,0.10000000000000009,0.0,-0.2599999999999998,0.3700000000000001,0.0,0.0
2023-01-27,JPM,140.61000061035156,141.25999450683594,139.75,140.32000732421875,130.0293731689453,7489900,4.68,4.73,3.52,301.394,298.832,140.694,22125.625,18.51,3.5,1.0,0.0,False,False,0.002429256763417431,0.0024263108890983155,0.2579097765003363,0.19128297181520398,0.20013035638247806,-0.011745862253069839,-0.4617230958345589,-0.5120588372502041,-1.2100000000000004,0.040000000000000036,0.010000000000000675,-0.31999999999999984,0.27000000000000046,0.0,0.0
2023-01-30,JPM,139.22999572753906,140.08999633789062,138.91000366210938,139.1300048828125,128.9266357421875,6729300,4.71,4.72,3.55,301.394,298.832,140.694,22125.625,19.94,3.5,1.0,0.0,False,False,-0.008480679402530389,-0.008516844981712254,0.22167090507496295,0.19542938064612253,0.20120392034910112,0.07725553754727166,-0.5088326621112015,-0.520594502601113,-1.17,0.029999999999999805,-0.010000000000000675,-0.33000000000000007,0.2599999999999998,0.0,0.0
2023-01-31,JPM,139.8800048828125,140.07000732421875,138.25,139.9600067138672,129.69578552246094,9188700,4.68,4.7,3.52,301.394,298.832,140.694,22125.625,19.4,3.5,1.0,0.0,False,False,0.005965794235192057,0.005948069345192463,0.21296772423711852,0.19547535173048447,0.20036676259332167,-0.027081243731193694,-0.5093966181402066,-0.5151729315134674,-1.1800000000000002,0.06000000000000005,-0.019999999999999574,-0.31000000000000005,0.25,0.0,0.0
2023-02-01,JPM,138.2100067138672,140.8800048828125,138.1199951171875,139.58999633789062,129.3529052734375,8841800,4.66,4.66,3.39,304.123,301.45,141.135,22125.625,17.87,3.6,1.0,0.0,False,False,-0.002643726992686668,-0.0026472278103913728,0.13512935509972884,0.1957800656916068,0.20045022080715078,-0.07886597938144313,-0.4540184408625977,-0.49592713903104607,-1.27,-0.06999999999999984,-0.05999999999999961,-0.48999999999999977,0.2400000000000002,0.0,0.0
2023-02-02,JPM,140.0,140.4600067138672,138.0,138.94000244140625,128.7505645751953,11822100,4.64,4.66,3.4,304.123,301.45,141.135,22125.625,18.73,3.6,1.0,0.0,False,False,-0.0046565687641023645,-0.004667444355523181,0.1120008243262649,0.19618516894371663,0.19814096325895256,0.04812534974818128,-0.5207733039992112,-0.506468656681543,-1.2600000000000002,-0.0900000000000003,-0.04999999999999982,-0.3900000000000001,0.1299999999999999,0.0,0.0
2023-02-03,JPM,138.17999267578125,142.3300018310547,138.1300048828125,141.08999633789062,130.742919921875,11501200,4.79,4.7,3.53,304.123,301.45,141.135,22125.625,18.33,3.6,1.0,0.0,False,False,0.015474536777786874,0.015356027157496718,0.12766685090160246,0.20023800830124616,0.1988752545842707,-0.02135611318740005,-0.510426581042499,-0.5086509609043064,-1.1700000000000004,0.009999999999999787,-0.03000000000000025,-0.16000000000000014,0.15000000000000036,0.0,0.0
2023-02-06,JPM,140.22999572753906,142.24000549316406,140.02999877929688,141.9199981689453,131.5120086669922,8406200,4.85,4.71,3.63,304.123,301.45,141.135,22125.625,19.43,3.6,1.0,0.0,False,False,0.005882450426965891,0.0058652163680904664,0.11053678042205597,0.20050959435605828,0.1990421714286259,0.06001091107474088,-0.4649447859786753,-0.4957887615985946,-1.08,0.08000000000000007,-0.009999999999999787,-0.08000000000000007,0.04999999999999982,0.0,0.0
2023-02-07,JPM,141.3800048828125,144.33999633789062,141.17999267578125,143.64999389648438,133.11512756347656,10447900,4.88,4.71,3.67,304.123,301.45,141.135,22125.625,18.66,3.6,1.0,0.0,False,False,0.012189905034023951,0.012116206456291065,0.11652679187475005,0.19464756257638954,0.19355483124343137,-0.03962943901183735,-0.43984644696628794,-0.5013192147550967,-1.04,0.1499999999999999,0.009999999999999787,0.1200000000000001,0.040000000000000036,0.0,0.0
2023-02-08,JPM,142.64999389648438,144.0399932861328,142.27999877929688,142.63999938964844,132.17921447753906,6958000,4.87,4.72,3.63,304.123,301.45,141.135,22125.625,19.63,3.6,1.0,0.0,False,False,-0.007030854442078405,-0.007055687365405657,0.12797664959786903,0.19605010953115923,0.19417892028559672,0.051982851018220755,-0.4507281639904762,-0.5067242054931207,-1.0899999999999999,0.23999999999999977,0.05999999999999961,0.10000000000000009,0.019999999999999574,0.0,0.0
2023-02-09,JPM,143.1199951171875,143.33999633789062,139.8699951171875,140.4199981689453,130.12200927734375,6443100,4.88,4.77,3.67,304.123,301.45,141.135,22125.625,20.71,3.6,1.0,0.0,False,False,-0.015563757193797545,-0.015686143989169263,0.1546766621761554,0.20318195544857512,0.19716855568946345,0.055017829852267,-0.4760543357568353,-0.5216622797528203,-1.0999999999999996,0.27,0.10999999999999943,0.06000000000000005,0.03999999999999915,0.0,0.0
2023-02-10,JPM,139.77999877929688,141.27999877929688,138.58999633789062,141.0399932861328,130.69656372070312,6582900,4.89,4.79,3.74,304.123,301.45,141.135,22125.625,20.53,3.6,1.0,0.0,False,False,0.004415505467140202,0.004405785724090867,0.15574909066140646,0.20218388439312898,0.19512052317671807,-0.00869145340415256,-0.49711245691681477,-0.5196788713654461,-1.0499999999999998,0.2100000000000004,0.08999999999999986,0.20000000000000018,0.07000000000000028,0.0,0.0
2023-02-13,JPM,141.3000030517578,142.72999572753906,140.74000549316406,142.57000732421875,132.1143798828125,7134600,4.91,4.81,3.72,304.123,301.45,141.135,22125.625,20.34,3.6,1.0,0.0,False,False,0.010848151793334315,0.010789732707663658,0.15456211074154108,0.20519959480225555,0.17950695729373886,-0.009254749147588948,-0.5953737746400516,-0.4749419611184506,-1.0899999999999994,0.0900000000000003,0.09999999999999964,0.29000000000000004,0.14999999999999947,0.0,0.0
2023-02-14,JPM,142.5,143.80999755859375,141.60000610351562,143.1999969482422,132.6981658935547,9249400,4.99,4.8,3.77,304.123,301.45,141.135,22125.625,18.91,3.6,1.0,0.0,False,False,0.004418792346904343,0.004409058149066607,0.1537758221372581,0.1865775057455431,0.1796343139549255,-0.07030481809242872,-0.5759872675711555,-0.47589946603714306,-1.0299999999999998,0.10000000000000009,0.08999999999999986,0.2799999999999998,0.1299999999999999,0.0,0.0
2023-02-15,JPM,141.61000061035156,143.88999938964844,141.3000030517578,143.8000030517578,133.254150390625,6728300,4.96,4.79,3.81,304.123,301.45,141.135,22125.625,18.23,3.6,1.0,0.0,False,False,0.0041898431174722806,0.004181090165278007,0.1514417530213347,0.1780719436149447,0.17824852686597073,-0.035959809624537264,-0.5399183552982066,-0.46706334151525347,-0.98,0.18000000000000016,0.07000000000000028,0.28000000000000025,0.08000000000000007,0.0,0.0
2023-02-16,JPM,142.91000366210938,143.38999938964844,141.67999267578125,141.82000732421875,131.4193572998047,8165300,4.99,4.84,3.86,304.123,301.45,141.135,22125.625,20.17,3.6,1.0,0.0,False,False,-0.013769125280088779,-0.013864798929053426,0.17029591562538685,0.14771996605057544,0.18000865365985297,0.1064179923203512,-0.5852608484708743,-0.4842059759106269,-0.98,0.18999999999999995,0.07000000000000028,0.48999999999999977,0.14999999999999947,0.0,0.0
2023-02-17,JPM,140.97999572753906,142.8300018310547,140.07000732421875,142.24000549316406,131.80857849121094,7948800,5.0,4.84,3.82,304.123,301.45,141.135,22125.625,20.02,3.6,1.0,0.0,False,False,0.002961673222296568,0.002957296108416416,0.15374343193131063,0.13697242828346992,0.1800448450755691,-0.007436787307883108,-0.6157765049784973,-0.4846520421796526,-1.02,0.07999999999999963,0.04999999999999982,0.4299999999999997,0.1299999999999999,0.0,0.0
2023-02-21,JPM,140.69000244140625,141.33999633789062,138.75,139.6300048828125,129.3899688720703,9996300,5.07,4.86,3.95,304.123,301.45,141.135,22125.625,22.87,3.6,1.0,0.0,False,False,-0.018349409779135906,-0.018519848383687122,0.17810378640046956,0.15525753179257412,0.1839952162694502,0.14235764235764248,-0.7169539193899487,-0.5195769971804348,-0.9100000000000001,0.22999999999999998,0.05000000000000071,0.4700000000000002,0.14000000000000057,0.0,0.0
2023-02-22,JPM,138.9199981689453,139.42999267578125,137.44000244140625,138.55999755859375,128.39840698242188,11107500,5.07,4.84,3.93,304.123,301.45,141.135,22125.625,22.29,3.6,1.0,0.0,False,False,-0.007663359828371297,-0.007692874253430167,0.16237078892093937,0.14898881533765412,0.18390713863304975,-0.025360734586794997,-0.7014069488513524,-0.5068393727991495,-0.9099999999999997,0.16000000000000014,0.040000000000000036,0.41000000000000014,0.10999999999999943,0.0,0.0
2023-02-23,JPM,138.72999572753906,140.1699981689453,137.94000244140625,139.6699981689453,129.4270477294922,8068000,5.03,4.84,3.88,304.123,301.45,141.135,22125.625,21.14,3.6,1.0,0.0,False,False,0.008011320165453029,0.007979399908987338,0.17075624278590326,0.14860383865132246,0.18398471131658067,-0.05159264244055628,-0.7052345652330864,-0.5198307832684632,-0.96,0.06999999999999984,0.04999999999999982,0.41999999999999993,0.1200000000000001,0.0,0.0
2023-02-24,JPM,139.11000061035156,141.36000061035156,138.92999267578125,140.92999267578125,130.5946044921875,9126900,5.05,4.86,3.95,304.123,301.45,141.135,22125.625,21.67,3.6,1.0,0.0,False,False,0.009020964189305758,0.008980518350183752,0.16040325461340418,0.15083612337135352,0.18254444802211367,0.025070955534531647,-0.6748932256244813,-0.5037550242043412,-0.9100000000000001,0.0900000000000003,0.020000000000000462,0.4900000000000002,0.14000000000000057,0.0,0.0
2023-02-27,JPM,142.11000061035156,143.30999755859375,141.72000122070312,142.16000366210938,131.73443603515625,10014700,5.03,4.89,3.92,304.123,301.45,141.135,22125.625,20.95,3.6,1.0,0.0,False,False,0.008728014050817468,0.008690145123676479,0.16480850036608508,0.15225486541083771,0.18216550062043838,-0.033225657591139934,-0.6801737780563075,-0.5014864290247155,-0.9699999999999998,0.10000000000000009,0.04999999999999982,0.4299999999999997,0.17999999999999972,0.0,0.0
2023-02-28,JPM,142.94000244140625,143.75999450683594,141.89999389648438,143.35000610351562,132.837158203125,11019800,5.02,4.88,3.92,304.123,301.45,141.135,22125.625,20.7,3.6,1.0,0.0,False,False,0.008370796590152496,0.008335955767642032,0.16105783657154385,0.15444212963662823,0.1827822679900852,-0.011933174224343701,-0.6803416204661522,-0.5023852567866076,-0.96,-0.03000000000000025,0.019999999999999574,0.3999999999999999,0.14999999999999947,0.0,0.0
2023-03-01,JPM,142.10000610351562,143.4600067138672,141.8000030517578,142.5500030517578,132.09580993652344,7139200,5.06,4.9,4.01,305.147,301.821,140.736,22125.625,20.58,3.5,1.0,0.0,False,False,-0.005580880204226757,-0.0055965115008781,0.16216562453056363,0.15248957266284502,0.1793845304864192,-0.005797101449275366,-0.6452797347816515,-0.47931019604906405,-0.8900000000000006,0.07999999999999963,0.0600000000000005,0.45999999999999996,0.1800000000000006,0.0,0.0
2023-03-02,JPM,142.24000549316406,142.42999267578125,139.5399932861328,141.07000732421875,130.724365234375,11106800,5.04,4.91,4.08,305.147,301.821,140.736,22125.625,19.59,3.5,1.0,0.0,False,False,-0.010382196852477432,-0.010436467819599626,0.16699477283630987,0.15651218464328365,0.17811031336321095,-0.04810495626822153,-0.5566432401747992,-0.45935150331743047,-0.8300000000000001,0.20000000000000018,0.07000000000000028,0.56,0.20999999999999996,0.0,0.0
2023-03-03,JPM,141.50999450683594,143.74000549316406,141.0800018310547,143.66000366210938,133.1243896484375,9513100,5.03,4.91,3.97,305.147,301.821,140.736,22125.625,18.49,3.5,1.0,0.0,False,False,0.01835942679667646,0.018192927322758304,0.17982117453041577,0.16769021645387183,0.18018809416314752,-0.056151097498723934,-0.6436238942857299,-0.46304417644550594,-0.94,0.020000000000000018,0.04999999999999982,0.5800000000000001,0.25,0.0,0.0
2023-03-06,JPM,143.44000244140625,144.0399932861328,142.66000366210938,142.82000732421875,132.34605407714844,9261300,5.05,4.93,3.98,305.147,301.821,140.736,22125.625,18.61,3.5,1.0,0.0,False,False,-0.00584667898455371,-0.005863837725917634,0.1829547575415097,0.16828299053072882,0.17816051603211042,0.006489994591671211,-0.6312371185934977,-0.4856515444593624,-0.9499999999999997,0.06000000000000005,0.040000000000000036,0.5800000000000001,0.2699999999999996,0.0,0.0
2023-03-07,JPM,142.00999450683594,142.30999755859375,137.80999755859375,138.6199951171875,128.4540252685547,11747600,5.22,5.04,3.97,305.147,301.821,140.736,22125.625,19.59,3.5,1.0,0.0,False,False,-0.0294079701562161,-0.029849053621303596,0.220714096794732,0.1919431480087749,0.18769164230887173,0.05265986029016667,-0.6301497945227239,-0.5090465030629258,-1.0699999999999998,0.050000000000000266,0.16000000000000014,0.4400000000000004,0.33999999999999986,0.0,0.0
2023-03-08,JPM,138.0,138.58999633789062,136.88999938964844,137.8000030517578,127.69416809082033,10002500,5.25,5.06,3.98,305.147,301.821,140.736,22125.625,19.11,3.5,1.0,0.0,False,False,-0.005915401842377044,-0.005932967136626474,0.21933112622270584,0.19109859114410555,0.17876215839056003,-0.024502297090352232,-0.6667243989350747,-0.470920656270513,-1.0799999999999996,-0.029999999999999805,0.15999999999999925,0.3500000000000001,0.34999999999999964,0.0,0.0
2023-03-09,JPM,136.75999450683594,137.35000610351562,129.22000122070312,130.33999633789062,120.78125,25888100,5.18,5.05,3.93,305.147,301.821,140.736,22125.625,22.61,3.5,1.0,0.0,True,True,-0.054136521613920796,-0.05565703494706626,0.34606398708949865,0.26181710653202067,0.2114972505090909,0.18315018315018317,-0.7908700995781439,-0.5873941918973975,-1.1199999999999997,-0.1499999999999999,0.13999999999999968,0.26000000000000023,0.33999999999999986,0.0,0.0
2023-03-10,JPM,128.9600067138672,135.25999450683594,127.81999969482422,133.64999389648438,123.84851837158205,37599700,4.9,5.01,3.7,305.147,301.821,140.736,22125.625,24.8,3.5,1.0,0.0,False,True,0.025395236194210913,0.025078134554263457,0.37499131424419674,0.28102501813891595,0.21737031730676132,0.09685979655019916,-0.6045206234151109,-0.5098846025401249,-1.3099999999999996,-0.27,0.09999999999999964,0.07000000000000028,0.29000000000000004,0.0,0.0
2023-03-13,JPM,131.2100067138672,133.8800048828125,129.41000366210938,131.25,121.62451934814452,42901100,4.3,4.87,3.55,305.147,301.821,140.736,22125.625,26.52,3.5,1.0,0.0,False,True,-0.017957413239009234,-0.018120604194290846,0.3711091655161185,0.28252136417464074,0.21948973212114842,0.0693548387096774,-0.6097931367656731,-0.5200375406385195,-1.3200000000000003,-0.43000000000000016,-0.05999999999999961,-0.1200000000000001,0.10000000000000053,0.0,0.0
2023-03-14,JPM,135.27999877929688,135.52999877929688,131.2899932861328,134.6199951171875,124.74736785888672,29648100,4.45,4.88,3.64,305.147,301.821,140.736,22125.625,23.73,3.5,1.0,0.0,False,True,0.025676142668265678,0.025352046499704253,0.40071287808663664,0.2985068629956746,0.22500395430357828,-0.10520361990950222,-0.6547315843062594,-0.5443345172001658,-1.2399999999999998,-0.33000000000000007,-0.16000000000000014,-0.10000000000000009,0.08999999999999986,0.0,0.0
2023-03-15,JPM,130.97999572753906,130.99000549316406,126.7300033569336,128.25999450683594,118.85379028320312,34280600,4.19,4.75,3.51,305.147,301.821,140.736,22125.625,26.14,3.5,1.0,0.0,True,True,-0.04724410363792497,-0.04839655046529214,0.45286540848630746,0.33427667058364585,0.2431741188134543,0.10155920775389804,-0.6807987785708299,-0.6119587200726967,-1.2400000000000002,-0.4700000000000002,-0.3099999999999996,-0.2100000000000004,-0.05999999999999961,0.0,0.0
2023-03-16,JPM,128.00999450683594,131.9499969482422,126.0199966430664,130.75,121.16117095947266,24558500,4.49,4.74,3.56,305.147,301.821,140.736,22125.625,22.99,3.5,1.0,0.0,False,True,0.01941360616915566,0.01922756606756936,0.4769409831148522,0.3433705059393286,0.24638417597201331,-0.1205049732211172,-0.7051654233520824,-0.6401168370560072,-1.1800000000000002,-0.3700000000000001,-0.3099999999999996,-0.20999999999999996,-0.05999999999999961,0.0,0.0
2023-03-17,JPM,128.3800048828125,128.47999572753906,125.4499969482422,125.80999755859376,116.5834732055664,38396000,4.26,4.52,3.39,305.147,301.821,140.736,22125.625,25.51,3.5,1.0,0.0,True,True,-0.037781887692695304,-0.038514126045161225,0.47603563084993633,0.36141296306081366,0.2578427361921525,0.10961287516311446,-0.7248707845566184,-0.6724885453689863,-1.1299999999999994,-0.31000000000000005,-0.4900000000000002,-0.41999999999999993,-0.27000000000000046,0.0,0.0
2023-03-20,JPM,126.98999786376952,129.47000122070312,126.01000213623048,127.13999938964844,117.81592559814452,22875500,4.34,4.81,3.47,305.147,301.821,140.736,22125.625,24.15,3.5,1.0,0.0,False,False,0.010571415987967514,0.01051592927614804,0.4900635326078497,0.36488918299320067,0.2540093884791585,-0.05331242649941215,-0.7375818363007092,-0.6659149487072715,-1.3399999999999994,-0.07999999999999963,-0.0600000000000005,-0.3899999999999997,-0.03000000000000025,0.0,0.0
2023-03-21,JPM,130.58999633789062,131.72999572753906,130.19000244140625,130.5500030517578,120.97586059570312,17807800,4.68,4.78,3.59,305.147,301.821,140.736,22125.625,21.38,3.5,1.0,0.0,False,False,0.026820949557674778,0.026467572570324772,0.5124710619684545,0.38027851626819115,0.2592423357154531,-0.11469979296066246,-0.7617633883238691,-0.6842391838274258,-1.1900000000000004,-0.050000000000000266,-0.09999999999999964,-0.22999999999999998,-0.05999999999999961,0.0,0.0
2023-03-22,JPM,130.55999755859375,130.66000366210938,127.08000183105467,127.18000030517578,117.85299682617188,17250200,4.56,4.79,3.48,305.147,301.821,140.736,22125.625,22.26,3.5,1.0,0.0,False,False,-0.025813941344610458,-0.02615296826907232,0.5223561317182019,0.3848217325928259,0.26428678647437176,0.041159962581852394,-0.7726890907683805,-0.6841641697611113,-1.31,-0.029999999999999805,0.040000000000000036,-0.4700000000000002,-0.07000000000000028,0.0,0.0
2023-03-23,JPM,127.9000015258789,129.52999877929688,126.0199966430664,126.83999633789062,117.5379409790039,16677600,4.38,4.73,3.38,305.147,301.821,140.736,22125.625,22.61,3.5,1.0,0.0,False,False,-0.0026732951698518193,-0.0026768748044208434,0.4497287615372995,0.384680952152095,0.26412784281374013,0.015723270440251458,-0.7771352320070788,-0.6840947331651628,-1.3500000000000005,-0.18000000000000016,-0.009999999999999787,-0.5500000000000003,-0.10999999999999943,0.0,0.0
2023-03-24,JPM,125.62999725341795,125.68000030517578,123.11000061035156,124.91000366210938,115.7494888305664,22311100,4.32,4.74,3.38,305.147,301.821,140.736,22125.625,21.74,3.5,1.0,0.0,False,False,-0.015215956086528482,-0.01533290660559052,0.42484902088652154,0.3838502559889523,0.2647415194976236,-0.03847854931446271,-0.7521447563959431,-0.6645690480017024,-1.3600000000000003,-0.010000000000000231,0.22000000000000064,-0.5,-0.09999999999999964,0.0,0.0
2023-03-27,JPM,126.79000091552734,129.3800048828125,126.29000091552734,128.49000549316406,119.0669403076172,18853900,4.51,4.91,3.53,305.147,301.821,140.736,22125.625,20.6,3.5,1.0,0.0,False,False,0.028660614492275416,0.028257581741885317,0.4529931506172338,0.398430045114901,0.27009916223696345,-0.052437902483900456,-0.7701013900443057,-0.6671622907509617,-1.3800000000000003,0.05999999999999961,0.10000000000000053,-0.4200000000000004,0.04999999999999982,0.0,0.0
2023-03-28,JPM,128.7100067138672,129.33999633789062,127.73999786376952,128.8800048828125,119.42832946777344,10820500,4.55,4.8,3.55,305.147,301.821,140.736,22125.625,19.97,3.5,1.0,0.0,False,False,0.003035176340490109,0.0030305794919296618,0.4282661938519779,0.3965650727893633,0.2699954597985672,-0.030582524271844824,-0.7688743254871879,-0.6674131049661052,-1.25,-0.040000000000000036,0.019999999999999574,-0.3700000000000001,-0.08999999999999986,0.0,0.0
2023-03-29,JPM,130.10000610351562,130.22000122070312,127.7699966430664,129.13999938964844,119.66925811767578,14595300,4.59,4.8,3.57,305.147,301.821,140.736,22125.625,19.12,3.5,1.0,0.0,False,False,0.0020173492418091854,0.002015317125360899,0.3508971409336474,0.39455248138348553,0.2699297382293305,-0.04256384576865291,-0.7709265849222134,-0.670276834755656,-1.23,0.08999999999999986,0.009999999999999787,-0.3500000000000001,-0.08000000000000007,0.0,0.0
2023-03-30,JPM,129.9499969482422,130.1199951171875,127.6500015258789,128.75,119.307861328125,12134700,4.63,4.97,3.55,305.147,301.821,140.736,22125.625,19.02,3.5,1.0,0.0,False,False,-0.0030199634829807254,-0.0030245327744143984,0.3354086748279029,0.39460170234896513,0.2697408233242152,-0.005230125523012608,-0.7711973420256509,-0.6732056830107285,-1.42,0.16999999999999993,0.23999999999999932,-0.45999999999999996,0.0699999999999994,0.0,0.0
2023-03-31,JPM,129.66000366210938,130.33999633789062,128.85000610351562,130.30999755859375,120.7534637451172,13105200,4.64,4.85,3.48,305.147,301.821,140.736,22125.625,18.7,3.5,1.0,0.0,False,False,0.012116573048078116,0.012043754990298238,0.26876401040627884,0.39825781028860396,0.27061272138699793,-0.01682439537329128,-0.784964317113312,-0.6722778038279609,-1.3699999999999997,0.10000000000000009,0.10999999999999943,-0.6000000000000001,-0.0600000000000005,0.0,0.0
2023-04-03,JPM,129.91000366210938,131.44000244140625,129.41000366210938,130.16000366210938,120.6144561767578,11775400,4.6,4.9,3.43,305.147,301.821,140.736,22125.625,18.55,3.5,1.0,0.0,False,False,-0.0011511683727170041,-0.0011518314759726886,0.2666269668449794,0.39037073475781736,0.27026261759600295,-0.008021390374331472,-0.7784675341450679,-0.6742855739593673,-1.4700000000000002,-0.09999999999999964,-0.009999999999999787,-0.54,-0.009999999999999787,0.0,0.0
2023-04-04,JPM,130.5,130.58999633789062,127.41000366210938,128.4199981689453,119.00205993652344,11579900,4.5,4.88,3.35,305.147,301.821,140.736,22125.625,19.0,3.5,1.0,0.0,False,False,-0.0133681839751566,-0.013458342552405465,0.2394409802770532,0.39154093541336615,0.27102617418316166,0.02425876010781658,-0.7793162157494277,-0.6884318268554228,-1.5299999999999998,-0.19999999999999973,0.08000000000000007,-0.6299999999999999,-0.04999999999999982,0.0,0.0
2023-04-05,JPM,126.8000030517578,128.14999389648438,126.45999908447266,127.61000061035156,119.17950439453124,9614700,4.43,4.86,3.3,305.147,301.821,140.736,22125.625,19.08,3.5,1.0,0.0,False,False,0.0014911040876304238,0.001489993495798623,0.19659526737393973,0.3814625207740793,0.27030794051032175,0.004210526315789442,-0.7739921953316224,-0.6863058230119837,-1.5600000000000005,-0.27,0.0600000000000005,-0.6700000000000004,-0.17999999999999972,0.0,0.0
2023-04-06,JPM,127.0,128.0800018310547,126.86000061035156,127.47000122070312,119.04875946044922,8760200,4.51,4.91,3.3,305.147,301.821,140.736,22125.625,18.4,3.5,1.0,0.0,False,False,-0.0010970421025514598,-0.0010976442936984933,0.19590004471675274,0.3814526425523899,0.2703058151737392,-0.03563941299790352,-0.7758551753425965,-0.685119202271105,-1.6100000000000003,-0.25,-0.05999999999999961,-0.6800000000000002,-0.14999999999999947,0.0,0.0
2023-04-10,JPM,126.54000091552734,128.22999572753906,126.22000122070312,127.88999938964844,119.44100952148438,9477300,4.65,5.08,3.41,305.147,301.821,140.736,22125.625,18.97,3.5,1.0,0.0,False,False,0.0032948689496044015,0.003289452762729957,0.17260970696571915,0.3308859047879703,0.2674464336733235,0.030978260869565233,-0.6859654531924124,-0.6756650645392904,-1.67,-0.06999999999999984,0.23000000000000043,-0.52,0.03000000000000025,0.0,0.0
2023-04-11,JPM,128.3000030517578,128.94000244140625,127.54000091552734,128.52000427246094,120.0293960571289,10516300,4.67,5.04,3.43,305.147,301.821,140.736,22125.625,19.1,3.5,1.0,0.0,False,False,0.004926168474310266,0.004914074607745819,0.10339593521300233,0.31835749320468737,0.26763783696180027,0.00685292567211393,-0.8682271920683752,-0.6747808735451344,-1.6099999999999999,0.0,0.13999999999999968,-0.27,0.03000000000000025,0.0,0.0
2023-04-12,JPM,129.17999267578125,130.42999267578125,128.05999755859375,128.5,120.0107192993164,11821000,4.64,5.02,3.41,305.147,301.821,140.736,22125.625,19.09,3.5,1.0,0.0,False,False,-0.0001556015311749981,-0.00015561363834919626,0.10271054982392311,0.31256377766406984,0.26689516951360853,-0.0005235602094241232,-0.8640010412533988,-0.672684512004537,-1.6099999999999994,0.06000000000000005,0.13999999999999968,-0.13999999999999968,0.14999999999999947,0.0,0.0
2023-04-13,JPM,128.4600067138672,129.0399932861328,126.83000183105467,128.99000549316406,120.46835327148438,12450200,4.66,5.1,3.45,305.147,301.821,140.736,22125.625,17.8,3.5,1.0,0.0,False,False,0.0038132758043603054,0.0038060236985200963,0.10384400305684562,0.2985906647258648,0.26652724027560853,-0.06757464641173383,-0.840390844018493,-0.6762969162657386,-1.6499999999999995,0.15000000000000036,0.23999999999999932,-0.18999999999999995,0.21999999999999975,0.0,0.0
2023-04-14,JPM,135.14999389648438,139.1199951171875,134.89999389648438,138.72999572753906,129.5648651123047,43931300,4.77,5.14,3.52,305.147,301.821,140.736,22125.625,17.07,3.5,1.0,0.0,True,True,0.07550955577786178,0.07279455464932101,0.37413780439462097,0.350251280452846,0.3047944997458389,-0.04101123595505618,-0.6150385530460863,-0.642781900063476,-1.6199999999999997,0.2200000000000002,0.22999999999999954,0.010000000000000231,0.3899999999999997,0.0,0.0
2023-04-17,JPM,139.9499969482422,140.05999755859375,137.66000366210938,139.8300018310547,130.5922393798828,16050500,4.8,5.21,3.6,305.147,301.821,140.736,22125.625,16.95,3.5,1.0,0.0,False,False,0.007929420269049192,0.007898147623336082,0.37353829276105444,0.3462655593697291,0.30102368303416793,-0.00702987697715296,-0.6164290533477473,-0.6433709808705832,-1.6099999999999999,0.18999999999999995,0.1299999999999999,0.040000000000000036,0.46999999999999975,0.0,0.0
2023-04-18,JPM,140.27000427246094,141.77999877929688,139.02999877929688,141.39999389648438,132.0584716796875,13760100,4.81,5.2,3.58,305.147,301.821,140.736,22125.625,16.83,3.5,1.0,0.0,False,False,0.011227560739957454,0.011164999517629282,0.3703466841562561,0.3111768398820028,0.3002341598949848,-0.0070796460176991705,-0.4888868725343754,-0.6382659650138716,-1.62,0.1499999999999999,0.16000000000000014,0.18999999999999995,0.6800000000000006,0.0,0.0
2023-04-19,JPM,141.22999572753906,141.5,140.39999389648438,141.22000122070312,131.89036560058594,9158100,4.84,5.16,3.6,305.147,301.821,140.736,22125.625,16.46,3.5,1.0,0.0,False,False,-0.0012729670195587017,-0.0012737779303233015,0.3543018032458679,0.31166974054328295,0.2937085719328639,-0.021984551396315943,-0.4860911117552794,-0.631384436802385,-1.56,0.18999999999999995,0.14000000000000057,0.1299999999999999,0.35000000000000053,0.0,0.0
2023-04-20,JPM,139.91000366210938,141.42999267578125,139.83999633789062,140.80999755859375,131.5074462890625,10586200,4.77,5.12,3.54,305.147,301.821,140.736,22125.625,17.17,3.5,1.0,0.0,False,False,-0.0029033152632472747,-0.0029075380583904707,0.3580258077809223,0.3031138230923221,0.2924113070848028,0.04313487241798297,-0.4366552329297026,-0.6317402534618702,-1.58,0.08999999999999986,0.020000000000000462,-0.04999999999999982,0.33999999999999986,0.0,0.0
2023-04-21,JPM,139.74000549316406,141.11000061035156,138.77999877929688,140.5399932861328,131.2552947998047,11842500,4.78,5.14,3.57,305.147,301.821,140.736,22125.625,16.77,3.5,1.0,0.0,False,False,-0.0019173932455776033,-0.0019192337970903627,0.35875182206373885,0.283771912538409,0.29244311749948915,-0.023296447291788147,-0.3396743393815769,-0.6307420988448166,-1.5699999999999998,0.04999999999999982,0.0,0.08999999999999986,0.34999999999999964,0.0,0.0
2023-04-24,JPM,140.4600067138672,141.10000610351562,140.0399932861328,140.72999572753906,131.43272399902344,7567500,4.76,5.2,3.52,305.147,301.821,140.736,22125.625,16.89,3.5,1.0,0.0,False,False,0.0013517869849697384,0.0013508741434955843,0.35986127775715554,0.28271698653394484,0.29078395174153454,0.007155635062611854,-0.3307655924899118,-0.6339025004109713,-1.6800000000000002,-0.08000000000000007,-0.009999999999999787,0.14000000000000012,0.46999999999999975,0.0,0.0
2023-04-25,JPM,139.60000610351562,139.9600067138672,137.6300048828125,137.6699981689453,128.57492065429688,10629300,4.6,5.12,3.4,305.147,301.821,140.736,22125.625,18.76,3.5,1.0,0.0,False,False,-0.021743468884870665,-0.021983341588699277,0.3933706650703381,0.2896911900078048,0.29375244660030114,0.1107164002368266,-0.5039202658041715,-0.6434001156474056,-1.7200000000000002,-0.18000000000000016,-0.08000000000000007,0.020000000000000018,0.3799999999999999,0.0,0.0
2023-04-26,JPM,137.6199951171875,137.80999755859375,134.0,135.22999572753906,126.29607391357422,14416100,4.64,5.16,3.43,305.147,301.821,140.736,22125.625,18.84,3.5,1.0,0.0,False,False,-0.017723882146891246,-0.0178828310746136,0.4118757558703565,0.2871069097029588,0.29575100135579585,0.004264392324093702,-0.4580788710647066,-0.6392972857059728,-1.73,-0.16999999999999993,0.0,-0.09999999999999964,0.25,0.0,0.0
2023-04-27,JPM,136.0,137.91000366210938,135.66000366210938,137.0500030517578,127.9958724975586,9041100,4.78,5.18,3.53,305.147,301.821,140.736,22125.625,17.03,3.5,1.0,0.0,False,False,0.01345883946596449,0.013369073816805225,0.4138244781368962,0.28943270189637127,0.2967431832273642,-0.09607218683651797,-0.46177708218671953,-0.6414725916175501,-1.65,-0.010000000000000231,0.05999999999999961,-0.020000000000000018,0.3799999999999999,0.0,0.0
2023-04-28,JPM,136.55999755859375,138.32000732421875,135.6699981689453,138.24000549316406,129.10723876953125,9887300,4.8,5.1,3.44,305.147,301.821,140.736,22125.625,15.78,3.5,1.0,0.0,False,False,0.008682828987269575,0.00864535002037724,0.1876737006649594,0.2899729000728039,0.297228171222962,-0.07339988256018803,-0.46556765730849314,-0.6418117556759968,-1.6599999999999997,-0.1299999999999999,-0.040000000000000036,-0.1299999999999999,0.2999999999999998,0.0,0.0
2023-05-01,JPM,142.25999450683594,143.3699951171875,140.8300018310547,141.1999969482422,131.87167358398438,20415800,4.86,5.27,3.59,307.652,303.334,140.614,22125.625,16.08,3.6,1.0,0.0,False,False,0.021411927331107306,0.021185912597245074,0.2140356643661197,0.29507173506845197,0.29974063071136703,0.019011406844106293,-0.4256761451568043,-0.6287629253664337,-1.6799999999999997,0.06999999999999984,0.0699999999999994,0.040000000000000036,0.2999999999999998,0.0,0.0
2023-05-02,JPM,141.39999389648438,142.41000366210938,138.42999267578125,138.9199981689453,129.74232482910156,14113400,4.74,5.24,3.44,307.652,303.334,140.614,22125.625,17.78,3.6,1.0,0.0,False,False,-0.016147127711446774,-0.01627891314107607,0.22165386421121586,0.3024901248307178,0.30134806532216873,0.10572139303482597,-0.47256785944398283,-0.6333482081249489,-1.8000000000000003,0.040000000000000036,0.1200000000000001,-0.040000000000000036,0.39000000000000057,0.0,0.0
2023-05-03,JPM,138.44000244140625,138.6699981689453,135.75999450683594,135.97999572753906,126.99654388427734,12930900,4.7,5.26,3.38,307.652,303.334,140.614,22125.625,18.34,3.6,1.0,0.0,False,False,-0.02116334009307297,-0.02139049418475309,0.24242533852337658,0.3142399021647401,0.30433551902886585,0.03149606299212593,-0.49070856704760185,-0.6460101252678297,-1.88,-0.050000000000000266,0.09999999999999964,-0.050000000000000266,0.35999999999999943,0.0,0.0
2023-05-04,JPM,134.9600067138672,135.72000122070312,131.80999755859375,134.1199951171875,125.25941467285156,17089200,4.59,5.26,3.37,307.652,303.334,140.614,22125.625,20.09,3.6,1.0,0.0,False,False,-0.013678555008620585,-0.013772968389881622,0.2474137344727073,0.31444248474969716,0.3054105930992029,0.09541984732824438,-0.5083444361490789,-0.6490393408198961,-1.8899999999999997,-0.1599999999999997,0.08000000000000007,0.020000000000000018,0.3799999999999999,0.0,0.0
2023-05-05,JPM,136.44000244140625,137.8800048828125,135.91000366210938,136.74000549316406,127.70635223388672,11261400,4.73,5.26,3.44,307.652,303.334,140.614,22125.625,17.19,3.6,1.0,0.0,False,False,0.019534959247781813,0.01934660102590793,0.2759005885027695,0.31980112033265057,0.3063521273934028,-0.1443504230960676,-0.5213464228236275,-0.6532377340951832,-1.8199999999999998,0.0,0.16000000000000014,0.14000000000000012,0.39999999999999947,0.0,0.0
2023-05-08,JPM,137.49000549316406,137.97000122070312,136.47999572753906,137.07000732421875,128.01455688476562,7484900,4.79,5.31,3.52,307.652,303.334,140.614,22125.625,16.98,3.6,1.0,0.0,False,False,0.0024133854384507103,0.0024104779008797274,0.27639145340493254,0.31942526173789054,0.30614404216953955,-0.012216404886561949,-0.5307941817212959,-0.6629585484492321,-1.7899999999999996,-0.06999999999999984,0.040000000000000036,0.2200000000000002,0.39999999999999947,0.0,0.0
2023-05-09,JPM,135.92999267578125,136.9499969482422,135.2100067138672,136.41000366210938,127.39815521240234,7343600,4.81,5.29,3.53,307.652,303.334,140.614,22125.625,17.71,3.6,1.0,0.0,False,False,-0.00481509046598616,-0.00482672036176945,0.25538330836696815,0.3207138409238296,0.30519622961195747,0.042991755005889365,-0.5394785716374743,-0.6606330104321707,-1.7600000000000002,0.08999999999999986,0.04999999999999982,0.11999999999999966,0.20999999999999996,0.0,0.0
2023-05-10,JPM,137.9499969482422,138.05999755859375,134.8699951171875,136.47999572753906,127.46353912353516,8133400,4.7,5.24,3.43,307.652,303.334,140.614,22125.625,16.94,3.6,1.0,0.0,False,False,0.0005132249444570469,0.0005130932895790261,0.237220091965995,0.32075754866275574,0.30493055059746016,-0.04347826086956519,-0.5306331622418382,-0.6583316904699213,-1.81,0.050000000000000266,-0.019999999999999574,0.0,0.20000000000000018,0.0,0.0
2023-05-11,JPM,135.0,136.80999755859375,134.89999389648438,136.0500030517578,127.06193542480467,7057300,4.7,5.2,3.39,307.652,303.334,140.614,22125.625,16.93,3.6,1.0,0.0,False,False,-0.003150733939226824,-0.0031557079520131434,0.22723249321945788,0.3212810617060218,0.30343307189937035,-0.0005903187721369996,-0.5301168558641344,-0.6544489445758044,-1.81,0.020000000000000018,-0.05999999999999961,-0.020000000000000018,0.1800000000000006,0.0,0.0
2023-05-12,JPM,136.82000732421875,136.99000549316406,133.1300048828125,134.10000610351562,125.24076080322266,9988600,4.75,5.25,3.46,307.652,303.334,140.614,22125.625,17.03,3.6,1.0,0.0,False,False,-0.014332967741230385,-0.014436676889380806,0.23008503618407336,0.326672976002959,0.3045637612866871,0.005906674542232704,-0.5373492694991879,-0.6527802556935219,-1.79,0.020000000000000018,-0.009999999999999787,0.009999999999999787,0.15000000000000036,0.0,0.0
2023-05-15,JPM,134.27000427246094,135.6699981689453,133.9600067138672,135.22999572753906,126.29607391357422,7639500,4.73,5.21,3.5,307.652,303.334,140.614,22125.625,17.12,3.6,1.0,0.0,False,False,0.008426275148628815,0.008390972268080008,0.19926357380238643,0.20334270332830165,0.30423429700998156,0.005284791544333478,-0.6920389745912627,-0.6515676262399189,-1.71,-0.020000000000000018,-0.09999999999999964,-0.020000000000000018,0.07000000000000028,0.0,0.0
2023-05-16,JPM,135.4600067138672,135.94000244140625,133.9600067138672,134.32000732421875,125.44622039794922,6477200,4.88,5.23,3.54,307.652,303.334,140.614,22125.625,17.99,3.6,1.0,0.0,False,False,-0.0067290572801698145,-0.0067517994658387905,0.18871404439384543,0.20139181691624392,0.30428914643867777,0.05081775700934554,-0.6984967857997565,-0.6538598040398461,-1.6900000000000004,0.010000000000000231,-0.05999999999999961,-0.06000000000000005,0.020000000000000462,0.0,0.0
2023-05-17,JPM,135.89999389648438,138.58999633789062,135.4600067138672,138.4499969482422,129.30335998535156,12711500,4.92,5.26,3.57,307.652,303.334,140.614,22125.625,16.87,3.6,1.0,0.0,False,False,0.03074735592006239,0.03028412740154572,0.2252745742846843,0.22637765652105513,0.3104735795228618,-0.06225680933852129,-0.711045752194262,-0.6603329718068038,-1.69,0.13999999999999968,0.019999999999999574,-0.010000000000000231,0.05999999999999961,0.0,0.0
2023-05-18,JPM,138.27000427246094,139.72999572753906,137.75999450683594,139.5,130.28399658203125,10999600,5.02,5.31,3.65,307.652,303.334,140.614,22125.625,16.05,3.6,1.0,0.0,False,False,0.007583999339157099,0.00755538539718223,0.20883426375701672,0.22830300824374802,0.3096742034846945,-0.048606994665086,-0.7198206178423936,-0.6599228025358219,-1.6599999999999997,0.2599999999999998,0.10999999999999943,0.04999999999999982,0.14999999999999947,0.0,0.0
2023-05-19,JPM,139.7899932861328,140.49000549316406,138.1300048828125,139.17999267578125,129.98513793945312,13492200,5.02,5.29,3.7,307.652,303.334,140.614,22125.625,16.81,3.6,1.0,0.0,False,False,-0.002293901403231491,-0.0022965364254807674,0.19166249864970464,0.22823444153556194,0.309639046854325,0.04735202492211821,-0.7175003368293382,-0.6581312845363533,-1.5899999999999999,0.2400000000000002,0.040000000000000036,0.16000000000000014,0.16999999999999993,0.0,0.0
2023-05-22,JPM,141.0,141.63999938964844,137.66000366210938,138.02999877929688,128.91114807128906,11402500,5.07,5.4,3.72,307.652,303.334,140.614,22125.625,17.21,3.6,1.0,0.0,False,False,-0.008262405111762239,-0.00829672797120784,0.19808764047959893,0.22977895575586535,0.3078533566957499,0.023795359904818625,-0.7239259510784807,-0.6569378624671224,-1.6800000000000002,0.2200000000000002,0.1900000000000004,0.15000000000000036,0.2600000000000007,0.0,0.0
2023-05-23,JPM,137.5399932861328,139.02999877929688,136.4600067138672,136.58999633789062,127.56624603271484,9514900,5.06,5.34,3.7,307.652,303.334,140.614,22125.625,18.53,3.6,1.0,0.0,False,False,-0.010432783034640902,-0.01048758601386688,0.2044446669593568,0.23199384915593946,0.30818559827345665,0.07669959325973275,-0.7307126799721497,-0.6619442106051973,-1.6399999999999997,0.16000000000000014,0.10999999999999943,0.18000000000000016,0.13999999999999968,0.0,0.0
2023-05-24,JPM,135.39999389648438,136.35000610351562,135.0800018310547,135.33999633789062,126.39884185791016,8578000,5.12,5.37,3.73,307.652,303.334,140.614,22125.625,20.03,3.6,1.0,0.0,False,False,-0.009151356343160777,-0.009193487238157815,0.20967755853483644,0.22171391438325702,0.30826882979716397,0.08094981111710742,-0.7018573763661173,-0.6605899778545214,-1.6400000000000001,0.16000000000000014,0.11000000000000032,0.33000000000000007,0.25,0.0,0.0
2023-05-25,JPM,134.82000732421875,136.27000427246094,134.5800018310547,135.6699981689453,126.70703125,8472500,5.24,5.38,3.83,307.652,303.334,140.614,22125.625,19.14,3.6,1.0,0.0,False,False,0.002438229556219307,0.002435261897444914,0.20982610512782274,0.2130043346484086,0.30773887524904103,-0.04443334997503745,-0.7273071998219816,-0.6643825879482377,-1.5499999999999998,0.18000000000000016,0.07000000000000028,0.3999999999999999,0.21999999999999975,0.0,0.0
2023-05-26,JPM,136.11000061035156,137.60000610351562,135.6300048828125,136.94000244140625,127.89311981201172,8579900,5.25,5.34,3.8,307.652,303.334,140.614,22125.625,17.95,3.6,1.0,0.0,False,False,0.009360874059715751,0.009317332591356533,0.19853014915249234,0.21028220736748054,0.3078173817711383,-0.06217345872518287,-0.7192106582184875,-0.6644479257736584,-1.54,0.09999999999999964,0.04999999999999982,0.27,0.16000000000000014,0.0,0.0
2023-05-30,JPM,136.8000030517578,137.72000122070312,136.02000427246094,137.4600067138672,128.3787841796875,7399900,5.22,5.55,3.69,307.652,303.334,140.614,22125.625,17.46,3.6,1.0,0.0,False,False,0.0037974237268560973,0.003790231715036208,0.19576950512243727,0.2084203542283607,0.3074228426653323,-0.027298050139275665,-0.7150401588587021,-0.6646438572204026,-1.8599999999999999,-0.03000000000000025,0.14999999999999947,0.25,0.4500000000000002,0.0,0.0
2023-05-31,JPM,136.72999572753906,136.83999633789062,134.39999389648438,135.7100067138672,126.7444076538086,14219900,5.18,5.52,3.64,307.652,303.334,140.614,22125.625,17.94,3.6,1.0,0.0,False,False,-0.01273089269634553,-0.012812624934644065,0.20517828453328602,0.19730102903751823,0.30824275782991317,0.027491408934708028,-0.7877984189124889,-0.6667452800588191,-1.8799999999999994,-0.06000000000000005,0.17999999999999972,0.050000000000000266,0.25,0.0,0.0
2023-06-01,JPM,136.52000427246094,138.22999572753906,135.4499969482422,137.5800018310547,128.49085998535156,12248100,5.11,5.5,3.61,308.322,304.014,140.698,22125.625,15.65,3.6,1.0,0.0,False,False,0.013779324578274466,0.013685252863415624,0.14781094690445745,0.1970677316460135,0.30890661392061297,-0.1276477146042364,-0.782157925841154,-0.6762942012058053,-1.8900000000000001,-0.1200000000000001,0.1299999999999999,0.16999999999999993,0.2599999999999998,0.0,0.0
2023-06-02,JPM,139.55999755859375,141.47999572753906,139.33999633789062,140.47000122070312,131.1898956298828,12922500,5.22,5.5,3.69,308.322,304.014,140.698,22125.625,14.6,3.6,1.0,0.0,False,False,0.021005662541591974,0.020788085241186284,0.17979596946599277,0.19477860460908744,0.3095800485097678,-0.06709265175718859,-0.8047939679061907,-0.6778657613638982,-1.81,-0.14000000000000012,0.1200000000000001,0.31000000000000005,0.2400000000000002,0.0,0.0
2023-06-05,JPM,140.11000061035156,140.11000061035156,138.1300048828125,139.08999633789062,129.90106201171875,8511900,5.17,5.46,3.69,308.322,304.014,140.698,22125.625,14.73,3.6,1.0,0.0,False,False,-0.009824183577370582,-0.009872759275065033,0.18719343334904395,0.1913518275539919,0.3099800232563924,0.008904109589041198,-0.7817174508675587,-0.6776351663399555,-1.77,-0.10999999999999988,0.1200000000000001,0.31999999999999984,0.20000000000000018,0.0,0.0
2023-06-06,JPM,138.67999267578125,140.10000610351562,138.2100067138672,139.33999633789062,130.13458251953125,9329500,5.2,5.44,3.7,308.322,304.014,140.698,22125.625,13.96,3.6,1.0,0.0,False,False,0.0017976797433068015,0.0017960658509619631,0.18153692390228285,0.1803374760750505,0.3041231881863735,-0.05227427019687714,-0.7421590585447682,-0.6711427377064529,-1.7400000000000002,0.010000000000000231,-0.10999999999999943,0.26000000000000023,0.1800000000000006,0.0,0.0
2023-06-07,JPM,139.5500030517578,141.27000427246094,138.8300018310547,140.69000244140625,131.39541625976562,9281400,5.16,5.42,3.79,308.322,304.014,140.698,22125.625,13.94,3.6,1.0,0.0,False,False,0.009688690860057525,0.00964205647027267,0.17401074035926994,0.18282498591665325,0.3044403797181211,-0.0014326647564470996,-0.7269184938628537,-0.6726763341576613,-1.63,0.1499999999999999,-0.09999999999999964,0.27,0.11000000000000032,0.0,0.0
2023-06-08,JPM,140.6699981689453,140.88999938964844,139.47999572753906,140.72999572753906,131.43272399902344,7368100,5.12,5.38,3.73,308.322,304.014,140.698,22125.625,13.65,3.6,1.0,0.0,False,False,0.0002839348610461645,0.0002838945591720634,0.16153719227039962,0.18154038482708781,0.2822861246598313,-0.020803443328550886,-0.7211203094489553,-0.6214962542582186,-1.65,0.1200000000000001,-0.1200000000000001,0.20000000000000018,0.08999999999999986,0.0,0.0
2023-06-09,JPM,140.35000610351562,141.8000030517578,140.2100067138672,141.00999450683594,131.69424438476562,7249100,5.17,5.37,3.75,308.322,304.014,140.698,22125.625,13.83,3.6,1.0,0.0,False,False,0.0019897661540069222,0.0019877891913609672,0.16166677682119238,0.18151281602595523,0.27814149892194123,0.01318681318681314,-0.7276353784768461,-0.6842052739627311,-1.62,0.06000000000000005,-0.1299999999999999,0.31999999999999984,0.1299999999999999,0.0,0.0
2023-06-12,JPM,141.07000732421875,141.32000732421875,139.75999450683594,141.0,131.68490600585938,7596600,5.18,5.4,3.73,308.322,304.014,140.698,22125.625,15.01,3.6,1.0,0.0,False,False,-7.09095446795871e-05,-7.091205888020502e-05,0.15965082398324665,0.18081733161936694,0.2754342575486485,0.0853217642805495,-0.6904208686672829,-0.665516267986241,-1.6700000000000004,0.040000000000000036,-0.05999999999999961,0.33999999999999986,0.20000000000000018,0.0,0.0
2023-06-13,JPM,140.47999572753906,142.8699951171875,140.13999938964844,142.02000427246094,132.63751220703125,7701600,5.26,5.36,3.84,308.322,304.014,140.698,22125.625,14.61,3.6,1.0,0.0,False,False,0.00723398170728462,0.007207941966871193,0.16108683569190324,0.1717968328187445,0.2713441550003046,-0.02664890073284476,-0.7180357558649227,-0.6535805604665816,-1.5200000000000005,0.13999999999999968,-0.08000000000000007,0.3799999999999999,0.11000000000000032,0.0,0.0
2023-06-14,JPM,143.0,143.61000061035156,140.6999969482422,141.49000549316406,132.14254760742188,9068700,5.27,5.36,3.83,308.322,304.014,140.698,22125.625,13.88,3.6,1.0,0.0,False,False,-0.003731709011827622,-0.0037386892086887715,0.14090750777081879,0.1719013592671336,0.25235368725408514,-0.049965776865160794,-0.6923644673639145,-0.6194017674827154,-1.5300000000000002,0.040000000000000036,-0.05999999999999961,0.33000000000000007,0.15000000000000036,0.0,0.0
2023-06-15,JPM,140.58999633789062,143.39999389648438,140.02999877929688,143.08999633789062,133.6368408203125,9343100,5.21,5.33,3.72,308.322,304.014,140.698,22125.625,14.5,3.6,1.0,0.0,False,False,0.011308191342957796,0.011244731708232113,0.13676511968961547,0.17145638374826344,0.2505967445403951,0.04466858789625361,-0.6152318592857509,-0.5945827636850097,-1.6099999999999999,-0.009999999999999787,-0.04999999999999982,0.18000000000000016,0.09999999999999964,0.0,0.0
2023-06-16,JPM,143.0500030517578,143.97000122070312,142.5,143.25999450683594,133.79559326171875,13813500,5.24,5.34,3.77,308.322,304.014,140.698,22125.625,13.54,3.6,1.0,0.0,False,False,0.0011879391972435815,0.001187234155784424,0.09939136208092289,0.13985589013936875,0.2370056204145062,-0.06620689655172418,-0.5965539848419895,-0.5512561611584708,-1.5699999999999998,0.020000000000000018,-0.03000000000000025,0.20000000000000018,0.08000000000000007,0.0,0.0
2023-06-20,JPM,142.61000061035156,143.0,141.0399932861328,142.52999877929688,133.1138458251953,8428600,5.24,5.39,3.74,308.322,304.014,140.698,22125.625,13.88,3.6,1.0,0.0,False,False,-0.005095440140467589,-0.005108466163300063,0.08539240427927036,0.13997142113273067,0.23683355290568217,0.02511078286558366,-0.594153293946025,-0.5502972867849468,-1.6499999999999995,0.010000000000000231,-0.010000000000000675,0.0900000000000003,0.08000000000000007,0.0,0.0
2023-06-21,JPM,142.89999389648438,144.02000427246094,141.69000244140625,142.32000732421875,132.917724609375,9926500,5.25,5.4,3.72,308.322,304.014,140.698,22125.625,13.2,3.6,1.0,0.0,False,False,-0.0014733344574677787,-0.0014744208819217359,0.08763514353043239,0.13975454314720226,0.23160618586680443,-0.04899135446685887,-0.5717899895445503,-0.5195144943500286,-1.6800000000000002,-0.11999999999999966,0.040000000000000036,0.020000000000000018,0.11000000000000032,0.0,0.0
2023-06-22,JPM,142.30999755859375,142.60000610351562,138.9499969482422,139.5800018310547,130.3587188720703,10075200,5.29,5.4,3.8,308.322,304.014,140.698,22125.625,12.91,3.6,1.0,0.0,False,False,-0.019252554501856034,-0.01944029853706631,0.12937087489772153,0.15378456063650003,0.22872040552711156,-0.02196969696969686,-0.4752975397777945,-0.49412588295559084,-1.6000000000000005,-0.03000000000000025,0.040000000000000036,0.07999999999999963,0.0,0.0,0.0
2023-06-23,JPM,138.5399932861328,139.17999267578125,137.6199951171875,138.85000610351562,129.6769561767578,9919500,5.25,5.41,3.74,308.322,304.014,140.698,22125.625,13.44,3.6,1.0,0.0,False,False,-0.005229897173057996,-0.005243620955504671,0.13104846170951345,0.15007831131436747,0.2289729930492563,0.041053446940356286,-0.4410471959181261,-0.49587941741181923,-1.67,0.020000000000000018,0.08000000000000007,0.040000000000000036,0.07000000000000028,0.0,0.0
2023-06-26,JPM,138.8699951171875,140.00999450683594,137.69000244140625,139.19000244140625,129.99449157714844,8429700,5.27,5.5,3.72,308.322,304.014,140.698,22125.625,14.25,3.6,1.0,0.0,False,False,0.002448664818734736,0.002445671724098778,0.13139420385184056,0.14568260267717698,0.22638799339084767,0.060267857142857206,-0.354955839363875,-0.5071849053928659,-1.7799999999999998,-0.04999999999999982,0.16000000000000014,-0.009999999999999787,0.1299999999999999,0.0,0.0
2023-06-27,JPM,139.0,139.83999633789062,138.5399932861328,139.1999969482422,130.0038299560547,8154000,5.33,5.44,3.77,308.322,304.014,140.698,22125.625,13.74,3.6,1.0,0.0,False,False,7.183672779476069e-05,7.183414766059542e-05,0.13143351182001398,0.14568789328993598,0.21994753999125669,-0.03578947368421048,-0.3500469100531316,-0.4948926567742582,-1.6700000000000004,0.029999999999999805,0.05000000000000071,-0.06000000000000005,0.0600000000000005,0.0,0.0
2023-06-28,JPM,139.16000366210938,139.2100067138672,137.9600067138672,138.58999633789062,129.4341278076172,7558600,5.32,5.44,3.71,308.322,304.014,140.698,22125.625,13.43,3.6,1.0,0.0,False,False,-0.004382195114021492,-0.004391825074906511,0.12308031571418016,0.1438191702941092,0.220223968151313,-0.022561863173216956,-0.31195340622940193,-0.49163623906096254,-1.7300000000000004,-0.010000000000000231,0.040000000000000036,-0.08999999999999986,0.10000000000000053,0.0,0.0
2023-06-29,JPM,140.07000732421875,143.55999755859375,139.85000610351562,143.42999267578125,133.95437622070312,15423200,5.41,5.46,3.85,308.322,304.014,140.698,22125.625,13.54,3.6,1.0,0.0,True,False,0.03492315735927498,0.03432717986378412,0.22114616154453812,0.18534244460404342,0.2299320163045085,0.008190618019359608,-0.18029100811791335,-0.4635312517844523,-1.6099999999999999,0.050000000000000266,0.05999999999999961,0.16000000000000014,-0.08999999999999986,0.0,0.0
2023-06-30,JPM,144.60000610351562,146.0,143.66000366210938,145.44000244140625,135.83157348632812,14212800,5.4,5.43,3.81,308.322,304.014,140.698,22125.625,13.59,3.6,1.0,0.0,False,False,0.014013706148219729,0.013916421989098095,0.2248646964324965,0.1814697376319863,0.23098418749068583,0.0036927621861153614,-0.118674368218813,-0.4596120498389479,-1.6199999999999997,0.06999999999999984,0.019999999999999574,0.16999999999999993,-0.08999999999999986,0.0,0.0
2023-07-03,JPM,146.19000244140625,147.47999572753906,146.0,146.61000061035156,136.9242706298828,8021600,5.43,5.44,3.86,308.322,304.014,140.698,22125.625,13.57,3.6,1.0,0.0,False,False,0.008044500372843544,0.00801231586999942,0.22708843587119285,0.1784163956921732,0.23041589149860664,-0.0014716703458425018,-0.006560349741974975,-0.4579195686159058,-1.5800000000000005,0.13999999999999968,-0.05999999999999961,0.25,-0.05999999999999961,0.0,0.0
2023-07-05,JPM,144.94000244140625,145.42999267578125,144.36000061035156,144.63999938964844,136.0121612548828,8934900,5.4,5.44,3.95,308.322,304.014,140.698,22125.625,14.18,3.6,1.0,0.0,False,False,-0.006661414888712525,-0.006683701139986826,0.2286618134449724,0.16909494692718463,0.2309878627978795,0.044952100221075764,0.07852294891571264,-0.4627757828384548,-1.4900000000000002,0.18000000000000016,0.0,0.26000000000000023,-0.05999999999999961,0.0,0.0
2023-07-06,JPM,143.02000427246094,143.38999938964844,141.44000244140625,143.2100067138672,134.66746520996094,9709500,5.44,5.46,4.05,308.322,304.014,140.698,22125.625,15.44,3.6,1.0,0.0,False,False,-0.009886586850141654,-0.009935783677621825,0.23624069709502502,0.16914951641813672,0.23014134363851357,0.08885754583921024,-0.025640788500054204,-0.4682073212990793,-1.4100000000000001,0.33999999999999986,0.019999999999999574,0.3599999999999999,0.0,0.0,0.0
2023-07-07,JPM,143.91000366210938,145.83999633789062,143.0,144.33999633789062,135.7300262451172,8981500,5.41,5.46,4.06,308.322,304.014,140.698,22125.625,14.83,3.6,1.0,0.0,False,False,0.007890257929037414,0.007859292620142828,0.20705353107636765,0.17048445465485199,0.230440492308145,-0.03950777202072531,-0.05331264196025364,-0.47016523454304787,-1.4000000000000004,0.20999999999999952,0.0,0.35999999999999943,0.019999999999999574,0.0,0.0
2023-07-10,JPM,144.5,145.99000549316406,144.5,145.14999389648438,136.49169921875,9100100,5.38,5.48,4.01,308.322,304.014,140.698,22125.625,15.07,3.6,1.0,0.0,False,False,0.005611676315874892,0.005595989519126207,0.20049467512784924,0.1687681405700783,0.23045607236491453,0.01618341200269735,-0.044596163489385186,-0.47219385954500154,-1.4700000000000006,0.19999999999999973,0.05000000000000071,0.21999999999999975,0.0600000000000005,0.0,0.0
2023-07-11,JPM,146.33999633789062,147.82000732421875,145.7100067138672,147.4199981689453,138.6262969970703,11260900,5.44,5.49,3.99,308.322,304.014,140.698,22125.625,14.84,3.6,1.0,0.0,False,False,0.01563902999624367,0.015518000590698374,0.20626541122866487,0.17515984597677894,0.2319900835141416,-0.015262110152621133,-0.0754828336348839,-0.47453871726146857,-1.5,0.13000000000000034,0.04999999999999982,0.26000000000000023,0.11000000000000032,0.0,0.0
2023-07-12,JPM,147.4499969482422,149.8699951171875,147.0,148.14999389648438,139.3127899169922,11323200,5.35,5.47,3.86,308.322,304.014,140.698,22125.625,13.54,3.6,1.0,0.0,False,False,0.004952111791144409,0.00493989041668342,0.20349344452317167,0.17534154880693636,0.2319912424565251,-0.08760107816711593,-0.08707647996970977,-0.47007571994270014,-1.6099999999999999,-0.0900000000000003,0.02999999999999936,0.10999999999999988,0.09999999999999964,0.0,0.0
2023-07-13,JPM,148.6999969482422,149.3699951171875,147.75,148.8699951171875,139.9898223876953,11234900,5.27,5.47,3.76,308.322,304.014,140.698,22125.625,13.61,3.6,1.0,0.0,False,False,0.004859801250886697,0.004848030536936859,0.19419092534954327,0.17519776877817506,0.23198612766169108,0.005169867060561328,-0.06790132963193357,-0.46940762346672976,-1.71,-0.29000000000000004,0.009999999999999787,0.029999999999999805,0.0699999999999994,0.0,0.0
2023-07-14,JPM,151.5500030517578,152.88999938964844,148.41000366210938,149.77000427246094,140.8361358642578,27028400,5.34,5.49,3.83,308.322,304.014,140.698,22125.625,13.34,3.6,1.0,0.0,False,True,0.006045535754868547,0.00602733482300529,0.1261558366309059,0.17488048044977605,0.23208164459363084,-0.01983835415135926,-0.06332247666180316,-0.473726548811877,-1.6600000000000001,-0.22999999999999954,0.03000000000000025,-0.009999999999999787,0.1299999999999999,0.0,0.0
2023-07-17,JPM,150.35000610351562,153.75,150.35000610351562,153.3800048828125,144.23080444335938,17262400,5.33,5.49,3.81,308.322,304.014,140.698,22125.625,13.48,3.6,1.0,0.0,False,False,0.0241036759370723,0.023817767524579606,0.15272305796049007,0.18739248403302697,0.18831355776719952,0.010494752623688264,-0.07009109258527028,-0.5152471013850749,-1.6800000000000002,-0.19999999999999973,0.009999999999999787,-0.020000000000000018,0.1299999999999999,0.0,0.0
2023-07-18,JPM,153.3800048828125,154.39999389648438,152.82000732421875,153.66000366210938,144.49411010742188,13491700,5.32,5.49,3.8,308.322,304.014,140.698,22125.625,13.3,3.6,1.0,0.0,False,False,0.0018255854918003411,0.0018239211359145158,0.1535968724703173,0.1857443909600492,0.1878926176903545,-0.013353115727002929,-0.10446468952334405,-0.5155322675483439,-1.6900000000000004,-0.1900000000000004,0.0,0.07999999999999963,0.16000000000000014,0.0,0.0
2023-07-19,JPM,152.75,155.2100067138672,152.22000122070312,154.25,145.0489044189453,12510000,5.32,5.49,3.75,308.322,304.014,140.698,22125.625,13.76,3.6,1.0,0.0,False,False,0.003839563502699095,0.0038322111925186753,0.13883042782866128,0.18551586201483233,0.186946247721662,0.03458646616541339,-0.1278808808404137,-0.5129596756414975,-1.7400000000000002,-0.10999999999999988,0.020000000000000462,-0.020000000000000018,0.15000000000000036,0.0,0.0
2023-07-20,JPM,154.52999877929688,156.58999633789062,154.41000366210938,156.14999389648438,146.83558654785156,9935900,5.35,5.49,3.85,308.322,304.014,140.698,22125.625,13.99,3.6,1.0,0.0,False,False,0.012317791272285383,0.012242544566701671,0.10648863086870204,0.1846989389190517,0.18808527541327671,0.01671511627906974,-0.09205525290807483,-0.5066765325004923,-1.6400000000000001,0.0900000000000003,0.020000000000000462,0.10999999999999988,0.10000000000000053,0.0,0.0
2023-07-21,JPM,155.8000030517578,156.13999938964844,154.69000244140625,154.9499969482422,145.7071533203125,10636400,5.35,5.5,3.84,308.322,304.014,140.698,22125.625,13.6,3.6,1.0,0.0,False,False,-0.007685011883487247,-0.007714693755460844,0.13469264746698878,0.18854050087499954,0.18880865287052348,-0.027877055039313814,-0.08676941575120867,-0.49518137545680746,-1.6600000000000001,0.009999999999999787,0.009999999999999787,0.11999999999999966,0.09999999999999964,0.0,0.0
2023-07-24,JPM,154.97000122070312,158.7899932861328,154.72999572753906,158.0,148.57521057128906,14381400,5.38,5.51,3.86,308.322,304.014,140.698,22125.625,13.91,3.6,1.0,0.0,False,False,0.01968370931433694,0.019492490301160435,0.14779544315131596,0.1742745838000566,0.19200316371739204,0.022794117647058965,-0.13358356139511277,-0.4778439260294189,-1.65,0.04999999999999982,0.019999999999999574,0.06000000000000005,0.10999999999999943,0.0,0.0
2023-07-25,JPM,157.3000030517578,157.72000122070312,155.9600067138672,156.82000732421875,147.4656219482422,9944700,5.38,5.51,3.91,308.322,304.014,140.698,22125.625,13.86,3.6,1.0,0.0,False,False,-0.007468194854177712,-0.007496221447262625,0.16162851877555906,0.17630584112200567,0.19293169714703887,-0.0035945363048167644,-0.07297105349006275,-0.47504298142833,-1.5999999999999996,0.11000000000000032,0.019999999999999574,0.16999999999999993,0.09999999999999964,0.0,0.0
2023-07-26,JPM,156.7100067138672,158.25,156.27999877929688,157.75999450683594,148.34951782226562,8728600,5.37,5.51,3.86,308.322,304.014,140.698,22125.625,13.19,3.6,1.0,0.0,False,False,0.00599391141030603,0.0059760193831946236,0.1614893175840432,0.17580188470700578,0.1869167512266459,-0.04834054834054835,-0.04510782926915144,-0.43918269995314874,-1.65,0.10999999999999988,0.019999999999999574,0.13999999999999968,0.009999999999999787,0.0,0.0
2023-07-27,JPM,157.77000427246094,158.77999877929688,155.5500030517578,156.02000427246094,146.7133026123047,10778400,5.4,5.51,4.01,308.322,304.014,140.698,22125.625,14.41,3.6,1.0,0.0,False,False,-0.01102946092431023,-0.01109073640201217,0.1837478159414197,0.18479865089877873,0.18441707470746524,0.0924943138741472,-0.22286297853244894,-0.46259001723892634,-1.5,0.1599999999999997,0.019999999999999574,0.23999999999999977,0.0699999999999994,0.0,0.0
2023-07-28,JPM,157.27999877929688,157.60000610351562,156.44000244140625,156.91000366210938,147.5502166748047,9103800,5.37,5.52,3.96,308.322,304.014,140.698,22125.625,13.33,3.6,1.0,0.0,False,False,0.005704418396957234,0.005688209813481592,0.1836866377385706,0.18108456170346965,0.18319229416921312,-0.07494795281054822,-0.23376452428884623,-0.44948340909160955,-1.5599999999999996,0.1200000000000001,0.019999999999999574,0.25,0.07999999999999918,0.0,0.0
2023-07-31,JPM,157.17999267578125,159.3800048828125,157.14999389648438,157.9600067138672,148.5376434326172,8892700,5.37,5.55,3.97,308.322,304.014,140.698,22125.625,13.63,3.6,1.0,0.0,False,False,0.006692140344251474,0.006669847376236283,0.1508351617941369,0.14964469793702306,0.18295472620729303,0.022505626406601698,-0.30503420363804257,-0.44106705692675396,-1.5799999999999996,0.11000000000000032,0.040000000000000036,0.1200000000000001,0.08999999999999986,0.0,0.0
2023-08-01,JPM,157.42999267578125,158.0,156.14999389648438,157.17999267578125,147.80410766601562,6853900,5.38,5.54,4.05,309.58,306.082,142.409,22125.625,13.93,3.7,1.0,0.0,False,False,-0.004938382955660181,-0.004950617063193371,0.1559874693246214,0.1496268955450785,0.17937794658527376,0.022010271460014552,-0.3282782122897737,-0.46459812770880093,-1.4900000000000002,0.13999999999999968,0.03000000000000025,0.23999999999999977,0.11000000000000032,0.0,0.0
2023-08-02,JPM,155.55999755859375,155.69000244140625,153.94000244140625,155.39999389648438,146.1303253173828,8299400,5.36,5.53,4.08,309.58,306.082,142.409,22125.625,16.09,3.7,1.0,0.0,False,False,-0.011324329039724357,-0.011388937481763268,0.16980743369958737,0.15796972881614493,0.17763172281460363,0.1550610193826274,-0.4462238360679145,-0.45588773242097175,-1.4500000000000002,0.2200000000000002,0.020000000000000462,0.2200000000000002,0.08999999999999986,0.0,0.0
2023-08-03,JPM,155.0,156.9199981689453,154.35000610351562,156.35000610351562,147.0236358642578,6084000,5.37,5.54,4.2,309.58,306.082,142.409,22125.625,15.92,3.7,1.0,0.0,False,False,0.006113108589437477,0.006094499342844979,0.1607103894957746,0.1541551652540706,0.1713875209940796,-0.010565568676196402,-0.431300133481218,-0.4539219508405594,-1.3399999999999999,0.1900000000000004,0.03000000000000025,0.25,0.09999999999999964,0.0,0.0
2023-08-04,JPM,156.39999389648438,157.8000030517578,155.6999969482422,156.02000427246094,146.7133026123047,6209400,5.33,5.54,4.05,309.58,306.082,142.409,22125.625,17.1,3.7,1.0,0.0,False,False,-0.0021107711704235754,-0.002113001987606379,0.15542963510061286,0.1476776514606275,0.16849845792684323,0.07412060301507539,-0.3867936948806852,-0.4321003338166579,-1.4900000000000002,0.08999999999999986,0.020000000000000462,0.0,0.08000000000000007,0.0,0.0
2023-08-07,JPM,156.60000610351562,157.6999969482422,156.60000610351562,156.75999450683594,147.40919494628906,7251800,5.3,5.56,4.09,309.58,306.082,142.409,22125.625,15.77,3.7,1.0,0.0,False,False,0.004743212248607742,0.004731998662356083,0.11876581904799188,0.14706522350995457,0.1650629464151632,-0.07777777777777783,-0.36247306499586096,-0.3921184507454357,-1.4699999999999998,0.11999999999999966,0.009999999999999787,0.03000000000000025,0.09999999999999964,0.0,0.0
2023-08-08,JPM,154.32000732421875,155.97999572753906,152.58999633789062,155.8800048828125,146.58168029785156,8623400,5.35,5.57,4.02,309.58,306.082,142.409,22125.625,15.99,3.7,1.0,0.0,False,False,-0.005613724766213024,-0.005629540938621318,0.1161545524085416,0.15056309510393387,0.16581812022593595,0.013950538998097617,-0.3645198208108058,-0.3934926407354484,-1.5500000000000007,-0.03000000000000025,0.03000000000000025,0.009999999999999787,0.08999999999999986,0.0,0.0
2023-08-09,JPM,155.32000732421875,155.52000427246094,153.47000122070312,153.7899932861328,144.6163330078125,6277800,5.35,5.55,4.0,309.58,306.082,142.409,22125.625,15.96,3.7,1.0,0.0,False,False,-0.013407864380088341,-0.013498561408358449,0.126000892842173,0.1546255599468035,0.1681911248323146,-0.0018761726078798668,-0.32361889800745397,-0.38054024343318166,-1.5499999999999998,-0.08000000000000007,0.019999999999999574,0.009999999999999787,0.05999999999999961,0.0,0.0
2023-08-10,JPM,154.3800048828125,155.44000244140625,153.08999633789062,153.55999755859375,144.40005493164062,5995100,5.33,5.54,4.09,309.58,306.082,142.409,22125.625,15.85,3.7,1.0,0.0,False,False,-0.0014955300806872573,-0.0014966495020231041,0.11664655193244527,0.1546987261118519,0.16831191764759568,-0.006892230576441172,-0.3155232281060343,-0.38371442140993456,-1.4500000000000002,-0.11000000000000032,0.0,0.22999999999999998,0.07000000000000028,0.0,0.0
2023-08-11,JPM,153.02999877929688,154.52000427246094,152.6300048828125,154.4499969482422,145.2369842529297,5180700,5.36,5.54,4.16,309.58,306.082,142.409,22125.625,14.84,3.7,1.0,0.0,False,False,0.0057959072223709995,0.005779175571042366,0.11680624431513463,0.15497026464589395,0.1681522934493044,-0.06372239747634068,-0.3274805893768498,-0.38628723063731857,-1.38,0.11000000000000032,0.0,0.40000000000000036,0.07000000000000028,0.0,0.0
2023-08-14,JPM,153.61000061035156,154.9199981689453,152.9199981689453,154.77000427246094,145.5378875732422,5044300,5.37,5.56,4.19,309.58,306.082,142.409,22125.625,14.82,3.7,1.0,0.0,False,False,0.0020718092010811873,0.0020696659641398292,0.10978015407837188,0.15419912972644922,0.16475182867481294,-0.0013477088948786742,-0.32051309648994886,-0.3907916916490385,-1.3699999999999992,0.10000000000000053,0.0,0.3600000000000003,0.0699999999999994,0.0,0.0
2023-08-15,JPM,152.85000610351562,153.27000427246094,150.22999572753906,150.8300018310547,141.8329315185547,10300300,5.36,5.56,4.21,309.58,306.082,142.409,22125.625,16.46,3.7,1.0,0.0,False,False,-0.025456986606480547,-0.02578662207221815,0.1624435696384353,0.15964445523296136,0.17362806145277185,0.11066126855600533,-0.5131602126094449,-0.44348262677076117,-1.3499999999999996,0.1900000000000004,-0.010000000000000675,0.3999999999999999,0.0699999999999994,0.0,0.0
2023-08-16,JPM,150.60000610351562,150.9600067138672,149.67999267578125,150.19000244140625,141.23109436035156,6978200,5.37,5.56,4.28,309.58,306.082,142.409,22125.625,16.78,3.7,1.0,0.0,False,False,-0.0042432822318446695,-0.004252310502612999,0.15737809381161408,0.15977445622651879,0.17319667757427368,0.019441069258809174,-0.511127698149716,-0.4384947646426068,-1.2799999999999994,0.28000000000000025,0.009999999999999787,0.4800000000000004,0.0699999999999994,0.0,0.0
2023-08-17,JPM,150.8800048828125,151.25999450683594,148.39999389648438,148.6300048828125,139.76416015625,9953900,5.36,5.56,4.3,309.58,306.082,142.409,22125.625,17.89,3.7,1.0,0.0,False,False,-0.010386765115327101,-0.010441084019287176,0.15118520435856053,0.16187334582871188,0.16501003064895117,0.06615017878426688,-0.5441235345525582,-0.42930675258072304,-1.2599999999999998,0.20999999999999996,0.019999999999999574,0.5499999999999998,0.0699999999999994,0.0,0.0
2023-08-18,JPM,147.64999389648438,149.5,147.44000244140625,148.97000122070312,140.08389282226562,8517500,5.35,5.55,4.26,309.58,306.082,142.409,22125.625,17.3,3.7,1.0,0.0,False,False,0.0022876584788129595,0.0022850457720502673,0.15514874433817225,0.1545228493469878,0.16452545907118904,-0.03297931805477916,-0.5831161882598761,-0.4238141903933369,-1.29,0.09999999999999964,0.009999999999999787,0.4099999999999997,0.05999999999999961,0.0,0.0
2023-08-21,JPM,149.64999389648438,150.10000610351562,148.02000427246094,149.47999572753906,140.56346130371094,8327000,5.37,5.57,4.34,309.58,306.082,142.409,22125.625,17.13,3.7,1.0,0.0,False,False,0.003423437711384647,0.003417591088402674,0.15305558781853593,0.1543665654797998,0.16443565241791097,-0.009826589595375856,-0.6181924708912458,-0.42244451524926774,-1.2300000000000004,0.14999999999999947,0.010000000000000675,0.5,0.07000000000000028,0.0,0.0
2023-08-22,JPM,149.25999450683594,149.63999938964844,145.85000610351562,146.3800048828125,137.6483612060547,9673300,5.39,5.57,4.34,309.58,306.082,142.409,22125.625,16.97,3.7,1.0,0.0,False,False,-0.02073867611553537,-0.020956742669036424,0.17348323226309023,0.14781455187065629,0.16929808515657388,-0.009340338587273789,-0.6337747043243043,-0.39820042195968564,-1.2300000000000004,0.1299999999999999,0.010000000000000675,0.48,0.0600000000000005,0.0,0.0
2023-08-23,JPM,146.35000610351562,147.58999633789062,145.4600067138672,147.3699951171875,138.5792999267578,7858000,5.35,5.57,4.19,309.58,306.082,142.409,22125.625,15.98,3.7,1.0,0.0,False,False,0.0067631660307931885,0.0067403984198539805,0.1795730474643053,0.15131747173918064,0.16803131378694966,-0.05833824395992915,-0.6636704542935596,-0.3874434224416297,-1.38,-0.08999999999999986,0.010000000000000675,0.28000000000000025,0.0600000000000005,0.0,0.0
2023-08-24,JPM,147.5,149.41000366210938,146.99000549316406,147.22999572753906,138.4476318359375,6534000,5.39,5.58,4.23,309.58,306.082,142.409,22125.625,17.2,3.7,1.0,0.0,False,False,-0.000950128128009764,-0.0009505797858507909,0.1798294297798888,0.14803036605543765,0.1667399300431103,0.07634543178973718,-0.6170890472546268,-0.3711217587568586,-1.3499999999999996,-0.0699999999999994,0.020000000000000462,0.37000000000000055,0.07000000000000028,0.0,0.0
2023-08-25,JPM,147.27999877929688,148.6199951171875,145.85000610351562,147.0500030517578,138.2783966064453,6695500,5.44,5.61,4.25,309.58,306.082,142.409,22125.625,15.68,3.7,1.0,0.0,False,False,-0.0012223772068036265,-0.0012231249192079924,0.17221315221633035,0.1454012885034809,0.16681216053976455,-0.08837209302325577,-0.5751178207288727,-0.356783026309341,-1.3600000000000003,-0.009999999999999787,0.0600000000000005,0.2400000000000002,0.10000000000000053,0.0,0.0
2023-08-28,JPM,147.57000732421875,148.61000061035156,147.1300048828125,147.55999755859375,138.75796508789062,5094100,5.44,5.58,4.2,309.58,306.082,142.409,22125.625,15.08,3.7,1.0,0.0,False,False,0.0034681374185312475,0.0034621372987788854,0.17392664460569562,0.14395741501645262,0.16609026892460624,-0.03826530612244894,-0.561205414705212,-0.3488443272045653,-1.38,-0.13999999999999968,0.009999999999999787,0.2400000000000002,0.0600000000000005,0.0,0.0
2023-08-29,JPM,147.7100067138672,148.85000610351562,147.17999267578125,148.75999450683594,139.88636779785156,6337000,5.37,5.56,4.12,309.58,306.082,142.409,22125.625,14.45,3.7,1.0,0.0,False,False,0.008132165308464945,0.008099277431621327,0.13894649055217498,0.14523739183364578,0.16657634869389779,-0.04177718832891253,-0.6088664774308158,-0.3529666556071397,-1.4399999999999995,-0.21999999999999975,-0.010000000000000675,0.1499999999999999,0.009999999999999787,0.0,0.0
2023-08-30,JPM,148.6199951171875,149.14999389648438,147.19000244140625,148.16000366210938,139.3221893310547,6277300,5.39,5.56,4.12,309.58,306.082,142.409,22125.625,13.88,3.7,1.0,0.0,False,False,-0.004033119707648414,-0.004041274668945223,0.13882841020370487,0.14510637023403342,0.1644527116214733,-0.03944636678200686,-0.595725993091392,-0.3384393655597832,-1.4399999999999995,-0.07000000000000028,-0.010000000000000675,0.07000000000000028,0.019999999999999574,0.0,0.0
2023-08-31,JPM,148.25999450683594,148.35000610351562,145.9600067138672,146.3300018310547,137.60134887695312,10933900,5.37,5.56,4.09,309.58,306.082,142.409,22125.625,13.57,3.7,1.0,0.0,False,False,-0.012351517460097772,-0.01242843144437871,0.1427704808404958,0.14592272639712472,0.1648821164793517,-0.022334293948126804,-0.5514439503961394,-0.2969914379827071,-1.4699999999999998,-0.14000000000000057,-0.020000000000000462,0.009999999999999787,0.02999999999999936,0.0,0.0
2023-09-01,JPM,146.08999633789062,148.0800018310547,145.6999969482422,146.82000732421875,138.06211853027344,7903500,5.36,5.53,4.18,310.539,307.276,142.744,22125.625,13.09,3.7,1.0,0.0,False,False,0.003348583840790287,0.0033429898184774744,0.14366415335017477,0.1440942272141258,0.16003012818428866,-0.03537214443625647,-0.5699476634103399,-0.2693269980089049,-1.3500000000000005,-0.07000000000000028,-0.08000000000000007,-0.020000000000000462,-0.009999999999999787,0.0,0.0
2023-09-05,JPM,147.16000366210938,148.2100067138672,145.00999450683594,145.1999969482422,136.5387420654297,7854700,5.42,5.55,4.27,310.539,307.276,142.744,22125.625,14.01,3.7,1.0,0.0,False,False,-0.011033993111656537,-0.01109531914492732,0.14828370126161966,0.1467369898245485,0.16038015038037293,0.07028265851795257,-0.6352078330427054,-0.28792626851032777,-1.2800000000000002,0.0699999999999994,-0.03000000000000025,0.21999999999999975,0.009999999999999787,0.0,0.0
2023-09-06,JPM,144.6999969482422,145.5399932861328,144.11000061035156,144.9600067138672,136.3130645751953,8629200,5.44,5.55,4.3,310.539,307.276,142.744,22125.625,14.45,3.7,1.0,0.0,False,False,-0.0016528458283746605,-0.0016542132850452757,0.10892408624964543,0.14390562379046162,0.16044071132304225,0.031406138472519496,-0.598681217768504,-0.29028781656457137,-1.25,0.17999999999999972,-0.009999999999999787,0.20999999999999996,-0.009999999999999787,0.0,0.0
2023-09-07,JPM,144.1300048828125,145.27000427246094,143.38999938964844,143.72000122070312,135.1470184326172,8373700,5.4,5.53,4.27,310.539,307.276,142.744,22125.625,14.4,3.7,1.0,0.0,False,False,-0.00855417744595488,-0.008590974417332427,0.10565885136439374,0.14476216372606435,0.160471204603679,-0.0034602076124566894,-0.5932494441821083,-0.28777795291441355,-1.2600000000000007,0.14999999999999947,-0.02999999999999936,0.25,-0.040000000000000036,0.0,0.0
2023-09-08,JPM,143.3699951171875,144.1199951171875,142.64999389648438,143.8300018310547,135.25045776367188,7107900,5.42,5.55,4.26,310.539,307.276,142.744,22125.625,13.84,3.7,1.0,0.0,False,False,0.0007653837447125778,0.0007650909879455658,0.10671268993606463,0.14119388737561825,0.16047210428350125,-0.03888888888888897,-0.6146351828172799,-0.28722847010652414,-1.29,0.16999999999999993,-0.009999999999999787,0.2599999999999998,0.0,0.0,0.0
2023-09-11,JPM,144.75,145.0500030517578,143.69000244140625,144.4600067138672,135.84286499023438,6854200,5.4,5.55,4.29,310.539,307.276,142.744,22125.625,13.8,3.7,1.0,0.0,False,False,0.004380075575031617,0.004370510962988617,0.1119142366792246,0.14352324899137925,0.16063531498641748,-0.0028901734104045396,-0.6022746585340328,-0.28811549060967134,-1.2599999999999998,0.11000000000000032,0.019999999999999574,0.20000000000000018,0.009999999999999787,0.0,0.0
2023-09-12,JPM,144.5,147.32000732421875,144.0500030517578,146.33999633789062,137.61074829101562,8363200,5.42,5.56,4.27,310.539,307.276,142.744,22125.625,14.23,3.7,1.0,0.0,False,False,0.013014178557764877,0.012930221770534472,0.1325205988680672,0.15092460138220973,0.1625432147623859,0.031159420289855078,-0.4749727353425195,-0.27663690015590015,-1.29,0.0,0.009999999999999787,0.10999999999999943,0.019999999999999574,0.0,0.0
2023-09-13,JPM,147.33999633789062,147.6999969482422,145.82000732421875,146.41000366210938,137.67657470703125,8325900,5.42,5.55,4.25,310.539,307.276,142.744,22125.625,13.48,3.7,1.0,0.0,False,False,0.00047835228594506063,0.0004782379119629098,0.12334674551283797,0.15040817634494089,0.16200418804277578,-0.05270555165144064,-0.48112666498681717,-0.2697432252163927,-1.2999999999999998,-0.04999999999999982,0.0,0.05999999999999961,-0.009999999999999787,0.0,0.0
2023-09-14,JPM,147.83999633789062,149.89999389648438,147.52000427246094,149.25,140.34715270996094,10034900,5.42,5.55,4.29,310.539,307.276,142.744,22125.625,12.82,3.7,1.0,0.0,False,False,0.01939747563165728,0.01921174259315066,0.16015983486141322,0.14379969796454725,0.1659648086401486,-0.04896142433234418,-0.3324922083185098,-0.2984866367365466,-1.2599999999999998,0.020000000000000462,0.019999999999999574,0.08000000000000007,-0.009999999999999787,0.0,0.0
2023-09-15,JPM,148.9199981689453,149.72999572753906,148.30999755859375,148.80999755859375,139.93341064453125,19863400,5.43,5.56,4.33,310.539,307.276,142.744,22125.625,13.79,3.7,1.0,0.0,False,False,-0.00294799044683669,-0.0029523443295825973,0.14467131196740138,0.1434425238534882,0.16481248889152575,0.07566302652106072,-0.32166101665419533,-0.3201880783218165,-1.2299999999999995,0.07000000000000028,0.009999999999999787,0.04999999999999982,0.0,0.0,0.0
2023-09-18,JPM,148.16000366210938,149.13999938964844,147.75,149.1199951171875,140.22486877441406,6512400,5.44,5.55,4.32,310.539,307.276,142.744,22125.625,14.0,3.7,1.0,0.0,False,False,0.002082834460622074,0.0020806683681467916,0.14440370092694427,0.13892921871296907,0.16483223085684684,0.015228426395939243,-0.2480525573539866,-0.32325506415485683,-1.2299999999999995,0.03000000000000025,0.0,0.020000000000000462,-0.009999999999999787,0.0,0.0
2023-09-19,JPM,149.5,149.72000122070312,147.2100067138672,148.92999267578125,140.04624938964844,7943400,5.45,5.54,4.37,310.539,307.276,142.744,22125.625,14.11,3.7,1.0,0.0,False,False,-0.0012738067528733632,-0.0012746187343067295,0.12777348353636364,0.13878927579069011,0.16445677938132033,0.007857142857142785,-0.24565019629499305,-0.3205852420659731,-1.17,0.10000000000000053,-0.019999999999999574,0.11000000000000032,-0.009999999999999787,0.0,0.0
2023-09-20,JPM,149.64999389648438,150.25,148.13999938964844,148.3000030517578,139.4538116455078,7332000,5.47,5.56,4.35,310.539,307.276,142.744,22125.625,15.14,3.7,1.0,0.0,False,False,-0.004230300680829302,-0.004239273717457483,0.13077123176931302,0.1389391600224747,0.16470537371320185,0.07299787384833456,-0.26512427872530187,-0.3324710961942126,-1.21,0.09999999999999964,0.009999999999999787,0.009999999999999787,-0.010000000000000675,0.0,0.0
2023-09-21,JPM,147.5800018310547,148.85000610351562,146.6300048828125,147.13999938964844,138.36302185058594,8052400,5.46,5.57,4.49,310.539,307.276,142.744,22125.625,17.54,3.7,1.0,0.0,False,False,-0.007821871500326316,-0.00785262279730041,0.12909472967647545,0.12070178125425142,0.16050536975100943,0.15852047556142668,-0.3999421863756703,-0.37413774098781083,-1.08,0.20000000000000018,0.020000000000000462,0.15000000000000036,0.0,0.0,0.0
2023-09-22,JPM,147.2899932861328,147.50999450683594,145.19000244140625,145.72999572753906,137.037109375,7071700,5.46,5.56,4.44,310.539,307.276,142.744,22125.625,17.2,3.7,1.0,0.0,False,False,-0.009582852830561595,-0.009629063823814274,0.1425186854499698,0.1229051253262169,0.16142971967379313,-0.019384264538198415,-0.33100588599239233,-0.35833287675395614,-1.1199999999999992,0.11000000000000032,0.0,0.25,-0.010000000000000675,0.0,0.0
2023-09-25,JPM,145.35000610351562,146.52000427246094,143.6999969482422,146.4499969482422,137.71417236328125,7044700,5.45,5.58,4.55,310.539,307.276,142.744,22125.625,16.9,3.7,1.0,0.0,False,False,0.004940727306415038,0.004928561967217821,0.14288104768958565,0.12433246112350158,0.16160411279074174,-0.01744186046511631,-0.3467832374172101,-0.3657395316612019,-1.0300000000000002,0.22999999999999954,0.03000000000000025,0.3199999999999994,0.0,0.0,0.0
2023-09-26,JPM,144.60000610351562,145.83999633789062,144.22999572753906,144.92999267578125,136.2848358154297,7468400,5.45,5.58,4.56,310.539,307.276,142.744,22125.625,18.94,3.7,1.0,0.0,False,False,-0.010379008371637077,-0.010433245893221896,0.1379969956678442,0.12923486772945206,0.1631851029382786,0.12071005917159772,-0.4495815063740332,-0.38880786657792843,-1.0200000000000005,0.1899999999999995,0.040000000000000036,0.3099999999999996,-0.03000000000000025,0.0,0.0
2023-09-27,JPM,145.19000244140625,146.08999633789062,144.50999450683594,145.77999877929688,137.08413696289062,6717800,5.49,5.58,4.61,310.539,307.276,142.744,22125.625,18.22,3.7,1.0,0.0,False,False,0.0058649309197058574,0.005847799164098633,0.14214316013377506,0.13045941929804797,0.16315903069143198,-0.03801478352692722,-0.4573601251018069,-0.39837014989469016,-0.9699999999999998,0.2600000000000007,0.020000000000000462,0.41000000000000014,0.0,0.0,0.0
2023-09-28,JPM,146.27999877929688,148.8699951171875,146.00999450683594,147.58999633789062,138.78619384765625,8868100,5.46,5.56,4.59,310.539,307.276,142.744,22125.625,17.34,3.7,1.0,0.0,False,False,0.01241614764826049,0.012339699431508165,0.11762419713173068,0.13476894115240634,0.15027323559551556,-0.04829857299670681,-0.4708542159525516,-0.45223270446382635,-0.9699999999999998,0.09999999999999964,-0.010000000000000675,0.46999999999999975,0.0,0.0,0.0
2023-09-29,JPM,148.60000610351562,148.75999450683594,144.86000061035156,145.02000427246094,136.36949157714844,11917800,5.46,5.55,4.59,310.539,307.276,142.744,22125.625,17.52,3.7,1.0,0.0,False,False,-0.017413131692051387,-0.017566523566538546,0.14393879092139927,0.14699359384336902,0.1520826276843318,0.01038062283737018,-0.4547747706800314,-0.4489739873865011,-0.96,0.14999999999999947,-0.009999999999999787,0.46999999999999975,-0.009999999999999787,0.0,0.0
2023-10-02,JPM,144.8300018310547,145.6199951171875,142.6300048828125,143.77000427246094,135.19403076171875,9170600,5.49,5.62,4.69,310.539,307.276,142.744,22125.625,17.61,3.7,1.0,0.0,False,False,-0.00861967586617196,-0.008657040139080462,0.14429644314297124,0.14385254861846056,0.15219520921451554,0.005136986301369939,-0.5018338569061975,-0.44685223034498506,-0.9299999999999997,0.14000000000000057,0.040000000000000036,0.6000000000000005,0.0600000000000005,0.0,0.0
2023-10-03,JPM,143.1999969482422,143.58999633789062,142.35000610351562,142.7100067138672,134.19728088378906,9431100,5.49,5.62,4.81,310.539,307.276,142.744,22125.625,19.78,3.7,1.0,0.0,False,False,-0.007372735854636048,-0.007400048801864163,0.14474436395349377,0.14472714634675793,0.15232589892825277,0.12322544009085767,-0.5089565912311627,-0.45022679811920496,-0.8100000000000005,0.25,0.040000000000000036,0.6299999999999999,0.08999999999999986,0.0,0.0
2023-10-04,JPM,143.19000244140625,143.47000122070312,141.92999267578125,143.35000610351562,134.7991180419922,8128700,5.42,5.61,4.73,310.539,307.276,142.744,22125.625,18.58,3.7,1.0,0.0,False,False,0.004484719468528464,0.0044746930800227585,0.1512533494435695,0.14153492042229526,0.15131059190072052,-0.06066734074823066,-0.499967589980991,-0.4406843383437444,-0.8799999999999999,0.1200000000000001,0.03000000000000025,0.46000000000000085,0.0600000000000005,0.0,0.0
2023-10-05,JPM,142.0399932861328,143.10000610351562,140.8300018310547,142.89999389648438,135.36744689941406,8576200,5.39,5.61,4.72,310.539,307.276,142.744,22125.625,18.49,3.7,1.05,0.050000000000000044,False,False,0.004216117031602851,0.004207254112859719,0.15340163315806543,0.14244390213389768,0.1507162305937786,-0.004843918191603902,-0.5027094932513612,-0.43524836381044907,-0.8900000000000006,0.1299999999999999,0.05000000000000071,0.41999999999999993,0.0600000000000005,0.050000000000000044,0.0
2023-10-06,JPM,142.91000366210938,145.8800048828125,142.13999938964844,145.10000610351562,137.45150756835938,10270600,5.43,5.63,4.78,310.539,307.276,142.744,22125.625,17.45,3.7,1.05,0.050000000000000044,False,False,0.015395582296044097,0.015278272818564831,0.16966952864825843,0.14885911120461703,0.15340846553474657,-0.05624661979448342,-0.5650058086307707,-0.45287618556061093,-0.8499999999999996,0.1900000000000004,0.08000000000000007,0.5100000000000007,0.09999999999999964,0.050000000000000044,0.0
2023-10-09,JPM,143.66000366210938,145.39999389648438,143.5,144.77000427246094,137.13888549804688,6964900,5.4,5.62,4.720000000000001,310.539,307.276,142.744,22125.625,17.7,3.7,1.05,0.050000000000000044,False,False,-0.00227441718059751,-0.0022770075958885943,0.16801560258293202,0.14924194337161126,0.15024021264012952,0.014326647564469885,-0.5732081891565621,-0.4544660861736988,-0.8999999999999995,0.03000000000000025,0.0,0.46000000000000085,0.07000000000000028,0.050000000000000044,0.0
2023-10-10,JPM,145.4199981689453,146.77000427246094,145.27999877929688,145.64999389648438,137.97250366210938,11288800,5.37,5.61,4.66,310.539,307.276,142.744,22125.625,17.03,3.7,1.05,0.050000000000000044,False,False,0.006078641816542829,0.006060241402078583,0.16073164305506743,0.14988464249664366,0.1504117386390114,-0.03785310734463265,-0.5802353063143026,-0.4555133856320517,-0.9500000000000002,-0.14999999999999947,-0.009999999999999787,0.3700000000000001,0.0600000000000005,0.050000000000000044,0.0
2023-10-11,JPM,146.50999450683594,147.22999572753906,145.02000427246094,146.14999389648438,138.44613647460938,8698200,5.38,5.61,4.58,310.539,307.276,142.744,22125.625,16.09,3.7,1.05,0.050000000000000044,False,False,0.0034328058122357064,0.003426927183981377,0.15923698880697226,0.1436314176042554,0.15024643488132264,-0.05519671168526141,-0.630237913062762,-0.4583609245024905,-1.0300000000000002,-0.15000000000000036,0.0,0.3100000000000005,0.05000000000000071,0.050000000000000044,0.0
2023-10-12,JPM,146.3000030517578,146.9600067138672,145.1300048828125,145.80999755859375,138.12405395507812,10484400,5.43,5.63,4.7,310.539,307.276,142.744,22125.625,16.69,3.7,1.05,0.050000000000000044,False,False,-0.0023264103118566526,-0.0023291206086504183,0.14647335519791982,0.14391356891079957,0.14977289570346772,0.03729024238657552,-0.6457713089529962,-0.45672810700361793,-0.9299999999999997,-0.019999999999999574,0.019999999999999574,0.4500000000000002,0.08000000000000007,0.050000000000000044,0.0
2023-10-13,JPM,148.5,153.11000061035156,147.83999633789062,148.0,140.19862365722656,29427000,5.41,5.62,4.63,310.539,307.276,142.744,22125.625,19.32,3.7,1.05,0.050000000000000044,False,True,0.015019612028062346,0.014907934502214762,0.1302070656115175,0.13735544836567473,0.1449207543036214,0.15757938885560208,-0.3444290440874246,-0.3815701678279665,-0.9900000000000002,-0.15000000000000036,-0.009999999999999787,0.33999999999999986,0.07000000000000028,0.050000000000000044,0.0
2023-10-16,JPM,149.4499969482422,149.52000427246094,146.72000122070312,147.85000610351562,140.05654907226562,12663500,5.42,5.61,4.71,310.539,307.276,142.744,22125.625,17.21,3.7,1.05,0.050000000000000044,False,False,-0.001013380739801728,-0.00101389455722141,0.1163416754728612,0.13700311829845896,0.14485088786958963,-0.10921325051759834,-0.3012781032163198,-0.3677286866514081,-0.9000000000000004,-0.010000000000000675,-0.009999999999999787,0.3799999999999999,0.05000000000000071,0.050000000000000044,0.0
2023-10-17,JPM,147.57000732421875,149.30999755859375,146.7899932861328,147.52999877929688,139.75343322753906,11482700,5.48,5.62,4.83,310.539,307.276,142.744,22125.625,17.88,3.7,1.05,0.050000000000000044,False,False,-0.0021642389929953376,-0.002166584342747337,0.10498212075589348,0.13699675826419452,0.1446191627962104,0.03893085415456121,-0.3048380271784849,-0.3732627827452032,-0.79,0.16999999999999993,0.009999999999999787,0.5099999999999998,0.07000000000000028,0.050000000000000044,0.0
2023-10-18,JPM,146.58999633789062,147.47999572753906,145.3699951171875,145.91000366210938,138.21881103515625,9620300,5.47,5.61,4.91,310.539,307.276,142.744,22125.625,19.22,3.7,1.05,0.050000000000000044,False,False,-0.010980926600094532,-0.011041662004533718,0.12932624362358508,0.14208132930646336,0.14371616540506651,0.07494407158836691,-0.3363150138365352,-0.39607370733413283,-0.7000000000000002,0.33000000000000007,0.0,0.54,0.07000000000000028,0.050000000000000044,0.0
2023-10-19,JPM,145.47999572753906,147.02000427246094,144.8800048828125,145.2899932861328,137.63148498535156,11143600,5.44,5.6,4.98,310.539,307.276,142.744,22125.625,21.4,3.7,1.05,0.050000000000000044,False,False,-0.004249248314365128,-0.004258302026734285,0.13313291781660688,0.14208744263122455,0.14322127397954718,0.11342351716961496,-0.33850304190498415,-0.40641032731436344,-0.6199999999999992,0.28000000000000025,-0.03000000000000025,0.6300000000000008,0.040000000000000036,0.050000000000000044,0.0
2023-10-20,JPM,144.57000732421875,145.13999938964844,142.1199951171875,142.9499969482422,135.41481018066406,13332900,5.41,5.58,4.93,310.539,307.276,142.744,22125.625,21.71,3.7,1.05,0.050000000000000044,False,False,-0.016105869997140698,-0.016236979178768846,0.13680899164122046,0.15019725489713454,0.14033646972108804,0.014485981308411278,-0.2749085724812484,-0.42590997491712573,-0.6500000000000004,0.2999999999999998,-0.040000000000000036,0.4399999999999995,0.009999999999999787,0.050000000000000044,0.0
2023-10-23,JPM,142.94000244140625,143.67999267578125,140.72999572753906,141.0,133.56764221191406,10133400,5.42,5.58,4.86,310.539,307.276,142.744,22125.625,20.37,3.7,1.05,0.050000000000000044,False,False,-0.013640812007826852,-0.013734702691757689,0.15009353257894784,0.15379083407721872,0.14197004769786997,-0.06172270842929528,-0.21609609513735792,-0.39494099401353705,-0.7199999999999998,0.15000000000000036,-0.03000000000000025,0.41999999999999993,0.020000000000000462,0.050000000000000044,0.0
2023-10-24,JPM,141.19000244140625,141.72999572753906,140.36000061035156,141.1699981689453,133.72866821289062,8881400,5.41,5.58,4.83,310.539,307.276,142.744,22125.625,18.97,3.7,1.05,0.050000000000000044,False,False,0.0012055764278677827,0.0012048503041459026,0.14407261595014026,0.1524497985250736,0.14125802973056828,-0.06872852233676985,-0.21451307007817236,-0.38881393848673657,-0.75,0.0,-0.040000000000000036,0.28000000000000025,0.0,0.050000000000000044,0.0
2023-10-25,JPM,140.57000732421875,141.17999267578125,139.50999450683594,140.39999389648438,132.99925231933594,8242600,5.43,5.59,4.95,310.539,307.276,142.744,22125.625,20.19,3.7,1.05,0.050000000000000044,False,False,-0.005454446703929583,-0.005469376512330584,0.13959817509815364,0.14968788468424227,0.14017376599371625,0.0643120716921457,-0.16900214480831502,-0.37815206526317546,-0.6399999999999997,0.040000000000000036,-0.020000000000000462,0.39000000000000057,0.009999999999999787,0.050000000000000044,0.0
2023-10-26,JPM,139.75999450683594,141.6699981689453,139.42999267578125,140.75999450683594,133.3402557373047,9109400,5.39,5.59,4.86,310.539,307.276,142.744,22125.625,20.68,3.7,1.05,0.050000000000000044,False,False,0.002563949887101513,0.002560668575139277,0.1433579147114548,0.14817374194461766,0.13965525716647076,0.024269440316988522,-0.1430983939229477,-0.3651352081149293,-0.7299999999999995,-0.1200000000000001,-0.009999999999999787,0.25,0.009999999999999787,0.050000000000000044,0.0
2023-10-27,JPM,138.9499969482422,139.10000610351562,135.19000244140625,135.69000244140625,128.53750610351562,17434700,5.39,5.59,4.84,310.539,307.276,142.744,22125.625,21.27,3.7,1.05,0.050000000000000044,True,False,-0.03601875223076678,-0.03668343708233649,0.18539479295441585,0.18417772767568724,0.1552564345662712,0.02852998065764023,-0.10203874446916694,-0.35002510887510885,-0.75,-0.08999999999999986,0.009999999999999787,0.25,0.03000000000000025,0.050000000000000044,0.0
2023-10-30,JPM,136.44000244140625,138.0399932861328,136.0399932861328,137.4199981689453,130.17633056640625,9855500,5.41,5.6,4.88,310.539,307.276,142.744,22125.625,19.75,3.7,1.05,0.050000000000000044,False,False,0.0127497764082245,0.012669182323768112,0.21205313224410505,0.18517714078891284,0.1580066295081585,-0.07146215326751293,-0.1744871340607306,-0.36888184855497125,-0.7199999999999998,0.019999999999999574,0.019999999999999574,0.29000000000000004,0.04999999999999982,0.050000000000000044,0.0
2023-10-31,JPM,137.7100067138672,139.24000549316406,137.47000122070312,139.05999755859375,131.72987365722656,9672500,5.44,5.59,4.88,310.539,307.276,142.744,22125.625,18.14,3.7,1.05,0.050000000000000044,False,False,0.011934144126360957,0.011863493773854197,0.23231983315760088,0.18976691475713012,0.15923911709598995,-0.0815189873417721,-0.23202404118621275,-0.37113541817624707,-0.71,0.04999999999999982,0.009999999999999787,0.1899999999999995,-0.03000000000000025,0.050000000000000044,0.0
2023-11-01,JPM,139.25,140.52999877929688,138.47000122070312,138.94000244140625,131.6162109375,9432000,5.37,5.57,4.77,312.392,308.148,142.334,22125.625,16.87,3.7,1.05,0.050000000000000044,False,False,-0.000862846950133167,-0.0008632194168327607,0.23164569734042745,0.1884379581627573,0.15847048396376465,-0.07001102535832415,-0.1990442555969377,-0.3676449694930615,-0.8000000000000007,-0.1800000000000006,-0.019999999999999574,-0.040000000000000036,-0.04999999999999982,0.050000000000000044,0.0
2023-11-02,JPM,140.08999633789062,141.47999572753906,139.22999572753906,141.4199981689453,133.96546936035156,10186200,5.38,5.54,4.67,312.392,308.148,142.334,22125.625,15.66,3.7,1.05,0.050000000000000044,False,False,0.017849309033574512,0.017691880681716426,0.25803821840327784,0.19850344629923336,0.1631702930021511,-0.071724955542383,-0.24061337779585956,-0.3915959110324501,-0.8700000000000001,-0.1900000000000004,-0.04999999999999982,-0.0600000000000005,-0.07000000000000028,0.050000000000000044,0.0
2023-11-03,JPM,142.19000244140625,143.77000427246094,141.85000610351562,143.0,135.4622039794922,9538700,5.29,5.53,4.57,312.392,308.148,142.334,22125.625,14.91,3.7,1.05,0.050000000000000044,False,False,0.011172540403785458,0.011110588586622649,0.25435955175276664,0.20188806764733608,0.16464345084345194,-0.04789272030651337,-0.2604699629516699,-0.3944084285309129,-0.96,-0.2699999999999996,-0.05999999999999961,-0.14999999999999947,-0.08000000000000007,0.050000000000000044,0.0
2023-11-06,JPM,143.1699981689453,144.19000244140625,142.7899932861328,144.0800018310547,136.4852752685547,7625100,5.33,5.56,4.67,312.392,308.148,142.334,22125.625,14.89,3.7,1.05,0.050000000000000044,False,False,0.007552448277140078,0.007524071327053708,0.24432529977576,0.19621766098131352,0.16535126587343502,-0.0013413816230717357,-0.22497084873836715,-0.3918847254498842,-0.8899999999999997,-0.20999999999999996,-0.040000000000000036,-0.11000000000000032,-0.07000000000000028,0.050000000000000044,0.0
2023-11-07,JPM,143.50999450683594,144.25999450683594,142.82000732421875,144.00999450683594,136.4189910888672,6297900,5.33,5.55,4.58,312.392,308.148,142.334,22125.625,14.81,3.7,1.05,0.050000000000000044,False,False,-0.00048565077483320174,-0.00048576874136598794,0.24465769850580182,0.19609246292499033,0.16343287304112478,-0.005372733378106065,-0.22321672873519144,-0.3973587663552395,-0.9699999999999998,-0.2999999999999998,-0.040000000000000036,-0.14000000000000057,-0.07000000000000028,0.050000000000000044,0.0
2023-11-08,JPM,144.11000061035156,144.83999633789062,143.6199951171875,144.72000122070312,137.09156799316406,7618200,5.34,5.54,4.49,312.392,308.148,142.334,22125.625,14.45,3.7,1.05,0.050000000000000044,False,False,0.004930229280604603,0.004918115499720866,0.2413219867645613,0.19566877793880624,0.16384491598240283,-0.024307900067522037,-0.2183142301344875,-0.3996381291315199,-1.0499999999999998,-0.27999999999999936,-0.03000000000000025,-0.16999999999999993,-0.07000000000000028,0.050000000000000044,0.0
2023-11-09,JPM,145.44000244140625,145.64999389648438,143.6999969482422,144.2899932861328,136.68418884277344,7992500,5.39,5.54,4.62,312.392,308.148,142.334,22125.625,15.29,3.7,1.05,0.050000000000000044,False,False,-0.00297158429474631,-0.0029760082175701273,0.2432169667434901,0.19538699495345058,0.16334559608462673,0.05813148788927336,-0.21509272382591324,-0.3937971957898303,-0.9199999999999999,-0.04999999999999982,0.0,0.040000000000000036,-0.07000000000000028,0.050000000000000044,0.0
2023-11-10,JPM,144.94000244140625,146.47999572753906,144.0800018310547,146.42999267578125,138.71139526367188,7983300,5.38,5.53,4.61,312.392,308.148,142.334,22125.625,14.17,3.7,1.05,0.050000000000000044,False,False,0.014831316175350162,0.014722407722256652,0.114083848333132,0.2023027292060783,0.16623511986456072,-0.07325049051667754,-0.2572175881988392,-0.41107418628992376,-0.9199999999999999,0.040000000000000036,0.0,-0.08999999999999986,-0.09999999999999964,0.050000000000000044,0.0
2023-11-13,JPM,145.6999969482422,146.25,145.16000366210938,145.77999877929688,138.09567260742188,6676300,5.37,5.55,4.63,312.392,308.148,142.334,22125.625,14.76,3.7,1.05,0.050000000000000044,False,False,-0.004438875804540721,-0.004448756865120548,0.12472664029955659,0.19557406257675047,0.15847635028726817,0.04163726182074812,-0.48301334172354277,-0.3721561799339849,-0.9199999999999999,-0.040000000000000036,-0.009999999999999787,0.0,-0.07000000000000028,0.050000000000000044,0.0
2023-11-14,JPM,146.67999267578125,149.25,146.52000427246094,148.44000244140625,140.61544799804688,9927700,5.24,5.52,4.44,312.392,308.148,142.334,22125.625,14.16,3.7,1.05,0.050000000000000044,False,False,0.01824659196807854,0.018082120590701405,0.1364038835525297,0.20611532981173059,0.1625268514605189,-0.04065040650406504,-0.5297452435885138,-0.3787737332372509,-1.0799999999999992,-0.13999999999999968,-0.03000000000000025,-0.2699999999999996,-0.09000000000000075,0.050000000000000044,0.0
2023-11-15,JPM,148.4600067138672,150.16000366210938,148.4600067138672,149.74000549316406,141.846923828125,8365300,5.27,5.53,4.53,312.392,308.148,142.334,22125.625,14.18,3.7,1.05,0.050000000000000044,False,False,0.008757756331973177,0.0087196296252224,0.130207469402535,0.207988591148215,0.16207414085686092,0.0014124293785311437,-0.5194847203032329,-0.36446554007220355,-1.0,0.040000000000000036,-0.009999999999999787,-0.2999999999999998,-0.08999999999999986,0.050000000000000044,0.0
2023-11-16,JPM,150.08999633789062,151.52999877929688,150.08999633789062,151.4499969482422,143.466796875,8126200,5.23,5.51,4.45,312.392,308.148,142.334,22125.625,14.32,3.7,1.05,0.050000000000000044,False,False,0.01141986729890454,0.011355152835365928,0.11976719974062038,0.20651182609521077,0.163548958991606,0.009873060648801113,-0.46357875277928623,-0.3569860593246755,-1.0599999999999996,-0.16999999999999993,-0.03000000000000025,-0.45999999999999996,-0.10000000000000053,0.050000000000000044,0.0
2023-11-17,JPM,152.1999969482422,152.86000061035156,151.5399932861328,152.82000732421875,144.76455688476562,7812400,5.24,5.5,4.44,312.392,308.148,142.334,22125.625,13.8,3.7,1.05,0.050000000000000044,False,False,0.009045716765366585,0.0090050493295569,0.11812615485448481,0.20674073653954225,0.1643507413068641,-0.03631284916201116,-0.4849582641753606,-0.36137796327757893,-1.0599999999999996,-0.16999999999999993,-0.03000000000000025,-0.54,-0.09999999999999964,0.050000000000000044,0.0
2023-11-20,JPM,152.0800018310547,153.75,151.9199981689453,153.2899932861328,145.2097930908203,7019000,5.25,5.54,4.42,312.392,308.148,142.334,22125.625,13.41,3.7,1.05,0.050000000000000044,False,False,0.003075588497874593,0.00307086855083734,0.11930406629249421,0.19530564014574125,0.15854296003823176,-0.02826086956521745,-0.46177159290542413,-0.3799211829066805,-1.12,-0.20999999999999996,-0.009999999999999787,-0.5099999999999998,-0.040000000000000036,0.050000000000000044,0.0
2023-11-21,JPM,153.1999969482422,153.6300048828125,152.57000732421875,152.97000122070312,144.90664672851562,7083500,5.24,5.53,4.41,312.392,308.148,142.334,22125.625,13.35,3.7,1.05,0.050000000000000044,False,False,-0.0020876440620990477,-0.002089826228550894,0.12205953381402525,0.18645423279778353,0.15819247443248585,-0.004474272930648837,-0.5680923487763873,-0.37416954982481926,-1.12,-0.03000000000000025,0.010000000000000675,-0.4500000000000002,-0.04999999999999982,0.050000000000000044,0.0
2023-11-22,JPM,153.41000366210938,153.8800048828125,152.89999389648438,153.3300018310547,145.24769592285156,5174500,5.26,5.54,4.42,312.392,308.148,142.334,22125.625,12.85,3.7,1.05,0.050000000000000044,False,False,0.0023535786800372716,0.002350813351830778,0.12339093616745106,0.18628924738821034,0.15818952530079583,-0.03745318352059923,-0.5945699214801079,-0.37609218938597044,-1.12,-0.11000000000000032,0.009999999999999787,-0.41000000000000014,-0.040000000000000036,0.050000000000000044,0.0
2023-11-24,JPM,153.58999633789062,154.44000244140625,153.27999877929688,153.5399932861328,145.4466094970703,3496900,5.27,5.54,4.47,312.392,308.148,142.334,22125.625,12.46,3.7,1.05,0.050000000000000044,False,False,0.001369478344939834,0.001368541464731764,0.11649417512067392,0.18342385155959567,0.15814230940653157,-0.030350194552529075,-0.5747322109814575,-0.3871850369483088,-1.0700000000000003,0.019999999999999574,0.03000000000000025,-0.4800000000000004,-0.04999999999999982,0.050000000000000044,0.0
2023-11-27,JPM,153.42999267578125,153.52999877929688,152.7100067138672,153.19000244140625,145.1150665283203,6259100,5.24,5.49,4.39,312.392,308.148,142.334,22125.625,12.69,3.7,1.05,0.050000000000000044,False,False,-0.002279482278042866,-0.0022820842526261455,0.11293811030060183,0.18475159180876244,0.158166904741706,0.01845906902086658,-0.5950499798736272,-0.38696597131627714,-1.1000000000000005,-0.05000000000000071,-0.009999999999999787,-0.47000000000000064,-0.09999999999999964,0.050000000000000044,0.0
2023-11-28,JPM,153.22000122070312,153.8699951171875,152.72000122070312,153.5399932861328,145.4466094970703,6582700,5.21,5.47,4.34,312.392,308.148,142.334,22125.625,12.69,3.7,1.05,0.050000000000000044,False,False,0.0022846901888391447,0.002282084252626147,0.10256070032635493,0.11124494274584336,0.15748889754231854,0.0,-0.6345222238997341,-0.3816781442591394,-1.13,-0.08000000000000007,-0.07000000000000028,-0.5,-0.1200000000000001,0.050000000000000044,0.0
2023-11-29,JPM,154.1699981689453,155.6300048828125,154.0,154.32000732421875,146.18551635742188,9126100,5.12,5.45,4.27,312.392,308.148,142.334,22125.625,12.98,3.7,1.05,0.050000000000000044,False,False,0.005080261842517864,0.005067400852065534,0.07340512374208703,0.10848641176079589,0.15744706280980006,0.022852639873916614,-0.5958825139106377,-0.3852417165706935,-1.1800000000000006,-0.14000000000000057,-0.08000000000000007,-0.6100000000000003,-0.14999999999999947,0.050000000000000044,0.0
2023-11-30,JPM,154.91000366210938,156.1300048828125,154.3800048828125,156.0800018310547,147.8527374267578,9869800,5.16,5.45,4.37,312.392,308.148,142.334,22125.625,12.92,3.7,1.05,0.050000000000000044,False,False,0.01140483073069709,0.011340285933431843,0.07918921061739892,0.10811563413918361,0.1565264343766303,-0.0046224961479198745,-0.5439026737483069,-0.39813726288151347,-1.08,-0.04999999999999982,-0.08999999999999986,-0.5099999999999998,-0.13999999999999968,0.050000000000000044,0.0
2023-12-01,JPM,155.82000732421875,157.86000061035156,155.82000732421875,156.83999633789062,148.57266235351562,8916000,5.05,5.43,4.22,313.195,308.741,142.165,22125.625,12.63,3.8,1.05,0.050000000000000044,False,False,0.004869202554429908,0.004857386329210821,0.06864379854572288,0.10566280749294608,0.15664230361882367,-0.02244582043343646,-0.6724174342341658,-0.39879096461613406,-1.21,-0.25,-0.11000000000000032,-0.5499999999999998,-0.14000000000000057,0.050000000000000044,0.0
2023-12-04,JPM,156.02000427246094,158.0500030517578,155.8800048828125,157.99000549316406,149.66204833984375,9607500,5.1,5.46,4.28,313.195,308.741,142.165,22125.625,13.08,3.8,1.05,0.050000000000000044,False,False,0.007332344787199352,0.007305593832386147,0.06527295790938774,0.09663816850799226,0.15510424131901698,0.03562945368171011,-0.5529476185465703,-0.3756653092285031,-1.1799999999999997,-0.10999999999999943,-0.03000000000000025,-0.3899999999999997,-0.08000000000000007,0.050000000000000044,0.0
2023-12-05,JPM,157.25999450683594,158.5,156.97000122070312,157.97000122070312,149.6431121826172,9135600,5.06,5.45,4.18,313.195,308.741,142.165,22125.625,12.85,3.8,1.05,0.050000000000000044,False,False,-0.00012652611290986382,-0.00012653411801373144,0.06755789266140277,0.0959271635171477,0.15500976742405667,-0.01758409785932724,-0.49896156341608433,-0.3728262703733239,-1.2700000000000005,-0.16000000000000014,-0.019999999999999574,-0.39000000000000057,-0.08000000000000007,0.050000000000000044,0.0
2023-12-06,JPM,158.83999633789062,159.22000122070312,156.0,156.30999755859375,148.0706024169922,9366000,5.07,5.45,4.12,313.195,308.741,142.165,22125.625,12.97,3.8,1.05,0.050000000000000044,False,False,-0.010508400571795029,-0.01056400368934428,0.09376895008240267,0.10890167180558283,0.15558001456676188,0.009338521400778177,-0.4954981964778031,-0.37560466202461873,-1.33,-0.14999999999999947,0.0,-0.5499999999999998,-0.10999999999999943,0.050000000000000044,0.0
2023-12-07,JPM,156.69000244140625,157.30999755859375,156.14999389648438,156.7899932861328,148.52529907226562,8130900,5.05,5.44,4.14,313.195,308.741,142.165,22125.625,13.06,3.8,1.05,0.050000000000000044,False,False,0.0030708097883800356,0.0030661044822742,0.09387840383945877,0.10779716186929003,0.15560692619916505,0.006939090208172738,-0.5008416495988791,-0.3774548729407006,-1.3000000000000007,-0.23000000000000043,-0.009999999999999787,-0.4400000000000004,-0.10999999999999943,0.050000000000000044,0.0
2023-12-08,JPM,157.25999450683594,158.77999877929688,156.97999572753906,158.52000427246094,150.1641082763672,7369400,5.13,5.44,4.23,313.195,308.741,142.165,22125.625,12.35,3.8,1.05,0.050000000000000044,False,False,0.011033872440170622,0.01097344337439165,0.10331412175390602,0.11042141072207387,0.1566611952585089,-0.054364471669219094,-0.5344109470579823,-0.38653828473085033,-1.21,0.010000000000000675,0.010000000000000675,-0.2599999999999998,-0.09999999999999964,0.050000000000000044,0.0
2023-12-11,JPM,158.52000427246094,159.3000030517578,158.14999389648438,159.10000610351562,150.71356201171875,8093900,5.14,5.47,4.23,313.195,308.741,142.165,22125.625,12.63,3.8,1.05,0.050000000000000044,False,False,0.0036590217306811113,0.0036523437955175066,0.09870211026475617,0.10723135205329279,0.15502205161469998,0.02267206477732797,-0.4854917022820255,-0.40001434308116757,-1.2399999999999993,-0.04999999999999982,0.009999999999999787,-0.3899999999999997,-0.07000000000000028,0.050000000000000044,0.0
2023-12-12,JPM,159.22999572753906,160.64999389648438,158.8800048828125,160.52000427246094,152.0586700439453,10223000,5.14,5.46,4.2,313.195,308.741,142.165,22125.625,12.07,3.8,1.05,0.050000000000000044,False,False,0.008924930273507714,0.008885338478281282,0.1014149790682316,0.10210893006150608,0.1557195355725122,-0.04433887569279493,-0.413640620756998,-0.4098846170637488,-1.2599999999999998,0.020000000000000462,0.009999999999999787,-0.41000000000000014,-0.07000000000000028,0.050000000000000044,0.0
2023-12-13,JPM,160.52000427246094,162.02999877929688,159.77000427246094,161.05999755859375,152.5702362060547,12379100,4.94,5.44,4.04,313.195,308.741,142.165,22125.625,12.19,3.8,1.05,0.050000000000000044,False,False,0.0033642682917160993,0.0033586218018072907,0.1014844420718384,0.09706541662159508,0.15159577031507673,0.009942004971002394,-0.33402998135909634,-0.3971491787924894,-1.4000000000000004,-0.08000000000000007,-0.009999999999999787,-0.5899999999999999,-0.10999999999999943,0.050000000000000044,0.0
2023-12-14,JPM,161.8300018310547,164.83999633789062,161.7100067138672,163.99000549316406,155.34576416015625,13643000,4.9,5.43,3.92,313.195,308.741,142.165,22125.625,12.48,3.8,1.05,0.050000000000000044,False,False,0.01819180479181437,0.0180283137322523,0.11862753645571135,0.09697240720149121,0.15495945940595537,0.02378999179655472,-0.06021634599179277,-0.3720533688239048,-1.5099999999999998,-0.21999999999999975,-0.010000000000000675,-0.5200000000000005,-0.08999999999999986,0.050000000000000044,0.0
2023-12-15,JPM,163.0800018310547,165.27999877929688,162.38999938964844,165.22999572753906,156.52041625976562,20309300,4.95,5.44,3.91,313.195,308.741,142.165,22125.625,12.28,3.8,1.05,0.050000000000000044,False,False,0.007561532855175468,0.0075330877679305125,0.11933139331710879,0.09644515726018349,0.15540289717182468,-0.01602564102564108,-0.07903705167078567,-0.3737984714210163,-1.5300000000000002,-0.3200000000000003,0.0,-0.6200000000000001,-0.08999999999999986,0.050000000000000044,0.0
2023-12-18,JPM,165.9199981689453,167.1300048828125,165.6300048828125,166.22999572753906,157.4676971435547,8469600,4.95,5.46,3.95,313.195,308.741,142.165,22125.625,12.56,3.8,1.05,0.050000000000000044,False,False,0.006052123463669679,0.006033882923462515,0.11887634056167937,0.09352730516376764,0.15551306905181633,0.0228013029315961,-0.10151297224883434,-0.3695243009684623,-1.5099999999999998,-0.28000000000000025,-0.009999999999999787,-0.5,-0.04999999999999982,0.050000000000000044,0.0
2023-12-19,JPM,166.0,168.47000122070312,165.5500030517578,168.4499969482422,159.5706787109375,10345700,4.93,5.43,3.93,313.195,308.741,142.165,22125.625,12.53,3.8,1.05,0.050000000000000044,False,False,0.013355002997634813,0.013266611058514302,0.12142420899446871,0.09724281478272623,0.1566589393098859,-0.0023885350318472165,-0.04853031479052361,-0.35882049013716194,-1.4999999999999996,-0.27,-0.03000000000000025,-0.5100000000000002,-0.07000000000000028,0.050000000000000044,0.0
2023-12-20,JPM,167.99000549316406,169.41000366210938,166.4499969482422,166.5500030517578,157.77085876464844,10734700,4.88,5.44,3.86,313.195,308.741,142.165,22125.625,13.67,3.8,1.05,0.050000000000000044,False,False,-0.011279139506258806,-0.011343231390188212,0.12450065805113912,0.11188501525639324,0.1577158016099612,0.0909816440542699,-0.35882640219859235,-0.3624855940867447,-1.5800000000000005,-0.18000000000000016,0.0,-0.56,-0.09999999999999964,0.050000000000000044,0.0
2023-12-21,JPM,166.83999633789062,168.08999633789062,165.67999267578125,167.5,158.6707305908203,7601700,4.84,5.42,3.89,313.195,308.741,142.165,22125.625,13.65,3.8,1.05,0.050000000000000044,False,False,0.005703663104947854,0.005687458805253748,0.12325656613353927,0.10981906649365449,0.15605876770126448,-0.001463057790782707,-0.3752352324350011,-0.3727395316558924,-1.5299999999999998,-0.029999999999999805,-0.009999999999999787,-0.52,-0.11000000000000032,0.050000000000000044,0.0
2023-12-22,JPM,167.5,168.22999572753906,167.22999572753906,167.39999389648438,158.57601928710938,6576300,4.82,5.44,3.9,313.195,308.741,142.165,22125.625,13.03,3.8,1.05,0.050000000000000044,False,False,-0.000596904692870992,-0.0005970829114003576,0.12544731628798228,0.11095435694306124,0.15607561390227273,-0.04542124542124548,-0.3317655541858685,-0.3659498981105752,-1.5400000000000005,-0.010000000000000231,0.0,-0.52,-0.09999999999999964,0.050000000000000044,0.0
2023-12-26,JPM,167.4600067138672,168.77000427246094,167.17999267578125,168.38999938964844,159.51385498046875,4683600,4.83,5.45,3.89,313.195,308.741,142.165,22125.625,12.99,3.8,1.05,0.050000000000000044,False,False,0.005914107931170642,0.005896688242396884,0.1250518337327547,0.11061659652041832,0.15409112233795078,-0.003069838833461125,-0.3641568178419875,-0.3360940873019113,-1.56,-0.06000000000000005,-0.009999999999999787,-0.5799999999999996,-0.08999999999999986,0.050000000000000044,0.0
2023-12-27,JPM,167.83999633789062,169.47000122070312,167.5800018310547,169.39999389648438,160.47059631347656,6428600,4.79,5.44,3.79,313.195,308.741,142.165,22125.625,12.43,3.8,1.05,0.050000000000000044,False,False,0.005997857259013362,0.00597994171405977,0.1238077072859037,0.10800328772548458,0.15410302394424022,-0.043110084680523464,-0.3454095483580175,-0.3364065504866144,-1.6500000000000004,-0.14000000000000012,0.010000000000000675,-0.5999999999999996,-0.04999999999999982,0.050000000000000044,0.0
2023-12-28,JPM,169.35000610351562,170.66000366210938,169.0,170.3000030517578,161.3231964111328,6320100,4.82,5.45,3.84,313.195,308.741,142.165,22125.625,12.47,3.8,1.05,0.050000000000000044,False,False,0.005313123508251305,0.005299058664383889,0.12330085380867913,0.10762568118684034,0.1529146085108763,0.0032180209171359664,-0.34598224216904977,-0.32598296328096965,-1.6100000000000003,-0.020000000000000018,0.009999999999999787,-0.5,-0.019999999999999574,0.050000000000000044,0.0
2023-12-29,JPM,170.0,170.69000244140625,169.6300048828125,170.10000610351562,161.13372802734375,6435100,4.79,5.4,3.88,313.195,308.741,142.165,22125.625,12.45,3.8,1.05,0.050000000000000044,False,False,-0.0011744646027604944,-0.0011751548267941194,0.10539306502212961,0.10968060950083805,0.14764369140671718,-0.0016038492381716951,-0.34436079141534826,-0.3282563093378824,-1.5200000000000005,-0.010000000000000231,-0.019999999999999574,-0.3899999999999997,-0.04999999999999982,0.050000000000000044,0.0
2024-01-02,JPM,169.08999633789062,172.1699981689453,168.91000366210938,172.0800018310547,163.00933837890625,9977400,4.8,5.46,3.95,313.195,308.741,142.165,22125.625,13.2,3.8,1.05,0.050000000000000044,False,False,0.011640085378302745,0.011572860748546238,0.11133543163727184,0.10986253976219482,0.14688919511709217,0.06024096385542177,-0.2259120669995096,-0.30350279056973084,-1.5099999999999998,0.050000000000000266,0.019999999999999574,-0.41999999999999993,0.009999999999999787,0.050000000000000044,0.0
2024-01-03,JPM,171.86000061035156,172.0399932861328,170.3699951171875,171.3300018310547,162.29888916015625,9852300,4.81,5.48,3.91,313.195,308.741,142.165,22125.625,14.04,3.8,1.05,0.050000000000000044,False,False,-0.004358334472216563,-0.0043678596980577435,0.11820984289028343,0.11420232519052505,0.14614242621473467,0.06363636363636371,-0.3019768064246948,-0.287286045993905,-1.5700000000000003,0.020000000000000018,0.03000000000000025,-0.3099999999999996,0.05000000000000071,0.050000000000000044,0.0
2024-01-04,JPM,170.63999938964844,173.35000610351562,170.5399932861328,171.41000366210938,163.3759307861328,11972500,4.85,5.48,3.99,313.195,308.741,142.165,22125.625,14.13,3.8,1.05,0.0,False,False,0.00663616141521306,0.00661423902959563,0.1061710350590453,0.11399095548128298,0.14629168220956146,0.0064102564102566095,-0.32514379839610724,-0.28584537724330733,-1.4900000000000002,0.20000000000000018,0.040000000000000036,-0.29000000000000004,0.020000000000000462,0.050000000000000044,0.0
2024-01-05,JPM,171.47000122070312,173.3800048828125,171.47000122070312,172.27000427246094,164.1956024169922,10066000,4.84,5.47,4.05,313.195,308.741,142.165,22125.625,13.35,3.8,1.05,0.0,False,False,0.005017089279401699,0.0050045456245794585,0.07392590708590528,0.11293217825490971,0.1463259622297333,-0.05520169851380052,-0.3356243917101352,-0.28672083930736497,-1.42,0.20999999999999996,0.019999999999999574,-0.1299999999999999,0.019999999999999574,0.050000000000000044,0.0
2024-01-08,JPM,172.02000427246094,172.36000061035156,169.49000549316406,172.02000427246094,163.9573516845703,11229900,4.82,5.49,4.01,313.195,308.741,142.165,22125.625,13.08,3.8,1.05,0.0,False,False,-0.0014510177429527538,-0.0014520714886570964,0.0779196823651507,0.10153585101841056,0.14446389758211317,-0.020224719101123556,-0.3203580061955034,-0.2667101832234156,-1.4800000000000004,0.1299999999999999,0.08999999999999986,-0.11000000000000032,0.040000000000000036,0.050000000000000044,0.0
2024-01-09,JPM,171.6199951171875,171.7899932861328,170.10000610351562,170.66000366210938,162.66107177734375,9923600,4.82,5.47,4.02,313.195,308.741,142.165,22125.625,12.76,3.8,1.05,0.0,False,False,-0.007906201789111722,-0.007937621519200364,0.0949845960645141,0.11071613593814242,0.14571053716301507,-0.024464831804281384,-0.23277362178587574,-0.25312569525170664,-1.4500000000000002,0.0699999999999994,0.009999999999999787,-0.1200000000000001,0.02999999999999936,0.050000000000000044,0.0
2024-01-10,JPM,170.0,171.0800018310547,168.9499969482422,171.02000427246094,163.00418090820312,9670200,4.82,5.46,4.04,313.195,308.741,142.165,22125.625,12.69,3.8,1.05,0.0,False,False,0.0021093499945028515,0.002107128439279674,0.09312550021502793,0.10824450411952134,0.14555542179301273,-0.005485893416927956,-0.17372895898187535,-0.2502253826023908,-1.42,0.1299999999999999,-0.020000000000000462,-0.1900000000000004,0.019999999999999574,0.050000000000000044,0.0
2024-01-11,JPM,170.3300018310547,170.36000061035156,168.63999938964844,170.3000030517578,162.31793212890625,11919500,4.75,5.46,3.98,313.195,308.741,142.165,22125.625,12.44,3.8,1.05,0.0,False,False,-0.004210007224804468,-0.00421889425697122,0.09546957962655955,0.1118519675774586,0.14619063309937722,-0.01970055161544526,-0.13673677028447295,-0.24559609024827186,-1.48,-0.010000000000000231,-0.020000000000000462,-0.25000000000000044,-0.009999999999999787,0.050000000000000044,0.0
2024-01-12,JPM,173.8000030517578,176.30999755859375,168.89999389648438,169.0500030517578,161.12652587890625,19436500,4.65,5.45,3.96,313.195,308.741,142.165,22125.625,12.7,3.8,1.05,0.0,False,False,-0.007339954584031028,-0.007367024593780909,0.10104713888385987,0.11613827414029684,0.1472141830469263,0.020900321543408262,-0.12480964780383666,-0.24620562741745733,-1.4900000000000002,-0.08999999999999986,-0.019999999999999574,-0.2400000000000002,-0.009999999999999787,0.050000000000000044,0.0
2024-01-16,JPM,164.8699951171875,168.08999633789062,164.3000030517578,167.99000549316406,160.11622619628906,17206400,4.7,5.45,4.07,313.195,308.741,142.165,22125.625,13.84,3.8,1.05,0.0,False,False,-0.006270225694411602,-0.006289966120755309,0.10569506924558547,0.12024669444952518,0.14601997775862005,0.0897637795275592,-0.2283034290098272,-0.37412175690196176,-1.38,0.0600000000000005,-0.040000000000000036,0.03000000000000025,0.009999999999999787,0.050000000000000044,0.0
2024-01-17,JPM,167.33999633789062,169.07000732421875,166.49000549316406,167.08999633789062,159.25839233398438,11107500,4.8,5.47,4.1,313.195,308.741,142.165,22125.625,14.79,3.8,1.05,0.0,False,False,-0.00535756982713953,-0.0053719730716585735,0.08260958553377669,0.10841890214042829,0.14665750805874847,0.0686416184971097,-0.3599006220770862,-0.4158313914260045,-1.37,0.08000000000000007,0.0,0.17999999999999972,0.040000000000000036,0.050000000000000044,0.0
2024-01-18,JPM,167.1199951171875,167.52999877929688,165.24000549316406,167.4199981689453,159.57290649414062,9382300,4.8,5.45,4.14,313.195,308.741,142.165,22125.625,14.13,3.8,1.05,0.0,False,False,0.0019748671046275756,0.0019729196181835266,0.08433968893333606,0.10600049325600887,0.14640845208656525,-0.04462474645030412,-0.33885051111137227,-0.40919906154133573,-1.3100000000000005,0.09999999999999964,-0.009999999999999787,0.22999999999999954,0.009999999999999787,0.050000000000000044,0.0
2024-01-19,JPM,167.5500030517578,170.57000732421875,167.0800018310547,170.30999755859375,162.3274383544922,13115700,4.84,5.45,4.15,313.195,308.741,142.165,22125.625,13.3,3.8,1.05,0.0,False,False,0.01726190191599164,0.01711460792066542,0.1215607632660966,0.11890138461761267,0.14696075640870299,-0.05874026893135176,-0.4485244764254253,-0.40359605889225725,-1.2999999999999998,0.17000000000000037,-0.009999999999999787,0.20000000000000018,-0.009999999999999787,0.050000000000000044,0.0
2024-01-22,JPM,170.4600067138672,171.97999572753906,169.7100067138672,170.11000061035156,162.1368408203125,12837500,4.83,5.46,4.11,313.195,308.741,142.165,22125.625,13.19,3.8,1.05,0.0,False,False,-0.0011741547585040202,-0.0011748446182567567,0.11740817287279985,0.11108060369649252,0.14650866995035805,-0.008270676691729428,-0.46422995809718554,-0.3960373981775207,-1.3499999999999996,0.15000000000000036,0.009999999999999787,0.18000000000000016,0.03000000000000025,0.050000000000000044,0.0
2024-01-23,JPM,169.6699981689453,169.75,168.44000244140625,168.99000549316406,161.06935119628906,8360800,4.81,5.45,4.14,313.195,308.741,142.165,22125.625,12.55,3.8,1.05,0.0,False,False,-0.006583880743097015,-0.006605650089714339,0.12045287535926712,0.10565653428986246,0.14269181389147884,-0.04852160727824095,-0.2690402341183569,-0.3698513220568187,-1.3100000000000005,0.0699999999999994,0.0,0.2799999999999998,0.009999999999999787,0.050000000000000044,0.0
2024-01-24,JPM,169.36000061035156,171.00999450683594,168.86000061035156,170.5,162.50856018066406,9967100,4.83,5.44,4.18,313.195,308.741,142.165,22125.625,13.14,3.8,1.05,0.0,False,False,0.008935337317036218,0.008895653408106451,0.12586610941387455,0.10801373277726076,0.13919843640496887,0.04701195219123511,-0.19186030499911305,-0.40540506941710797,-1.2600000000000007,0.08000000000000007,-0.02999999999999936,0.2899999999999996,0.020000000000000462,0.050000000000000044,0.0
2024-01-25,JPM,172.30999755859375,172.99000549316406,170.91000366210938,172.94000244140625,164.83421325683594,8873500,4.76,5.44,4.14,313.195,308.741,142.165,22125.625,13.45,3.8,1.05,0.0,False,False,0.01431095736486987,0.014209522225096125,0.14499971226883096,0.11683476004417219,0.14089344819220084,0.023592085235920823,-0.15072540357725686,-0.39809661340733166,-1.3000000000000007,0.0,-0.009999999999999787,0.23999999999999977,0.0,0.050000000000000044,0.0
2024-01-26,JPM,172.61000061035156,173.05999755859375,171.77999877929688,172.27999877929688,164.20513916015625,7443000,4.78,5.44,4.15,313.195,308.741,142.165,22125.625,13.26,3.8,1.05,0.0,False,False,-0.0038164048849463894,-0.0038237059398434966,0.14460559598010642,0.11743620929610471,0.140514134118916,-0.014126394052044522,-0.1323269297219239,-0.37766307558864404,-1.29,0.0,-0.009999999999999787,0.26000000000000023,-0.009999999999999787,0.050000000000000044,0.0
2024-01-29,JPM,172.24000549316406,172.83999633789062,171.3000030517578,172.72999572753906,164.63404846191406,6971200,4.76,5.42,4.08,313.195,308.741,142.165,22125.625,13.6,3.8,1.05,0.0,False,False,0.002612033362363153,0.0026086279319962593,0.13659163585802586,0.11634808849483817,0.14051307793433013,0.02564102564102555,-0.09735004288116314,-0.37748770120474373,-1.3399999999999999,-0.03000000000000025,-0.040000000000000036,0.29000000000000004,-0.020000000000000462,0.050000000000000044,0.0
2024-01-30,JPM,172.8300018310547,176.75999450683594,172.8300018310547,176.27000427246094,168.0081329345703,10822100,4.8,5.42,4.06,313.195,308.741,142.165,22125.625,13.31,3.8,1.05,0.0,False,False,0.020494451203614705,0.020287265921882305,0.15456592859400825,0.1333169408513011,0.1191138123053033,-0.02132352941176463,-0.1506954185210759,-0.3833933933442538,-1.3600000000000003,-0.08000000000000007,-0.03000000000000025,0.21999999999999975,-0.03000000000000025,0.050000000000000044,0.0
2024-01-31,JPM,176.1999969482422,178.3000030517578,174.33999633789062,174.36000061035156,166.18763732910156,11521800,4.73,5.42,3.99,313.195,308.741,142.165,22125.625,14.35,3.8,1.05,0.0,False,False,-0.010835758803282025,-0.010894893203076409,0.1667596886553204,0.14024443624197794,0.12164114771000298,0.07813673929376397,-0.24846397594250136,-0.4058568507304035,-1.4299999999999997,-0.1899999999999995,-0.020000000000000462,0.11000000000000032,0.019999999999999574,0.050000000000000044,0.0
2024-02-01,JPM,173.63999938964844,174.83999633789062,171.42999267578125,173.72999572753906,165.587158203125,9354800,4.68,5.42,3.87,315.564,310.967,143.356,22125.625,13.88,3.9,1.05,0.0,False,False,-0.003613259900839827,-0.0036198034916134257,0.1712103411648019,0.13627402125930146,0.12145055850310575,-0.032752613240418005,-0.3107557276992426,-0.372156151203151,-1.5499999999999998,-0.2699999999999996,-0.020000000000000462,-0.08000000000000007,-0.040000000000000036,0.050000000000000044,0.0
2024-02-02,JPM,173.3000030517578,175.82000732421875,173.25999450683594,174.72999572753906,166.540283203125,8607600,4.81,5.43,4.03,315.564,310.967,143.356,22125.625,13.85,3.9,1.05,0.0,False,False,0.005756032112289811,0.00573952945571551,0.1550106459404316,0.13599152660336408,0.12117511384642438,-0.002161383285302687,-0.2846075923302416,-0.3988869558860019,-1.3999999999999995,-0.1200000000000001,-0.010000000000000675,0.1200000000000001,-0.05000000000000071,0.050000000000000044,0.0
2024-02-05,JPM,173.86000061035156,175.08999633789062,172.9199981689453,174.5,166.3210906982422,7820200,4.87,5.42,4.17,315.564,310.967,143.356,22125.625,13.67,3.9,1.05,0.0,False,False,-0.0013161530691975232,-0.0013170199593718964,0.15510823053266318,0.13480396756972418,0.118204026785504,-0.012996389891696714,-0.28749492510966224,-0.35954590806883474,-1.25,0.08999999999999986,0.0,0.17999999999999972,-0.0600000000000005,0.050000000000000044,0.0
2024-02-06,JPM,174.61000061035156,175.8699951171875,173.75999450683594,175.10000610351562,166.89295959472656,6764800,4.82,5.44,4.09,315.564,310.967,143.356,22125.625,13.06,3.9,1.05,0.0,False,False,0.0034383426304118725,0.003432445045136018,0.14646588184469758,0.13430267355503892,0.11717022940046555,-0.044623262618873394,-0.27692557823387903,-0.3423449265013529,-1.3500000000000005,0.03000000000000025,0.020000000000000462,0.040000000000000036,-0.02999999999999936,0.050000000000000044,0.0
2024-02-07,JPM,175.69000244140625,175.8699951171875,173.9600067138672,175.42999267578125,167.2074737548828,7225500,4.83,5.43,4.09,315.564,310.967,143.356,22125.625,12.83,3.9,1.05,0.0,False,False,0.0018845262311844024,0.001882752739404682,0.1435024184114366,0.134102297211551,0.11688885468894354,-0.01761102603369069,-0.28670033503300796,-0.34136848372873957,-1.3399999999999999,0.09999999999999964,0.009999999999999787,0.08000000000000007,-0.0600000000000005,0.050000000000000044,0.0
2024-02-08,JPM,175.0,175.30999755859375,173.57000732421875,174.8000030517578,166.60702514648438,6060300,4.83,5.44,4.15,315.564,310.967,143.356,22125.625,12.79,3.9,1.05,0.0,False,False,-0.0035910392933671265,-0.003597502552822122,0.13136379143857146,0.1312977120788425,0.11745441009514887,-0.003117692907248726,-0.3249319366660436,-0.339980028393463,-1.29,0.28000000000000025,0.020000000000000462,0.13000000000000078,-0.02999999999999936,0.050000000000000044,0.0
2024-02-09,JPM,175.0,175.10000610351562,173.6699981689453,175.00999450683594,166.80715942382812,6296700,4.86,5.44,4.17,315.564,310.967,143.356,22125.625,12.93,3.9,1.05,0.0,False,False,0.0012012355251393991,0.0012005146190069208,0.12851363213136438,0.13125124250185566,0.11746525537970808,0.01094605160281481,-0.323826454567048,-0.3397498824846975,-1.2700000000000005,0.13999999999999968,0.010000000000000675,0.1299999999999999,-0.019999999999999574,0.050000000000000044,0.0
2024-02-12,JPM,174.77999877929688,176.80999755859375,173.6999969482422,175.7899932861328,167.55059814453125,8539300,4.87,5.43,4.17,315.564,310.967,143.356,22125.625,13.93,3.9,1.05,0.0,False,False,0.00445687537196271,0.00444697291469884,0.12925794246177036,0.1302570753918392,0.1168374966952637,0.07733952049497295,-0.29295920757133775,-0.3097298174805481,-1.2599999999999998,0.0,0.009999999999999787,0.18999999999999995,-0.03000000000000025,0.050000000000000044,0.0
2024-02-13,JPM,175.32000732421875,176.22999572753906,172.6199951171875,174.25999450683594,166.09231567382812,8397600,4.99,5.45,4.31,315.564,310.967,143.356,22125.625,15.85,3.9,1.05,0.0,False,False,-0.008703534853663708,-0.008741631826434807,0.0884214434925566,0.13151848412926406,0.11688265250052716,0.13783201722900218,-0.3812236420159553,-0.3287902040726978,-1.1400000000000006,0.21999999999999975,0.009999999999999787,0.34999999999999964,0.0,0.050000000000000044,0.0
2024-02-14,JPM,175.07000732421875,176.10000610351562,174.4199981689453,176.02999877929688,167.77935791015625,7056700,4.94,5.43,4.27,315.564,310.967,143.356,22125.625,14.38,3.9,1.05,0.0,False,False,0.010157256399754955,0.010106018138971615,0.08641953471146342,0.1316318869681276,0.11680854141441936,-0.0927444794952681,-0.3880089377702707,-0.3373776055951292,-1.1600000000000001,0.17999999999999972,0.0,0.1999999999999993,-0.020000000000000462,0.050000000000000044,0.0
2024-02-15,JPM,176.14999389648438,180.2100067138672,176.14999389648438,179.8699951171875,171.43939208984375,8723400,4.93,5.43,4.24,315.564,310.967,143.356,22125.625,14.01,3.9,1.05,0.0,False,False,0.021814567806651253,0.02158003481689525,0.13045197844330464,0.1445105098892741,0.11882532500912092,-0.025730180806675995,-0.35933707028154205,-0.3263081474079914,-1.1899999999999995,0.08999999999999986,-0.010000000000000675,0.14000000000000057,-0.040000000000000036,0.050000000000000044,0.0
2024-02-16,JPM,179.61000061035156,179.97999572753906,178.16000366210938,179.02999877929688,170.63876342773438,8152600,4.98,5.44,4.3,315.564,310.967,143.356,22125.625,14.24,3.9,1.05,0.0,False,False,-0.004670039086990041,-0.004680977788924168,0.13576304368701117,0.14721497614429885,0.11929212252191138,0.016416845110635236,-0.37845057602444887,-0.3310306906913505,-1.1400000000000006,0.1299999999999999,0.0,0.16000000000000014,-0.009999999999999787,0.050000000000000044,0.0
2024-02-20,JPM,179.19000244140625,180.4600067138672,178.41000366210938,179.72999572753906,171.30593872070312,9668000,4.97,5.44,4.27,315.564,310.967,143.356,22125.625,15.42,3.9,1.05,0.0,False,False,0.003909869478462946,0.003902245804047063,0.13424811553755778,0.13831755546556637,0.11807861302026672,0.0828651685393258,-0.2889490475991465,-0.32424238478645817,-1.1700000000000008,0.09999999999999964,0.010000000000000675,0.11999999999999922,-0.009999999999999787,0.050000000000000044,0.0
2024-02-21,JPM,179.9499969482422,180.9900054931641,178.52000427246094,180.8999938964844,172.42111206054688,7024000,4.98,5.44,4.32,315.564,310.967,143.356,22125.625,15.34,3.9,1.05,0.0,False,False,0.006509834674569781,0.006488737211988302,0.13542522284877642,0.13825532732325338,0.11764891995064974,-0.005188067444876765,-0.30197216872981586,-0.31670628307337706,-1.12,0.010000000000000675,-0.009999999999999787,0.20999999999999996,-0.019999999999999574,0.050000000000000044,0.0
2024-02-22,JPM,181.82000732421875,183.4199981689453,181.2400054931641,183.07000732421875,174.48941040039062,9296500,5.02,5.45,4.33,315.564,310.967,143.356,22125.625,14.54,3.9,1.05,0.0,False,False,0.011995621157561365,0.011924243936506892,0.14179989144483587,0.13705036281787294,0.11906336067931012,-0.052151238591916615,-0.4214545360694184,-0.33454217619402776,-1.12,0.0600000000000005,0.020000000000000462,0.1900000000000004,0.0,0.050000000000000044,0.0
2024-02-23,JPM,183.80999755859375,185.1999969482422,183.19000244140625,183.9900054931641,175.36627197265625,7105800,5.0,5.46,4.26,315.564,310.967,143.356,22125.625,13.75,3.9,1.05,0.0,False,False,0.0050252996457123,0.005012714971013031,0.13485318574209157,0.1358903444479609,0.11869654346515533,-0.054332874828060485,-0.4489145208641681,-0.3382947468856912,-1.2000000000000002,0.019999999999999574,0.03000000000000025,0.08000000000000007,0.019999999999999574,0.050000000000000044,0.0
2024-02-26,JPM,183.75,184.4600067138672,182.47999572753903,183.36000061035156,174.7657928466797,7145400,5.03,5.47,4.28,315.564,310.967,143.356,22125.625,13.74,3.9,1.05,0.0,False,False,-0.00342414262002555,-0.0034300184132370127,0.1405100891448263,0.13227047634765862,0.11939171423090054,-0.0007272727272726875,-0.4854486775854062,-0.3390195834795142,-1.1899999999999995,-0.019999999999999574,0.02999999999999936,0.14000000000000057,0.02999999999999936,0.050000000000000044,0.0
2024-02-27,JPM,183.30999755859375,183.5399932861328,182.2400054931641,183.4499969482422,174.8515625,5717100,5.03,5.45,4.31,315.564,310.967,143.356,22125.625,13.43,3.9,1.05,0.0,False,False,0.0004907691140425552,0.0004906487262676967,0.14207360763193697,0.13038489645488685,0.11945147374048885,-0.022561863173216956,-0.4965262221162757,-0.33903909578197317,-1.1400000000000006,0.040000000000000036,0.009999999999999787,0.15999999999999925,0.009999999999999787,0.050000000000000044,0.0
2024-02-28,JPM,183.42999267578125,185.1999969482422,182.9600067138672,184.3800048828125,175.73800659179688,6131600,5.0,5.45,4.27,315.564,310.967,143.356,22125.625,13.84,3.9,1.05,0.0,False,False,0.005069694997989371,0.005056887363265725,0.12219805998838508,0.13057001545037564,0.11905287657929794,0.03052866716306779,-0.487230863677426,-0.3322890275784359,-1.1800000000000006,-0.05000000000000071,0.009999999999999787,0.1899999999999995,0.03000000000000025,0.050000000000000044,0.0
2024-02-29,JPM,185.66000366210935,186.42999267578125,183.8500061035156,186.05999755859375,177.33924865722656,9643000,5.01,5.45,4.25,315.564,310.967,143.356,22125.625,13.4,3.9,1.05,0.0,False,False,0.009111529694023623,0.009070270143044876,0.12124625930636854,0.11705709186598431,0.11965002555920393,-0.03179190751445082,-0.5167203727021357,-0.33900787832354184,-1.2000000000000002,-0.08000000000000007,0.0,0.1900000000000004,0.03000000000000025,0.050000000000000044,0.0
2024-03-01,JPM,185.6999969482422,186.44000244140625,185.1000061035156,185.2899932861328,176.6053466796875,6311800,4.94,5.42,4.19,316.792,312.345,143.521,22125.625,13.11,3.9,1.05,0.0,False,False,-0.004138406940911277,-0.004146993845841785,0.090956393150163,0.10935465967397325,0.12046533283653521,-0.02164179104477615,-0.41168587980629656,-0.3305555859014236,-1.2299999999999995,-0.0699999999999994,-0.040000000000000036,0.20000000000000018,0.0,0.050000000000000044,0.0
2024-03-04,JPM,184.7100067138672,187.58999633789065,184.27000427246097,186.67999267578125,177.93020629882812,7063600,4.98,5.48,4.22,316.792,312.345,143.521,22125.625,13.49,3.9,1.05,0.0,False,False,0.007501809226328593,0.007473810595231147,0.08239624761267,0.10776790324410691,0.11962263327859783,0.02898550724637694,-0.4292230510042082,-0.3233858247647763,-1.2600000000000007,-0.0600000000000005,0.010000000000000675,0.34999999999999964,0.0600000000000005,0.050000000000000044,0.0
2024-03-05,JPM,186.36000061035156,189.3000030517578,186.36000061035156,188.5500030517578,179.71255493164062,6617800,4.94,5.47,4.13,316.792,312.345,143.521,22125.625,14.46,3.9,1.05,0.0,False,False,0.010017122274444512,0.009967283456446657,0.08729452171423045,0.10988701143896902,0.12038975828679409,0.0719051148999259,-0.3413040757936714,-0.29045676411339627,-1.3399999999999999,-0.17999999999999972,0.019999999999999574,0.09999999999999964,0.040000000000000036,0.050000000000000044,0.0
2024-03-06,JPM,189.25,190.07000732421875,187.6300048828125,189.52999877929688,180.64659118652344,7572900,4.95,5.47,4.11,316.792,312.345,143.521,22125.625,14.5,3.9,1.05,0.0,False,False,0.005197390105761368,0.005183930290934369,0.08682837739936228,0.10850212036138472,0.12015736553515255,0.0027662517289073207,-0.35831365841555984,-0.29903065753004343,-1.3599999999999994,-0.15999999999999925,0.019999999999999574,-0.05999999999999961,0.04999999999999982,0.050000000000000044,0.0
2024-03-07,JPM,189.91000366210935,190.5,186.6300048828125,187.8699951171875,179.06439208984375,7618300,4.93,5.47,4.09,316.792,312.345,143.521,22125.625,14.44,3.9,1.05,0.0,False,False,-0.008758532814195252,-0.008797114205509347,0.09965104813413161,0.1171415822422855,0.12230265969280386,-0.004137931034482789,-0.3259979823351073,-0.29344968202373356,-1.38,-0.16000000000000014,0.019999999999999574,0.0,0.02999999999999936,0.050000000000000044,0.0
2024-03-08,JPM,188.44000244140625,190.4600067138672,187.9199981689453,188.22000122070312,179.39804077148438,6172200,4.92,5.46,4.09,316.792,312.345,143.521,22125.625,14.74,3.9,1.05,0.0,False,False,0.001863288830049603,0.0018615550607587337,0.0987558119764048,0.11714495528221598,0.11925054549866046,0.020775623268698196,-0.334631597562612,-0.29730419350561527,-1.37,-0.10000000000000053,0.040000000000000036,0.0,0.03000000000000025,0.050000000000000044,0.0
2024-03-11,JPM,187.27999877929688,188.44000244140625,186.22000122070312,188.2899932861328,179.4647216796875,5762600,4.95,5.48,4.1,316.792,312.345,143.521,22125.625,15.22,3.9,1.05,0.0,False,False,0.00037169251077862064,0.00037162345022966547,0.09435454795880927,0.11496513442944585,0.11937043204907431,0.03256445047489831,-0.36020138985121314,-0.2997602993748869,-1.3800000000000008,-0.1200000000000001,0.0,-0.05000000000000071,0.040000000000000036,0.050000000000000044,0.0
2024-03-12,JPM,188.9499969482422,190.16000366210935,187.91000366210935,189.83999633789065,180.94207763671875,5708400,5.0,5.48,4.16,316.792,312.345,143.521,22125.625,13.84,3.9,1.05,0.0,False,False,0.008232013195708099,0.008198314984846298,0.09729567862783042,0.11572402848444174,0.11874473294176983,-0.09067017082785811,-0.3820496801693399,-0.2961798662227894,-1.3200000000000003,0.03000000000000025,0.010000000000000675,-0.009999999999999787,0.040000000000000036,0.050000000000000044,0.0
2024-03-13,JPM,190.36000061035156,191.72999572753903,189.83999633789065,191.3800048828125,182.409912109375,7795500,5.01,5.48,4.19,316.792,312.345,143.521,22125.625,13.75,3.9,1.05,0.0,False,False,0.008112178724968944,0.008079451874708246,0.09986525623474353,0.11663149657872493,0.11917903776417431,-0.006502890173410436,-0.40509170941376194,-0.29824849663150294,-1.29,0.08000000000000007,0.010000000000000675,0.020000000000000462,0.05000000000000071,0.050000000000000044,0.0
2024-03-14,JPM,191.02999877929688,191.6300048828125,187.1000061035156,187.97000122070312,179.1597442626953,10310900,5.04,5.48,4.29,316.792,312.345,143.521,22125.625,14.4,3.9,1.05,0.0,False,False,-0.017817934393449253,-0.017978584954662324,0.14253272155008953,0.1326778432307451,0.12574417818936223,0.047272727272727355,-0.33249067100443436,-0.31126477966678884,-1.1900000000000004,0.20000000000000018,0.010000000000000675,-0.019999999999999574,0.03000000000000025,0.050000000000000044,0.0
2024-03-15,JPM,186.47999572753903,190.94000244140625,186.47999572753903,190.3000030517578,181.38052368164065,17214200,5.05,5.48,4.31,316.792,312.345,143.521,22125.625,14.41,3.9,1.05,0.0,False,False,0.012395526841616267,0.012319331308482472,0.14960788275436562,0.13425615587709536,0.1272312486511746,0.000694444444444331,-0.2797726066572453,-0.3091299899925634,-1.1700000000000008,0.21999999999999975,0.020000000000000462,0.040000000000000036,0.05000000000000071,0.050000000000000044,0.0
2024-03-18,JPM,190.6300048828125,192.6999969482422,189.88999938964844,192.66000366210935,183.62989807128903,9013800,5.06,5.48,4.34,316.792,312.345,143.521,22125.625,14.33,3.9,1.05,0.0,False,False,0.01240141082400048,0.012325143231915163,0.15582438511721644,0.12200515969950154,0.12493746004295986,-0.005551700208188737,-0.24286896103802966,-0.3334074346107153,-1.1400000000000006,0.2400000000000002,0.0,0.09999999999999964,0.05000000000000071,0.050000000000000044,0.0
2024-03-19,JPM,192.7100067138672,193.92999267578125,192.3800048828125,193.7899932861328,184.70692443847656,8478700,5.06,5.48,4.3,316.792,312.345,143.521,22125.625,13.82,3.9,1.05,0.0,False,False,0.00586520157392556,0.005848068240169355,0.15210838400575039,0.1187672339994514,0.12471531162441045,-0.03558967201674812,-0.23832113518154746,-0.3338836509442649,-1.1800000000000006,0.13999999999999968,0.0,0.0,0.040000000000000036,0.050000000000000044,0.0
2024-03-20,JPM,194.19000244140625,196.55999755859375,193.61000061035156,196.3300018310547,187.12791442871097,9367000,5.01,5.47,4.27,316.792,312.345,143.521,22125.625,13.04,3.9,1.05,0.0,False,False,0.013107196698739942,0.013022040693306203,0.1604909878835838,0.12301842224550347,0.12626442983951308,-0.05643994211287995,-0.32539055243279186,-0.35571491676864553,-1.2000000000000002,0.07999999999999918,-0.010000000000000675,0.0,0.02999999999999936,0.050000000000000044,0.0
2024-03-21,JPM,196.52000427246097,199.42999267578125,196.3300018310547,199.05999755859375,189.72991943359375,11203800,5.01,5.48,4.27,316.792,312.345,143.521,22125.625,12.92,3.9,1.05,0.0,False,False,0.01390495380032708,0.013809166850965816,0.1517777461063579,0.12726967138461798,0.12645281409976913,-0.009202453987730008,-0.31796115847843365,-0.3584582602999457,-1.2100000000000009,-0.020000000000000462,0.0,-0.05000000000000071,0.040000000000000036,0.050000000000000044,0.0
2024-03-22,JPM,199.0099945068359,200.47999572753903,196.5399932861328,196.6199951171875,187.404296875,8108800,4.98,5.46,4.22,316.792,312.345,143.521,22125.625,13.06,3.9,1.05,0.0,False,False,-0.012257542540135447,-0.012333285801933644,0.17672972649957266,0.13694581461583094,0.12691588810971977,0.010835913312693624,-0.29039571765681693,-0.3182818349196565,-1.2400000000000002,-0.08999999999999986,-0.020000000000000462,-0.11000000000000032,0.009999999999999787,0.050000000000000044,0.0
2024-03-25,JPM,196.6000061035156,196.94000244140625,194.36000061035156,194.82000732421875,185.6886749267578,8620000,5.0,5.46,4.25,316.792,312.345,143.521,22125.625,13.19,3.9,1.05,0.0,False,False,-0.00915465641316926,-0.009196817792753761,0.1888940697633499,0.14352587579631798,0.12898151359057905,0.009954058192955584,-0.29917518657272507,-0.31788685344045053,-1.21,-0.08999999999999986,-0.020000000000000462,-0.009999999999999787,0.0,0.050000000000000044,0.0
2024-03-26,JPM,194.58999633789065,196.66000366210935,194.05999755859375,195.72999572753903,186.5560302734375,5961500,5.0,5.46,4.24,316.792,312.345,143.521,22125.625,13.24,3.9,1.05,0.0,False,False,0.004671019097000961,0.00466014374014873,0.18720991542997806,0.1418821458507842,0.12889764658927483,0.0037907505686125553,-0.30068207596196295,-0.3271499968496967,-1.2199999999999998,-0.05999999999999961,-0.020000000000000462,-0.040000000000000036,-0.009999999999999787,0.050000000000000044,0.0
2024-03-27,JPM,196.5,199.6000061035156,196.3800048828125,199.52000427246097,190.1683807373047,8725800,4.99,5.45,4.2,316.792,312.345,143.521,22125.625,12.78,3.9,1.05,0.0,False,False,0.019363354047427617,0.019178269726950636,0.20316092223271726,0.15194836931366038,0.13296002636732565,-0.03474320241691853,-0.3618082998700757,-0.34044963708735226,-1.25,-0.0699999999999994,-0.019999999999999574,-0.10999999999999943,0.0,0.050000000000000044,0.0
2024-03-28,JPM,199.4900054931641,200.72000122070312,198.5399932861328,200.3000030517578,190.9118194580078,8628300,5.03,5.46,4.2,316.792,312.345,143.521,22125.625,13.01,3.9,1.05,0.0,False,False,0.003909370831369108,0.00390174909888175,0.1618823762773163,0.15189968892864805,0.1328222748301262,0.017996870109546093,-0.3718142741223599,-0.3362165209829514,-1.2599999999999998,-0.0699999999999994,-0.020000000000000462,-0.0699999999999994,0.009999999999999787,0.050000000000000044,0.0
2024-04-01,JPM,199.9900054931641,200.94000244140625,198.57000732421875,198.94000244140625,189.61558532714844,7309000,5.06,5.44,4.33,317.649,313.023,144.197,23286.508,13.65,3.9,1.05,0.0,False,False,-0.00678970078719765,-0.006812855674945175,0.17040596338142702,0.15507694546649436,0.13408310741131527,0.04919292851652579,-0.4017821897078147,-0.3492652463114747,-1.1100000000000003,0.11000000000000032,-0.019999999999999574,0.08000000000000007,-0.009999999999999787,0.050000000000000044,0.052467805994180994
2024-04-02,JPM,198.38999938964844,199.77999877929688,198.0800018310547,198.86000061035156,189.5393218994141,7014700,5.05,5.42,4.36,317.649,313.023,144.197,23286.508,14.61,3.9,1.05,0.0,False,False,-0.00040220020734460515,-0.0004022811115418497,0.16583234042526096,0.1533786678858554,0.13400437044364108,0.0703296703296703,-0.43809643931705416,-0.3524832519865836,-1.0599999999999996,0.11000000000000032,-0.040000000000000036,0.16999999999999993,0.0,0.050000000000000044,0.052467805994180994
2024-04-03,JPM,199.0399932861328,199.55999755859375,197.6999969482422,198.3000030517578,189.00555419921875,9353400,5.03,5.42,4.36,317.649,313.023,144.197,23286.508,14.33,3.9,1.05,0.0,False,False,-0.002816131739030947,-0.002820104498312058,0.1676084392560408,0.1540484060864322,0.1331664285033503,-0.019164955509924697,-0.4311839513541342,-0.375973529417992,-1.0599999999999996,0.1200000000000001,-0.040000000000000036,0.14000000000000057,-0.0600000000000005,0.050000000000000044,0.052467805994180994
2024-04-04,JPM,199.1499938964844,199.67999267578125,195.5500030517578,195.6499938964844,187.56752014160156,9243800,5.0,5.41,4.31,317.649,313.023,144.197,23286.508,16.35,3.9,1.15,0.09523809523809512,False,False,-0.007608422216531463,-0.007637513916073279,0.16261726406801041,0.1558968985609541,0.13399470457799847,0.14096301465457084,-0.5546454578695343,-0.3913911527785834,-1.1000000000000005,0.10999999999999943,-0.040000000000000036,0.17999999999999972,-0.05999999999999961,0.1499999999999999,0.052467805994180994
2024-04-05,JPM,196.16000366210935,198.1199951171875,195.11000061035156,197.4499969482422,189.29318237304688,6532300,5.05,5.43,4.39,317.649,313.023,144.197,23286.508,16.03,3.9,1.15,0.09523809523809512,False,False,0.009200218833956608,0.009158154623779582,0.15314674140657222,0.15750723023831745,0.13442376795233973,-0.01957186544342504,-0.5630365342002177,-0.3961924365903719,-1.04,0.1899999999999995,-0.03000000000000025,0.27999999999999936,-0.040000000000000036,0.1499999999999999,0.052467805994180994
2024-04-08,JPM,197.6199951171875,198.97999572753903,197.6199951171875,198.47999572753903,190.28062438964844,8001000,5.07,5.43,4.42,317.649,313.023,144.197,23286.508,15.19,3.9,1.15,0.09523809523809512,False,False,0.005216468993878287,0.005202910351215128,0.13898947861260927,0.152549769820273,0.13444035080984423,-0.05240174672489095,-0.5883317569155181,-0.3967386887698161,-1.0099999999999998,0.08999999999999986,-0.010000000000000675,0.33000000000000007,-0.040000000000000036,0.1499999999999999,0.052467805994180994
2024-04-09,JPM,198.07000732421875,198.8800048828125,194.91000366210935,197.1499938964844,189.00555419921875,7351500,5.03,5.43,4.36,317.649,313.023,144.197,23286.508,14.98,3.9,1.15,0.09523809523809512,False,False,-0.006700998562095606,-0.006723551058921539,0.13411739491097788,0.15613789962228497,0.13545432630600507,-0.013824884792626668,-0.5573830157052561,-0.39157096553150406,-1.0699999999999994,0.0,0.009999999999999787,0.27000000000000046,-0.03000000000000025,0.1499999999999999,0.052467805994180994
2024-04-10,JPM,195.5500030517578,197.07000732421875,194.17999267578125,195.47000122070312,187.39495849609375,7681400,5.19,5.45,4.55,317.649,313.023,144.197,23286.508,15.8,3.9,1.15,0.09523809523809512,False,False,-0.008521419965401456,-0.008557934851614601,0.1423074250392228,0.16065890162398386,0.13564961795908836,0.05473965287049398,-0.5817418800782755,-0.4215075782964021,-0.9000000000000004,0.1899999999999995,0.03000000000000025,0.4500000000000002,-0.03000000000000025,0.1499999999999999,0.052467805994180994
2024-04-11,JPM,196.0,196.57000732421875,193.2400054931641,195.42999267578125,187.35662841796875,10137700,5.17,5.45,4.56,317.649,313.023,144.197,23286.508,14.91,3.9,1.15,0.09523809523809512,False,False,-0.0002045416719457238,-0.00020456259344643277,0.09689727330387844,0.1592437619518815,0.13573805508041853,-0.05632911392405071,-0.5444908138838307,-0.4103243227377097,-0.8900000000000006,0.25,0.040000000000000036,0.39999999999999947,-0.03000000000000025,0.1499999999999999,0.052467805994180994
2024-04-12,JPM,188.32000732421875,188.92999267578125,182.5399932861328,182.7899932861328,175.23875427246094,31532300,5.13,5.45,4.5,317.649,313.023,144.197,23286.508,17.31,3.9,1.15,0.09523809523809512,True,True,-0.06467811813134461,-0.06686455025382027,0.33796736743627004,0.2839578099780729,0.19338227089324245,0.16096579476861161,-0.729950501960783,-0.5416062559522891,-0.9500000000000002,0.11000000000000032,0.020000000000000462,0.3099999999999996,-0.03000000000000025,0.1499999999999999,0.052467805994180994
2024-04-15,JPM,184.5,187.4600067138672,182.1999969482422,182.88999938964844,175.33465576171875,14766600,5.16,5.45,4.63,317.649,313.023,144.197,23286.508,19.23,3.9,1.15,0.09523809523809512,False,False,0.0005472618751256597,0.0005471121819574294,0.34104203641224384,0.27793670185870994,0.19260080535394955,0.11091854419410763,-0.6705819120024354,-0.5268353638598519,-0.8200000000000003,0.20999999999999996,0.020000000000000462,0.33999999999999986,-0.03000000000000025,0.1499999999999999,0.052467805994180994
2024-04-16,JPM,182.8999938964844,183.16000366210935,179.64999389648438,180.8000030517578,173.33099365234375,16451800,5.18,5.45,4.67,317.649,313.023,144.197,23286.508,18.4,3.9,1.15,0.09523809523809512,False,False,-0.011427644470343612,-0.011493441751666817,0.33881570506987047,0.2757609218437215,0.1937167380060739,-0.0431617264690588,-0.6266574813537258,-0.49807656586950994,-0.7800000000000002,0.3099999999999996,0.020000000000000462,0.3600000000000003,-0.03000000000000025,0.1499999999999999,0.052467805994180994
2024-04-17,JPM,181.3699951171875,182.4199981689453,179.1999969482422,180.0800018310547,172.64076232910156,9017100,5.16,5.45,4.59,317.649,313.023,144.197,23286.508,18.21,3.9,1.15,0.09523809523809512,False,False,-0.003982157539733522,-0.00399010744126128,0.3382745107176171,0.27070681952245707,0.19354412425166426,-0.010326086956521596,-0.6228630877088939,-0.49103978025781636,-0.8600000000000003,0.040000000000000036,0.0,0.25,-0.03000000000000025,0.1499999999999999,0.052467805994180994
2024-04-18,JPM,181.1000061035156,183.36000061035156,179.97000122070312,181.25,173.76242065429688,9557700,5.18,5.46,4.64,317.649,313.023,144.197,23286.508,18.0,3.9,1.15,0.09523809523809512,False,False,0.006497065409483804,0.0064760504545950575,0.34723290474874874,0.2709722567418205,0.1938189355041336,-0.011532125205930832,-0.6201492783083769,-0.49488179677129185,-0.8200000000000003,0.08000000000000007,0.009999999999999787,0.33999999999999986,-0.020000000000000462,0.1499999999999999,0.052467805994180994
2024-04-19,JPM,182.3999938964844,185.8800048828125,181.41000366210935,185.8000030517578,178.12445068359375,13402300,5.17,5.45,4.62,317.649,313.023,144.197,23286.508,18.71,3.9,1.15,0.09523809523809512,False,False,0.02510341426455609,0.02479349946654004,0.37608997690336515,0.2825145299475311,0.19694050409025737,0.03944444444444439,-0.5286717968141996,-0.4449960289078995,-0.8300000000000001,0.1200000000000001,0.0,0.35000000000000053,-0.019999999999999574,0.1499999999999999,0.052467805994180994
2024-04-22,JPM,185.9900054931641,190.1300048828125,185.97999572753903,189.41000366210935,181.58531188964844,11529700,5.16,5.42,4.62,317.649,313.023,144.197,23286.508,16.94,3.9,1.15,0.09523809523809512,False,False,0.019429456162659564,0.019243114094582382,0.39406043875159924,0.2870214190363197,0.20003367388492851,-0.09460181721004812,-0.5682360304352451,-0.46968595328594487,-0.7999999999999998,-0.009999999999999787,-0.03000000000000025,0.35000000000000053,-0.0600000000000005,0.1499999999999999,0.052467805994180994
2024-04-23,JPM,191.1300048828125,192.22999572753903,190.52000427246097,192.13999938964844,184.20252990722656,9144400,5.14,5.45,4.61,317.649,313.023,144.197,23286.508,15.69,3.9,1.15,0.09523809523809512,False,False,0.014413159249183405,0.014310277062644533,0.4049969825525307,0.28986527304839416,0.2008345194601452,-0.0737898465171194,-0.5961162223805347,-0.4978942441331755,-0.8399999999999999,-0.05999999999999961,0.0,0.39000000000000057,-0.009999999999999787,0.1499999999999999,0.052467805994180994
2024-04-24,JPM,190.52999877929688,193.22999572753903,190.1699981689453,193.0800018310547,185.1036834716797,6964900,5.17,5.46,4.65,317.649,313.023,144.197,23286.508,15.97,3.9,1.15,0.09523809523809512,False,False,0.004892188858138802,0.004880260988668519,0.4050557953448051,0.2888398243035968,0.2004449149018468,0.017845761631612556,-0.5972957309753278,-0.5071729110914054,-0.8099999999999996,0.0600000000000005,0.009999999999999787,0.40000000000000036,0.0,0.1499999999999999,0.052467805994180994
2024-04-25,JPM,192.25,193.94000244140625,191.17999267578125,193.3699951171875,185.38169860839844,9802300,5.21,5.47,4.7,317.649,313.023,144.197,23286.508,15.37,3.9,1.15,0.09523809523809512,False,False,0.00150194275718607,0.001500815969269338,0.4052671215762678,0.28838384164112946,0.19892137331871113,-0.037570444583594376,-0.5929120443241653,-0.5145355077204202,-0.7699999999999996,0.0600000000000005,0.009999999999999787,0.45999999999999996,0.009999999999999787,0.1499999999999999,0.052467805994180994
2024-04-26,JPM,193.57000732421875,194.8699951171875,193.05999755859375,193.4900054931641,185.49676513671875,6413700,5.21,5.46,4.67,317.649,313.023,144.197,23286.508,15.03,3.9,1.15,0.09523809523809512,False,False,0.0006207005825498157,0.0006205080276184123,0.1741287725926831,0.2796220259904039,0.19860314853013872,-0.022121014964216035,-0.5796623643127021,-0.5165314847476125,-0.79,0.04999999999999982,0.009999999999999787,0.46999999999999975,0.009999999999999787,0.1499999999999999,0.052467805994180994
2024-04-29,JPM,193.47999572753903,194.2599945068359,192.42999267578125,193.27999877929688,185.29544067382812,5387800,5.2,5.45,4.63,317.649,313.023,144.197,23286.508,14.67,3.9,1.15,0.09523809523809512,False,False,-0.0010853260041610024,-0.0010859153969227763,0.17566513057566288,0.27901205161629544,0.198689671853553,-0.0239520958083832,-0.579898033983979,-0.5143230721646646,-0.8200000000000003,0.009999999999999787,0.03000000000000025,0.4299999999999997,-0.009999999999999787,0.1499999999999999,0.052467805994180994
2024-04-30,JPM,192.80999755859375,194.9900054931641,191.63999938964844,191.7400054931641,183.81906127929688,8153700,5.25,5.46,4.69,317.649,313.023,144.197,23286.508,15.65,3.9,1.15,0.09523809523809512,False,False,-0.007967704921191698,-0.007999616704191557,0.16684130519189355,0.2793310749258419,0.19607329903172294,0.06680299931833678,-0.5808401057513419,-0.520342418597908,-0.7699999999999996,0.08000000000000007,0.009999999999999787,0.3600000000000003,0.019999999999999574,0.1499999999999999,0.052467805994180994
2024-05-01,JPM,192.27000427246097,194.4600067138672,190.7899932861328,191.86000061035156,183.93411254882812,7445300,5.21,5.46,4.63,318.095,313.175,144.224,23286.508,15.39,3.9,1.15,0.09523809523809512,False,False,0.000625894119633541,0.0006256983296006723,0.16069526780000237,0.27940366471394595,0.19447780495148834,-0.016613418530351476,-0.5959092427046089,-0.508708290310141,-0.8300000000000001,-0.020000000000000462,0.0,0.2699999999999996,0.040000000000000036,0.1499999999999999,0.052467805994180994
2024-05-02,JPM,193.07000732421875,193.5,189.52000427246097,191.66000366210935,183.7423553466797,6501700,5.16,5.46,4.58,318.095,313.175,144.224,23286.508,14.68,3.9,1.15,0.09523809523809512,False,False,-0.0010425320213374167,-0.0010430758358407175,0.1648906741856822,0.27936003241310414,0.19426430362640865,-0.046133853151397064,-0.5917596163265817,-0.5090328084698086,-0.8799999999999999,-0.1200000000000001,-0.009999999999999787,0.21999999999999975,0.040000000000000036,0.1499999999999999,0.052467805994180994
2024-05-03,JPM,192.0,192.52999877929688,188.4600067138672,190.5099945068359,182.6398468017578,8922800,5.12,5.45,4.5,318.095,313.175,144.224,23286.508,13.49,3.9,1.15,0.09523809523809512,False,False,-0.006000296136629446,-0.006018370249781888,0.1340475238960562,0.2789565043898086,0.19468144646312524,-0.08106267029972747,-0.582878372871891,-0.48275705264855295,-0.9500000000000002,-0.16999999999999993,-0.009999999999999787,0.1900000000000004,0.040000000000000036,0.1499999999999999,0.052467805994180994
2024-05-06,JPM,191.72999572753903,192.1999969482422,189.82000732421875,192.0,184.06829833984375,7911100,5.12,5.45,4.49,318.095,313.175,144.224,23286.508,13.49,3.9,1.15,0.09523809523809512,False,False,0.007821138503452785,0.007790711943629265,0.10265540439607937,0.2783521117890945,0.19500439751148751,0.0,-0.5757589040479264,-0.48339149167214945,-0.96,-0.13999999999999968,0.0,0.10000000000000053,0.020000000000000462,0.1499999999999999,0.052467805994180994
2024-05-07,JPM,191.6999969482422,192.92999267578125,191.6499938964844,191.75,183.82864379882812,7688800,5.13,5.45,4.47,318.095,313.175,144.224,23286.508,13.23,3.9,1.15,0.09523809523809512,False,False,-0.0013019870514212606,-0.0013028353729780302,0.0731888721340131,0.27733785986903775,0.19505442387001015,-0.01927353595255743,-0.5708952556877921,-0.48195405419872106,-0.9800000000000004,-0.22000000000000064,-0.009999999999999787,0.04999999999999982,0.020000000000000462,0.1499999999999999,0.052467805994180994
2024-05-08,JPM,191.0,196.6499938964844,191.0,195.6499938964844,187.56752014160156,9227600,5.13,5.45,4.48,318.095,313.175,144.224,23286.508,13.0,3.9,1.15,0.09523809523809512,False,False,0.020338921429812862,0.020134848016345755,0.12475286807594972,0.2865900652890527,0.19857116400144323,-0.017384731670445963,-0.5657384351438225,-0.4814801483948791,-0.9699999999999998,-0.14999999999999947,-0.009999999999999787,0.1200000000000001,0.020000000000000462,0.1499999999999999,0.052467805994180994
2024-05-09,JPM,195.1699981689453,197.58999633789065,195.1000061035156,197.5,189.34109497070312,7977300,5.12,5.46,4.45,318.095,313.175,144.224,23286.508,12.69,3.9,1.15,0.09523809523809512,False,False,0.009455660701610968,0.009411235767135777,0.13122214543040753,0.2868763074885532,0.19883187631678376,-0.02384615384615385,-0.5608146014407003,-0.48517571036900664,-1.0099999999999998,-0.1299999999999999,0.0,-0.09999999999999964,0.009999999999999787,0.1499999999999999,0.052467805994180994
2024-05-10,JPM,198.5399932861328,199.33999633789065,198.27000427246097,198.77000427246097,190.55865478515625,7529800,5.17,5.47,4.5,318.095,313.175,144.224,23286.508,12.55,3.9,1.15,0.09523809523809512,False,False,0.006430510051933069,0.006409922533862755,0.13258924499168118,0.28758812376677517,0.19901639438925925,-0.011032308904649235,-0.5716414761648774,-0.48568220007630786,-0.9699999999999998,0.0,0.019999999999999574,-0.05999999999999961,0.019999999999999574,0.1499999999999999,0.052467805994180994
2024-05-13,JPM,198.8000030517578,199.8500061035156,198.0399932861328,198.72999572753903,190.520263671875,7049200,5.16,5.45,4.48,318.095,313.175,144.224,23286.508,13.6,3.9,1.15,0.09523809523809512,False,False,-0.0002014661224625236,-0.00020148641948792808,0.13195640993835228,0.14950754531331886,0.19901197091569825,0.08366533864541825,-0.11662271674024882,-0.49317395330666775,-0.9699999999999998,-0.009999999999999787,0.0,-0.019999999999999574,0.0,0.1499999999999999,0.052467805994180994
2024-05-14,JPM,199.0,201.5800018310547,198.16000366210935,201.5099945068359,193.18544006347656,8596200,5.16,5.44,4.45,318.095,313.175,144.224,23286.508,13.42,3.9,1.15,0.09523809523809512,False,False,0.013988939235312525,0.013891997057538154,0.1275675896330802,0.1527567354378913,0.1991766022923422,-0.013235294117647012,-0.07942092498034366,-0.48558218514879864,-0.9900000000000002,-0.019999999999999574,-0.009999999999999787,-0.17999999999999972,-0.009999999999999787,0.1499999999999999,0.052467805994180994
2024-05-15,JPM,202.0099945068359,202.69000244140625,199.77000427246097,202.11000061035156,193.76063537597656,8370000,5.1,5.45,4.36,318.095,313.175,144.224,23286.508,12.45,3.9,1.15,0.09523809523809512,False,False,0.002977425795189337,0.002973002041762855,0.1258622318901671,0.14132542064051967,0.19856465710742738,-0.07228017883755589,-0.12317905436993995,-0.4750391441259863,-1.0899999999999999,-0.1200000000000001,0.0,-0.3099999999999996,0.0,0.1499999999999999,0.052467805994180994
2024-05-16,JPM,202.22000122070312,204.47999572753903,201.9900054931641,202.47000122070312,194.10577392578125,8497900,5.13,5.45,4.38,318.095,313.175,144.224,23286.508,12.42,3.9,1.15,0.09523809523809512,False,False,0.001781262479527701,0.0017796779129241895,0.12269677195906767,0.1379157587639545,0.1946548288423756,-0.002409638554216831,-0.12454959095639305,-0.47321848759950436,-1.0700000000000003,-0.07000000000000028,-0.009999999999999787,-0.20999999999999996,0.0,0.1499999999999999,0.052467805994180994
2024-05-17,JPM,203.80999755859375,205.0500030517578,202.80999755859375,204.7899932861328,196.32992553710935,9260500,5.14,5.46,4.42,318.095,313.175,144.224,23286.508,11.99,3.9,1.15,0.09523809523809512,False,False,0.011458451576914497,0.011393300733491683,0.10712638477358614,0.13936241119929385,0.19507646807507445,-0.0346215780998389,-0.135667255628225,-0.4759803482285563,-1.04,-0.08000000000000007,-0.009999999999999787,-0.21999999999999975,0.0,0.1499999999999999,0.052467805994180994
2024-05-20,JPM,204.38999938964844,205.8800048828125,195.3999938964844,195.5800018310547,187.5004119873047,17373300,5.15,5.45,4.44,318.095,313.175,144.224,23286.508,12.15,3.9,1.15,0.09523809523809512,True,False,-0.044972836034289365,-0.046015494962775585,0.28764102638122147,0.2138299168892118,0.21758176023651446,0.01334445371142623,-0.334555189792577,-0.45771169906129955,-1.0099999999999998,-0.040000000000000036,0.0,-0.17999999999999972,0.0,0.1499999999999999,0.052467805994180994
2024-05-21,JPM,197.0,199.8999938964844,196.6000061035156,199.52000427246097,191.27767944335935,14420800,5.14,5.45,4.41,318.095,313.175,144.224,23286.508,11.86,3.9,1.15,0.09523809523809512,False,False,0.020145382167535697,0.01994514867632501,0.30060960017196675,0.21453756476163033,0.2204973217552301,-0.023868312757201693,-0.2513912220575201,-0.4596216041307694,-1.04,-0.040000000000000036,0.009999999999999787,-0.20999999999999996,0.03000000000000025,0.1499999999999999,0.052467805994180994
2024-05-22,JPM,199.0,200.94000244140625,197.69000244140625,198.30999755859375,190.1176300048828,9425300,5.16,5.45,4.43,318.095,313.175,144.224,23286.508,12.29,3.9,1.15,0.09523809523809512,False,False,-0.006064740234471788,-0.006083205467275399,0.2897552620543095,0.21197968672043557,0.22002678383053664,0.036256323777402955,-0.22649476021303436,-0.45680975673410396,-1.0200000000000005,0.0699999999999994,0.0,-0.1800000000000006,0.0,0.1499999999999999,0.052467805994180994
2024-05-23,JPM,197.80999755859375,198.3000030517578,196.07000732421875,196.9199981689453,188.7850646972656,8069400,5.2,5.46,4.47,318.095,313.175,144.224,23286.508,12.77,3.9,1.15,0.09523809523809512,False,False,-0.007009162209643538,-0.007033841776755722,0.2887036603920355,0.21360101904788933,0.2205328062534423,0.039056143205858485,-0.2666422371905762,-0.46079625262655227,-0.9900000000000002,0.08999999999999986,0.009999999999999787,-0.1800000000000006,0.0,0.1499999999999999,0.052467805994180994
2024-05-24,JPM,197.75,200.7599945068359,197.55999755859375,200.7100067138672,192.41848754882812,7356200,5.21,5.46,4.46,318.095,313.175,144.224,23286.508,11.93,3.9,1.15,0.09523809523809512,False,False,0.019246346936337755,0.019063478640494135,0.30353764387383253,0.22265658808378175,0.22319804724821554,-0.06577916992952226,-0.331597744842235,-0.47564827959364403,-1.0,0.040000000000000036,0.0,-0.2400000000000002,-0.009999999999999787,0.1499999999999999,0.052467805994180994
2024-05-28,JPM,199.86000061035156,200.41000366210935,198.66000366210935,199.5,191.2584686279297,6910200,5.21,5.46,4.54,318.095,313.175,144.224,23286.508,12.92,3.9,1.15,0.09523809523809512,False,False,-0.0060286250852277234,-0.0060468706126922045,0.30558147142622943,0.22428380307262039,0.22370387001443334,0.08298407376362116,-0.351753783639488,-0.4799903869710835,-0.9199999999999999,0.09999999999999964,0.009999999999999787,-0.1299999999999999,0.0,0.1499999999999999,0.052467805994180994
2024-05-29,JPM,198.0,198.9900054931641,196.88999938964844,198.11000061035156,189.92591857910156,6120000,5.22,5.46,4.61,318.095,313.175,144.224,23286.508,14.28,3.9,1.15,0.09523809523809512,False,False,-0.006967273440949939,-0.006991658220173872,0.29761757642885484,0.22605341177873114,0.22420579509533223,0.10526315789473673,-0.37575942775339305,-0.48639078874018954,-0.8499999999999996,0.20000000000000018,0.009999999999999787,-0.019999999999999574,0.009999999999999787,0.1499999999999999,0.052467805994180994
2024-05-30,JPM,198.55999755859375,199.8500061035156,198.3999938964844,199.3300018310547,191.0955047607422,6829100,5.19,5.46,4.55,318.095,313.175,144.224,23286.508,14.47,3.9,1.15,0.09523809523809512,False,False,0.006158117809252683,0.006139234087577441,0.2994289726073581,0.22412049148555865,0.22386570306456696,0.013305322128851715,-0.3441781331314468,-0.4816171794766236,-0.9100000000000001,0.1200000000000001,0.009999999999999787,-0.14000000000000057,0.0,0.1499999999999999,0.052467805994180994
2024-05-31,JPM,199.3000030517578,203.3000030517578,198.3500061035156,202.6300048828125,194.2591857910156,14417900,5.18,5.46,4.51,318.095,313.175,144.224,23286.508,12.92,3.9,1.15,0.09523809523809512,False,False,0.016555496866524688,0.016419948627951902,0.3124957787903281,0.2296448257471015,0.22564630348604853,-0.10711817553559089,-0.39942957575097676,-0.5002728758785161,-0.9500000000000002,0.040000000000000036,0.0,-0.1200000000000001,0.0,0.1499999999999999,0.052467805994180994
2024-06-03,JPM,202.30999755859375,202.4199981689453,199.19000244140625,201.82000732421875,193.48263549804688,6444300,5.14,5.52,4.41,318.095,313.175,144.224,23286.508,13.11,3.9,1.15,0.09523809523809512,False,False,-0.003997495870306622,-0.004005507214260245,0.3063860707225003,0.23046492403506916,0.2255815853075027,0.014705882352941124,-0.4202794114287979,-0.5062617453587398,-1.1099999999999994,-0.04999999999999982,0.05999999999999961,-0.16999999999999993,0.05999999999999961,0.1499999999999999,0.052467805994180994
2024-06-04,JPM,200.16000366210935,201.97999572753903,198.27999877929688,199.16000366210935,190.9325408935547,6848300,5.11,5.52,4.33,318.095,313.175,144.224,23286.508,13.16,3.9,1.15,0.09523809523809512,False,False,-0.013179966243109908,-0.013267592793156757,0.19796363631920802,0.2351456340967409,0.22674903309166447,0.0038138825324181003,-0.4854142341331156,-0.5249246994087494,-1.1899999999999995,-0.20999999999999996,0.05999999999999961,-0.16999999999999993,0.0699999999999994,0.1499999999999999,0.052467805994180994
2024-06-05,JPM,199.7599945068359,199.82000732421875,196.9199981689453,197.2599945068359,189.1110076904297,8351600,5.08,5.51,4.29,318.095,313.175,144.224,23286.508,12.63,3.9,1.15,0.09523809523809512,False,False,-0.009540192544446935,-0.009585991702629108,0.1765837088012356,0.23755269720483188,0.2275538064535319,-0.04027355623100304,-0.44482258765242066,-0.5122116851155386,-1.2199999999999998,-0.3200000000000003,0.04999999999999982,-0.20000000000000018,0.05999999999999961,0.1499999999999999,0.052467805994180994
2024-06-06,JPM,197.2599945068359,198.02000427246097,195.3300018310547,196.91000366210935,188.7754821777344,7640300,5.08,5.51,4.28,318.095,313.175,144.224,23286.508,12.58,3.9,1.15,0.09523809523809512,False,False,-0.0017742251854769853,-0.0017758009871418835,0.17451874941365506,0.23762330702228265,0.22679139264483417,-0.003958828186856778,-0.44854992809451233,-0.5145018715669424,-1.2299999999999995,-0.2699999999999996,0.04999999999999982,-0.1899999999999995,0.05999999999999961,0.1499999999999999,0.052467805994180994
2024-06-07,JPM,197.42999267578125,200.9199981689453,197.0099945068359,199.9499969482422,191.68988037109375,6964500,5.17,5.52,4.43,318.095,313.175,144.224,23286.508,12.22,3.9,1.15,0.09523809523809512,False,False,0.015438435964980846,0.015320475843093448,0.18743331594341603,0.23335291203723937,0.2286282096441248,-0.02861685214626386,-0.4603560055931729,-0.5185020188681316,-1.0899999999999999,-0.08000000000000007,0.05999999999999961,-0.05000000000000071,0.0699999999999994,0.1499999999999999,0.052467805994180994
2024-06-10,JPM,199.2400054931641,200.83999633789065,198.44000244140625,199.61000061035156,191.3639373779297,6070800,5.16,5.52,4.47,318.095,313.175,144.224,23286.508,12.74,3.9,1.15,0.09523809523809512,False,False,-0.0017003661984298368,-0.0017018134618520977,0.1600155697306813,0.23149490512988144,0.22869088627053596,0.042553191489361764,-0.4526048682734088,-0.5193064960221142,-1.0499999999999998,0.05999999999999961,0.0,0.019999999999999574,0.05999999999999961,0.1499999999999999,0.052467805994180994
2024-06-11,JPM,197.91000366210935,197.94000244140625,193.6000061035156,194.36000061035156,186.3308258056641,9235300,5.17,5.52,4.39,318.095,313.175,144.224,23286.508,12.85,3.9,1.15,0.09523809523809512,False,False,-0.026301254255265305,-0.02665331913142378,0.2065169148741062,0.24857383630484925,0.23478522353647047,0.008634222919937207,-0.42736849994731746,-0.5085655230121936,-1.13,0.05999999999999961,0.0,-0.11000000000000032,0.04999999999999982,0.1499999999999999,0.052467805994180994
2024-06-12,JPM,196.0,196.72000122070312,191.30999755859375,191.52999877929688,183.6177215576172,12751300,5.13,5.51,4.31,318.095,313.175,144.224,23286.508,12.04,3.9,1.15,0.09523809523809512,False,False,-0.014560683860632695,-0.014667731008404308,0.21451686594673341,0.25295095867611955,0.23619056387229975,-0.06303501945525292,-0.38781439841735416,-0.479755723799994,-1.2000000000000002,0.019999999999999574,0.0,-0.17000000000000082,0.05999999999999961,0.1499999999999999,0.052467805994180994
2024-06-13,JPM,192.32000732421875,194.5800018310547,190.8800048828125,193.66000366210935,185.6597442626953,8587800,5.07,5.51,4.24,318.095,313.175,144.224,23286.508,11.94,3.9,1.15,0.09523809523809512,False,False,0.011121054589697366,0.011059670347820254,0.22192332836043602,0.2509252718583925,0.2342866586210371,-0.00830564784053156,-0.38573642648410367,-0.47011927179852364,-1.2699999999999996,-0.040000000000000036,0.0,-0.20999999999999996,0.0699999999999994,0.1499999999999999,0.052467805994180994
2024-06-14,JPM,191.4499969482422,194.86000061035156,191.4199981689453,193.77999877929688,185.77476501464844,6874000,5.07,5.51,4.2,318.095,313.175,144.224,23286.508,12.66,3.9,1.15,0.09523809523809512,False,False,0.0006195244553950374,0.0006193326293428193,0.19610971370626415,0.2504823461367807,0.23306632621374213,0.06030150753768848,-0.3600674243716219,-0.468066642697448,-1.3099999999999996,-0.22999999999999954,-0.009999999999999787,-0.16000000000000014,0.05999999999999961,0.1499999999999999,0.052467805994180994
2024-06-17,JPM,193.47999572753903,195.5800018310547,192.63999938964844,194.97999572753903,186.9252014160156,8725400,5.11,5.52,4.28,318.095,313.175,144.224,23286.508,12.75,3.9,1.15,0.09523809523809512,False,False,0.006192640864201682,0.006173545258036753,0.20330387420587345,0.2517777831301941,0.2321076131078604,0.007109004739336511,-0.35471252926424235,-0.4678611309920614,-1.2399999999999993,-0.1899999999999995,0.0,-0.09999999999999964,0.0699999999999994,0.1499999999999999,0.052467805994180994
2024-06-18,JPM,194.6000061035156,197.9600067138672,194.1300048828125,197.0,188.8617401123047,9023000,5.09,5.5,4.22,318.095,313.175,144.224,23286.508,12.3,3.9,1.15,0.09523809523809512,False,False,0.010359965813165894,0.01030666915234831,0.2058488212897118,0.2510878032292004,0.2327126685471252,-0.03529411764705881,-0.35347458206421645,-0.46984134207311334,-1.2800000000000002,-0.16999999999999993,-0.019999999999999574,-0.20000000000000018,0.040000000000000036,0.1499999999999999,0.052467805994180994
2024-06-20,JPM,196.38999938964844,199.4499969482422,196.11000061035156,198.6699981689453,190.4627685546875,8731100,5.1,5.5,4.25,318.095,313.175,144.224,23286.508,13.28,3.9,1.15,0.09523809523809512,False,False,0.008477251355572424,0.008441521247031736,0.20490721672587656,0.19498293604436223,0.23187794212494137,0.0796747967479674,-0.3447887479094988,-0.4397615532088223,-1.25,-0.05999999999999961,-0.009999999999999787,-0.1900000000000004,0.04999999999999982,0.1499999999999999,0.052467805994180994
2024-06-21,JPM,196.7100067138672,197.1699981689453,194.22000122070312,196.3000030517578,188.1906585693359,20972100,5.1,5.49,4.25,318.095,313.175,144.224,23286.508,13.2,3.9,1.15,0.09523809523809512,False,False,-0.011929418030585892,-0.01200114454563256,0.21458454974442998,0.1865724940927353,0.23150282205437578,-0.0060240963855421326,-0.30306614099015866,-0.43551852362950294,-1.2400000000000002,0.009999999999999787,-0.019999999999999574,-0.16000000000000014,0.040000000000000036,0.1499999999999999,0.052467805994180994
2024-06-24,JPM,197.80999755859375,199.22999572753903,197.1000061035156,198.8800048828125,190.6641082763672,9785900,5.1,5.5,4.25,318.095,313.175,144.224,23286.508,13.33,3.9,1.15,0.09523809523809512,False,False,0.013143318195679488,0.013057694228422272,0.21022581752088773,0.1914295341135518,0.2316320611247094,0.009848484848484995,-0.2794971479905589,-0.4308258884946743,-1.25,0.04999999999999982,-0.009999999999999787,-0.17999999999999972,0.04999999999999982,0.1499999999999999,0.052467805994180994
2024-06-25,JPM,198.08999633789065,200.07000732421875,197.7400054931641,198.07000732421875,189.88755798339844,6862500,5.1,5.49,4.23,318.095,313.175,144.224,23286.508,12.84,3.9,1.15,0.09523809523809512,False,False,-0.00407287087217878,-0.004081187600404076,0.21093322791703434,0.19030593336582632,0.23100704867836747,-0.03675918979744941,-0.24578327541078676,-0.4252024304788568,-1.2599999999999998,-0.04999999999999982,-0.02999999999999936,-0.23999999999999932,0.03000000000000025,0.1499999999999999,0.052467805994180994
2024-06-26,JPM,197.4499969482422,197.94000244140625,196.27999877929688,197.42999267578125,189.27398681640625,7758600,5.13,5.5,4.32,318.095,313.175,144.224,23286.508,12.55,3.9,1.15,0.09523809523809512,False,False,-0.003231234176205633,-0.0032364658863165995,0.15612554775387139,0.17783906940377722,0.23094874527700193,-0.02258566978193144,-0.14923021317903576,-0.42319161784965026,-1.1799999999999997,0.10000000000000053,0.0,-0.13999999999999968,0.040000000000000036,0.1499999999999999,0.052467805994180994
2024-06-27,JPM,197.44000244140625,199.86000061035156,196.8999938964844,199.1699981689453,190.9421234130859,7913500,5.1,5.49,4.29,318.095,313.175,144.224,23286.508,12.24,3.9,1.15,0.09523809523809512,False,False,0.008813343157914932,0.008774732343505662,0.13004221197294025,0.17971482783935327,0.22840261414492943,-0.024701195219123506,-0.13613880224938643,-0.41925183621386025,-1.2000000000000002,0.040000000000000036,-0.009999999999999787,-0.25,0.03000000000000025,0.1499999999999999,0.052467805994180994
2024-06-28,JPM,200.0099945068359,202.6000061035156,199.3000030517578,202.2599945068359,193.9044647216797,15307600,5.09,5.48,4.36,318.095,313.175,144.224,23286.508,12.44,3.9,1.15,0.09523809523809512,False,False,0.015514341495956874,0.015395224534302572,0.1382757718871976,0.18550369340004777,0.23033600658902786,0.016339869281045694,-0.036268460813080626,-0.41206631368484625,-1.12,0.11000000000000032,-0.009999999999999787,-0.25,0.020000000000000462,0.1499999999999999,0.052467805994180994
2024-07-01,JPM,202.83999633789065,207.08999633789065,202.66000366210935,205.4499969482422,196.96267700195312,10205800,5.1,5.47,4.48,318.94,313.569,144.922,23478.57,12.22,4.2,1.15,0.09523809523809512,False,False,0.01577174762150535,0.015648666064085444,0.14723013559570391,0.19165435031492253,0.23191316068241874,-0.01768488745980701,-0.061484815105767955,-0.4097473841138052,-0.9899999999999993,0.23000000000000043,-0.03000000000000025,-0.0699999999999994,0.009999999999999787,0.1499999999999999,0.00824778021676753
2024-07-02,JPM,205.2899932861328,208.86000061035156,204.77000427246097,208.8300018310547,200.20306396484375,7802900,5.07,5.47,4.43,318.94,313.569,144.922,23478.57,12.03,4.2,1.15,0.09523809523809512,False,False,0.016451781688865408,0.016317917337810184,0.15638088523041788,0.19155416664953898,0.23401982887460654,-0.0155482815057284,0.09425647922844729,-0.41433924538122624,-1.04,0.1999999999999993,-0.020000000000000462,-0.08000000000000007,0.009999999999999787,0.1499999999999999,0.00824778021676753
2024-07-03,JPM,209.5500030517578,210.3800048828125,207.6499938964844,208.69000244140625,200.06884765625,5560900,5.04,5.47,4.36,318.94,313.569,144.922,23478.57,12.09,4.2,1.15,0.09523809523809512,False,False,-0.0006704008716735821,-0.0006706256908228704,0.15929310447225206,0.19070717219910296,0.23392157679552208,0.004987531172069959,0.1051914171461619,-0.4164557273385606,-1.1099999999999994,0.040000000000000036,-0.03000000000000025,-0.04999999999999982,-0.04999999999999982,0.1499999999999999,0.00824778021676753
2024-07-05,JPM,206.9900054931641,207.3699951171875,204.52000427246097,204.7899932861328,197.41781616210935,8093100,4.98,5.46,4.28,318.94,313.569,144.922,23478.57,12.48,4.2,1.15,0.0,False,False,-0.013250596108273394,-0.013339168552130598,0.18456457897187753,0.19077760082508458,0.23504293317503355,0.032258064516129004,0.05154682323166214,-0.4228659191180467,-1.1799999999999997,-0.009999999999999787,-0.03000000000000025,-0.04999999999999982,-0.05999999999999961,0.1499999999999999,0.00824778021676753
2024-07-08,JPM,205.0399932861328,206.8999938964844,203.97000122070312,205.1699981689453,197.78414916992188,8707000,4.99,5.46,4.28,318.94,313.569,144.922,23478.57,12.37,4.2,1.15,0.0,False,False,0.0018556228355384174,0.001853903294369155,0.16372935536333244,0.1863987798721334,0.23444199557210477,-0.008814102564102644,-0.0023415676355059843,-0.42138045991029305,-1.1799999999999997,-0.08000000000000007,-0.020000000000000462,-0.009999999999999787,-0.04999999999999982,0.1499999999999999,0.00824778021676753
2024-07-09,JPM,205.6300048828125,209.7599945068359,205.4499969482422,207.6300048828125,200.1555938720703,9058900,5.02,5.46,4.3,318.94,313.569,144.922,23478.57,12.51,4.2,1.15,0.0,False,False,0.011990064482422458,0.011918753111963672,0.16224760109105896,0.1887994969587057,0.235349696227356,0.011317704122878025,0.009104695202203517,-0.4146762689950169,-1.1600000000000001,-0.1800000000000006,-0.009999999999999787,0.019999999999999574,-0.04999999999999982,0.1499999999999999,0.00824778021676753
2024-07-10,JPM,206.13999938964844,207.97000122070312,205.5800018310547,207.8000030517578,200.31947326660156,8328500,5.01,5.46,4.28,318.94,313.569,144.922,23478.57,12.85,4.2,1.15,0.0,False,False,0.0008187600024609498,0.0008184250013346793,0.15644958694746558,0.1832723435281013,0.23485219637150131,0.027178257394084637,0.05442013205033346,-0.41687009038624284,-1.1799999999999997,-0.14999999999999947,-0.009999999999999787,-0.14999999999999947,-0.05999999999999961,0.1499999999999999,0.00824778021676753
2024-07-11,JPM,206.2100067138672,208.1000061035156,205.3800048828125,207.4499969482422,199.98207092285156,10658100,4.91,5.44,4.2,318.94,313.569,144.922,23478.57,12.92,4.2,1.15,0.0,False,False,-0.0016843212407061658,-0.0016857413045135497,0.15424519792375077,0.18326815451449732,0.23412566557275863,0.005447470817120603,0.07579516214684184,-0.4108267959769902,-1.2400000000000002,-0.16000000000000014,-0.02999999999999936,-0.2699999999999996,-0.07999999999999918,0.1499999999999999,0.00824778021676753
2024-07-12,JPM,204.0,207.4499969482422,202.1000061035156,204.94000244140625,197.5624237060547,15443400,4.87,5.43,4.18,318.94,313.569,144.922,23478.57,12.46,4.2,1.15,0.0,False,False,-0.012099320732258612,-0.012173113344394398,0.17610193794056087,0.160037713314387,0.235601592186832,-0.035603715170278605,0.1985840833069296,-0.40226333068739933,-1.25,-0.10000000000000053,-0.03000000000000025,-0.20999999999999996,-0.08999999999999986,0.1499999999999999,0.00824778021676753
2024-07-15,JPM,207.19000244140625,211.61000061035156,206.72000122070312,210.0500030517578,202.48846435546875,10719700,4.85,5.43,4.23,318.94,313.569,144.922,23478.57,13.12,4.2,1.15,0.0,False,False,0.0249340970666736,0.02462831497861568,0.19838851642191166,0.16388199855430696,0.19655866394668314,0.052969502407704594,0.1845715658178005,-0.1704570306591785,-1.1999999999999993,-0.04999999999999982,-0.03000000000000025,-0.07999999999999918,-0.08000000000000007,0.1499999999999999,0.00824778021676753
2024-07-16,JPM,210.0,213.7400054931641,208.0800018310547,213.6199951171875,205.9299774169922,11557000,4.85,5.43,4.17,318.94,313.569,144.922,23478.57,13.19,4.2,1.15,0.0,False,False,0.016996094431739328,0.016853276775606836,0.2003945876660934,0.1679126994487022,0.19866376681240322,0.005335365853658569,0.19387277482328896,-0.16711958153364279,-1.2599999999999998,-0.1299999999999999,-0.03000000000000025,-0.07000000000000028,-0.08000000000000007,0.1499999999999999,0.00824778021676753
2024-07-17,JPM,213.8000030517578,217.55999755859375,213.27000427246097,216.8699951171875,209.06295776367188,11572500,4.85,5.43,4.16,318.94,313.569,144.922,23478.57,14.48,4.2,1.15,0.0,False,False,0.015213813870020632,0.015099244368433408,0.19845813783339022,0.17069323374910264,0.19814013947875997,0.09780136467020473,0.31908076622966514,-0.14118454187289392,-1.2699999999999996,-0.1200000000000001,-0.03000000000000025,-0.040000000000000036,-0.08000000000000007,0.1499999999999999,0.00824778021676753
2024-07-18,JPM,215.6300048828125,216.63999938964844,209.2400054931641,209.97999572753903,202.4209899902344,12415100,4.86,5.43,4.2,318.94,313.569,144.922,23478.57,15.93,4.2,1.15,0.0,False,False,-0.03177017987541175,-0.032285802400552094,0.27097501220721115,0.21529715980278283,0.2099147870218668,0.10013812154696122,-0.07601870958731381,-0.22276830110412577,-1.2299999999999995,0.0,-0.010000000000000675,-0.08000000000000007,-0.08999999999999986,0.1499999999999999,0.00824778021676753
2024-07-19,JPM,211.1999969482422,212.3500061035156,208.9199981689453,209.77999877929688,202.2281951904297,8095900,4.87,5.43,4.25,318.94,313.569,144.922,23478.57,16.52,4.2,1.15,0.0,False,False,-0.0009524447035558214,-0.000952898567222069,0.2592883499910112,0.2145363485038515,0.20987241246627114,0.03703703703703698,-0.05826436472498652,-0.22407243327508314,-1.1799999999999997,0.07000000000000028,0.0,0.03000000000000025,-0.07000000000000028,0.1499999999999999,0.00824778021676753
2024-07-22,JPM,210.4600067138672,212.1699981689453,209.7100067138672,210.27999877929688,202.710205078125,7663200,4.88,5.43,4.26,318.94,313.569,144.922,23478.57,14.91,4.2,1.15,0.0,False,False,0.0023834949782419734,0.002380658959616472,0.25927034623078865,0.21371637661992016,0.2048835343842552,-0.09745762711864403,-0.07619385372794367,-0.24802513727358777,-1.17,0.02999999999999936,0.0,0.009999999999999787,-0.07000000000000028,0.1499999999999999,0.00824778021676753
2024-07-23,JPM,211.02000427246097,211.47999572753903,209.3500061035156,210.3300018310547,202.7583770751953,5557300,4.85,5.41,4.25,318.94,313.569,144.922,23478.57,14.72,4.2,1.15,0.0,False,False,0.0002376397234256089,0.00023761149157911757,0.25391399361319605,0.20701572339999708,0.2019063677314194,-0.012743125419181767,-0.08961719393971404,-0.2147429572050563,-1.1600000000000001,0.08000000000000007,-0.019999999999999574,0.0,-0.08000000000000007,0.1499999999999999,0.00824778021676753
2024-07-24,JPM,209.5500030517578,212.02999877929688,208.07000732421875,208.58999633789065,201.08102416992188,7119000,4.82,5.4,4.28,318.94,313.569,144.922,23478.57,18.04,4.2,1.15,0.0,False,False,-0.008272668826163287,-0.008307077248642776,0.2584818171733234,0.2078805520941033,0.20125401326088369,0.2255434782608694,-0.20282421762259806,-0.2167975756807914,-1.12,0.1200000000000001,-0.02999999999999936,0.03000000000000025,-0.09999999999999964,0.1499999999999999,0.00824778021676753
2024-07-25,JPM,208.6499938964844,210.19000244140625,208.0500030517578,208.6699981689453,201.1581268310547,6403800,4.83,5.39,4.27,318.94,313.569,144.922,23478.57,18.46,4.2,1.15,0.0,False,False,0.00038344076200669264,0.00038336726738433095,0.2582275018878766,0.20666243283857322,0.2011381053602951,0.0232815964523283,-0.2306753596692795,-0.2184670234165469,-1.12,0.0699999999999994,-0.040000000000000036,0.03999999999999915,-0.10000000000000053,0.1499999999999999,0.00824778021676753
2024-07-26,JPM,209.2400054931641,213.16000366210935,208.6199951171875,212.2400054931641,204.59963989257812,8027800,4.79,5.38,4.2,318.94,313.569,144.922,23478.57,16.39,4.2,1.15,0.0,False,False,0.017108496264800932,0.0169637940358206,0.2593376420379082,0.2110942403533732,0.20355748647008653,-0.11213434452871074,-0.3177262130883629,-0.2500749958720608,-1.1799999999999997,-0.04999999999999982,-0.04999999999999982,-0.1200000000000001,-0.1200000000000001,0.1499999999999999,0.00824778021676753
2024-07-29,JPM,212.6499938964844,213.61000061035156,210.5500030517578,210.8500061035156,203.2596893310547,6533600,4.79,5.41,4.17,318.94,313.569,144.922,23478.57,16.6,4.2,1.15,0.0,False,False,-0.006549134505940302,-0.006570674182995943,0.2342455991260979,0.21313627614889355,0.20420028219978809,0.01281269066503965,-0.30384988445907923,-0.2520189911578822,-1.2400000000000002,-0.08999999999999986,-0.019999999999999574,-0.1200000000000001,-0.08000000000000007,0.1499999999999999,0.00824778021676753
2024-07-30,JPM,213.22999572753903,215.7899932861328,212.9600067138672,215.19000244140625,207.4434356689453,8850700,4.78,5.4,4.15,318.94,313.569,144.922,23478.57,17.69,4.2,1.15,0.0,False,False,0.020583256580090747,0.020374284045879657,0.24172614557671526,0.2174459137231704,0.20759878434255824,0.06566265060240961,-0.24989667213788638,-0.22162315576883782,-1.25,-0.09999999999999964,-0.009999999999999787,-0.20999999999999996,-0.08000000000000007,0.1499999999999999,0.00824778021676753
2024-07-31,JPM,214.77999877929688,216.38999938964844,212.6699981689453,212.8000030517578,205.1394805908203,9071600,4.73,5.41,4.09,318.94,313.569,144.922,23478.57,16.36,4.2,1.15,0.0,False,False,-0.011106425569434863,-0.011168562421138471,0.2338496606094523,0.21796648176291833,0.2083018609315295,-0.07518371961560211,-0.15287574750288044,-0.18358437455853402,-1.3200000000000003,-0.1900000000000004,0.009999999999999787,-0.39000000000000057,-0.05999999999999961,0.1499999999999999,0.00824778021676753
2024-08-01,JPM,213.1999969482422,213.8300018310547,206.3800048828125,207.9600067138672,200.47373962402344,10918600,4.62,5.37,3.99,319.75,314.062,145.409,23478.57,18.59,4.2,1.15,0.0,False,False,-0.022744237010638435,-0.023006877176947993,0.20264115443923184,0.22762982538859416,0.2140983156223094,0.13630806845965782,-0.24005058887394765,-0.23812064640315142,-1.38,-0.27999999999999936,-0.019999999999999574,-0.4399999999999995,-0.09999999999999964,0.1499999999999999,0.00824778021676753
2024-08-02,JPM,203.8800048828125,204.6699981689453,196.88999938964844,199.13999938964844,191.9712371826172,18041700,4.33,5.29,3.8,319.75,314.062,145.409,23478.57,23.39,4.2,1.15,0.0,True,False,-0.042412050861884376,-0.043337709259793564,0.29377189551429816,0.27285772491733645,0.231995620525587,0.25820333512641214,-0.47020780857084277,-0.3794243579875209,-1.4900000000000002,-0.40000000000000036,-0.08999999999999986,-0.5600000000000005,-0.17999999999999972,0.1499999999999999,0.00824778021676753
2024-08-05,JPM,194.0500030517578,196.1699981689453,190.8999938964844,194.8999938964844,187.8838348388672,13927000,4.34,5.35,3.78,319.75,314.062,145.409,23478.57,38.57,4.2,1.15,0.0,False,False,-0.021291743511877015,-0.021521682407217652,0.30090769339540957,0.27856709409538916,0.23585905993553938,0.648995297135528,-0.4684947248616299,-0.39269564425078507,-1.5699999999999998,-0.3900000000000001,-0.0600000000000005,-0.5000000000000004,-0.11000000000000032,0.1499999999999999,0.00824778021676753
2024-08-06,JPM,195.3999938964844,202.6000061035156,194.0,200.33999633789065,193.1280212402344,10605800,4.46,5.34,3.9,319.75,314.062,145.409,23478.57,27.71,4.2,1.15,0.0,False,False,0.02791185524749773,0.027529419434085507,0.3482627170513852,0.29704378320581887,0.2415904297907379,-0.2815659839253305,-0.5458672860729403,-0.43712966556173827,-1.44,-0.25000000000000044,-0.0600000000000005,-0.38000000000000034,-0.1200000000000001,0.1499999999999999,0.00824778021676753
2024-08-07,JPM,203.5099945068359,205.75,200.1999969482422,200.3999938964844,193.18585205078125,9204400,4.45,5.34,3.96,319.75,314.062,145.409,23478.57,27.85,4.2,1.15,0.0,False,False,0.00029944287822902815,0.0002993980541583097,0.3485615182446122,0.29331390951409686,0.24155600251075726,0.0050523276795380045,-0.5454903694448981,-0.43823190906024184,-1.38,-0.1299999999999999,-0.07000000000000028,-0.33999999999999986,-0.1200000000000001,0.1499999999999999,0.00824778021676753
2024-08-08,JPM,202.47000122070312,204.91000366210935,201.7899932861328,204.05999755859375,196.7140960693359,7761200,4.48,5.34,3.99,319.75,314.062,145.409,23478.57,23.79,4.2,1.15,0.0,False,False,0.01826347002692108,0.01809869606376967,0.36572907622685774,0.30117715778230963,0.24092666782072586,-0.1457809694793537,-0.5697530742740812,-0.4529109149405242,-1.3499999999999996,0.0,-0.03000000000000025,-0.29000000000000004,-0.1200000000000001,0.1499999999999999,0.00824778021676753
2024-08-09,JPM,203.47000122070312,206.47000122070312,202.8999938964844,205.8000030517578,198.3914794921875,5540200,4.5,5.33,3.94,319.75,314.062,145.409,23478.57,20.37,4.2,1.15,0.0,False,False,0.008527011822581088,0.008490862210684786,0.3556091030069722,0.3028859922312991,0.24079927221166003,-0.14375788146279944,-0.5771202601951957,-0.45479247306659354,-1.3900000000000001,0.14000000000000012,0.040000000000000036,-0.26000000000000023,-0.11000000000000032,0.1499999999999999,0.00824778021676753
2024-08-12,JPM,206.41000366210935,207.13999938964844,203.66000366210935,206.19000244140625,198.76744079589844,6936000,4.47,5.33,3.9,319.75,314.062,145.409,23478.57,20.71,4.2,1.15,0.0,False,False,0.0018950476334631539,0.0018932542959791466,0.355821883837046,0.2998900382498993,0.2405363902185527,0.016691212567501168,-0.5983378995173386,-0.45412860309275954,-1.4300000000000002,0.1200000000000001,-0.019999999999999574,-0.2799999999999998,-0.09999999999999964,0.1499999999999999,0.00824778021676753
2024-08-13,JPM,207.72999572753903,208.08999633789065,205.3999938964844,207.94000244140625,200.4544219970703,6387800,4.4,5.32,3.85,319.75,314.062,145.409,23478.57,18.12,4.2,1.15,0.0,False,False,0.00848721095576277,0.00845139707813985,0.3392577083439463,0.2883616714548673,0.24103108343135396,-0.12506035731530663,-0.6382289369884028,-0.45845325237051293,-1.4700000000000002,-0.04999999999999982,-0.019999999999999574,-0.38000000000000034,-0.10999999999999943,0.1499999999999999,0.00824778021676753
2024-08-14,JPM,207.7400054931641,210.7599945068359,207.1199951171875,210.2400054931641,202.6716461181641,6999800,4.42,5.32,3.83,319.75,314.062,145.409,23478.57,16.19,4.2,1.15,0.0,False,False,0.011060988822317874,0.011000263463466945,0.3433219094014276,0.28461701697916847,0.2404617183245926,-0.10651214128035313,-0.6559853344278856,-0.4641316433590903,-1.4900000000000002,-0.1299999999999999,-0.019999999999999574,-0.33999999999999986,-0.10999999999999943,0.1499999999999999,0.00824778021676753
2024-08-15,JPM,213.0,213.88999938964844,211.1000061035156,211.5500030517578,203.9344940185547,7001000,4.52,5.34,3.92,319.75,314.062,145.409,23478.57,15.23,4.2,1.15,0.0,False,False,0.00623100430957324,0.006211671867678028,0.32205490327845276,0.28000515355721656,0.24066996595910098,-0.0592958616429895,-0.6931821586738153,-0.46608013558106814,-1.42,-0.07000000000000028,0.0,-0.2400000000000002,-0.08999999999999986,0.1499999999999999,0.00824778021676753
2024-08-16,JPM,211.69000244140625,214.08999633789065,211.58999633789065,213.97000122070312,206.26736450195312,7931200,4.49,5.33,3.89,319.75,314.062,145.409,23478.57,14.8,4.2,1.15,0.0,False,False,0.011439312876546426,0.011374378669603977,0.2028002706967293,0.25895298320780896,0.24158997585150938,-0.028233749179251477,-0.7159076895345428,-0.46742520815773797,-1.44,-0.04999999999999982,0.0,-0.31000000000000005,-0.09999999999999964,0.1499999999999999,0.00824778021676753
2024-08-19,JPM,214.0,215.52999877929688,213.82000732421875,215.4499969482422,207.6940765380859,6090800,4.48,5.31,3.86,319.75,314.062,145.409,23478.57,14.65,4.2,1.15,0.0,False,False,0.006916809353615827,0.006892997963971174,0.1256945807395198,0.2596723230736566,0.2409672450064267,-0.010135135135135198,-0.7151066866918225,-0.46592710092322115,-1.4499999999999997,-0.040000000000000036,-0.020000000000000462,-0.3900000000000001,-0.1200000000000001,0.1499999999999999,0.00824778021676753
2024-08-20,JPM,215.0,216.0,213.67999267578125,214.52000427246097,206.7975616455078,5640000,4.43,5.29,3.82,319.75,314.062,145.409,23478.57,15.88,4.2,1.15,0.0,False,False,-0.004316516424163419,-0.004325859477171551,0.10071556723059126,0.26034925330541353,0.22163063618337028,0.08395904436860069,-0.720914804713766,-0.5059486503456961,-1.4700000000000002,-0.03000000000000025,-0.03000000000000025,-0.43999999999999995,-0.13999999999999968,0.1499999999999999,0.00824778021676753
2024-08-21,JPM,214.42999267578125,215.0,212.83999633789065,214.6000061035156,206.87469482421875,5202300,4.36,5.26,3.79,319.75,314.062,145.409,23478.57,16.27,4.2,1.15,0.0,False,False,0.00037298882103442565,0.0003729192779960972,0.10058249417335721,0.2603450061372607,0.21846391035356666,0.024559193954659886,-0.7218938710702396,-0.5073858488704874,-1.4699999999999998,-0.040000000000000036,-0.0600000000000005,-0.45999999999999996,-0.15000000000000036,0.1499999999999999,0.00824778021676753
2024-08-22,JPM,214.5800018310547,216.8000030517578,214.33999633789065,216.6300048828125,208.83160400390625,5247100,4.43,5.28,3.86,319.75,314.062,145.409,23478.57,17.55,4.2,1.15,0.0,False,False,0.0094593936747569,0.009414933766353568,0.08090154402827865,0.25963636858679856,0.21854999930063693,0.07867240319606639,-0.7026216914951462,-0.4986333355675105,-1.4200000000000004,-0.06000000000000005,-0.05999999999999961,-0.4200000000000004,-0.1200000000000001,0.1499999999999999,0.00824778021676753
2024-08-23,JPM,217.6000061035156,219.19000244140625,216.5,218.30999755859375,210.4511260986328,7214000,4.36,5.25,3.81,319.75,314.062,145.409,23478.57,15.86,4.2,1.15,0.0,False,False,0.007755158049239874,0.007725241383820313,0.08032483690908893,0.2603758899080571,0.21820341393235268,-0.09629629629629632,-0.7045937633431644,-0.5003362683917787,-1.44,-0.08000000000000007,-0.08000000000000007,-0.4599999999999995,-0.13999999999999968,0.1499999999999999,0.00824778021676753
2024-08-26,JPM,219.0099945068359,219.67999267578125,218.0500030517578,219.1699981689453,211.28016662597656,5105200,4.38,5.24,3.82,319.75,314.062,145.409,23478.57,16.15,4.2,1.15,0.0,False,False,0.003939349447601437,0.003931610528113721,0.07809797165398207,0.2548898476049956,0.2153968470140915,0.01828499369482972,-0.6962310934890164,-0.4948712756813711,-1.4200000000000004,-0.040000000000000036,-0.0699999999999994,-0.38000000000000034,-0.13999999999999968,0.1499999999999999,0.00824778021676753
2024-08-27,JPM,219.5099945068359,220.4199981689453,219.19000244140625,220.17999267578125,212.25379943847656,5185200,4.34,5.23,3.83,319.75,314.062,145.409,23478.57,15.43,4.2,1.15,0.0,False,False,0.00460825466037984,0.004597669162859964,0.0772474027137098,0.25334905887990794,0.21493569681138722,-0.04458204334365323,-0.7015076109768313,-0.49253820490747735,-1.4000000000000004,0.010000000000000231,-0.05999999999999961,-0.33999999999999986,-0.17999999999999972,0.1499999999999999,0.00824778021676753
2024-08-28,JPM,219.25,222.2100067138672,219.19000244140625,221.2899932861328,213.3238525390625,6506400,4.36,5.21,3.84,319.75,314.062,145.409,23478.57,17.11,4.2,1.15,0.0,False,False,0.005041384905319912,0.005028719673475475,0.07141346330547847,0.2448060517318596,0.21431420706305337,0.10887880751782242,-0.7355403991407866,-0.4817092349784871,-1.37,0.04999999999999982,-0.04999999999999982,-0.3100000000000005,-0.1900000000000004,0.1499999999999999,0.00824778021676753
2024-08-29,JPM,222.1499938964844,222.97999572753903,218.94000244140625,222.2100067138672,214.21072387695312,6416100,4.38,5.22,3.87,319.75,314.062,145.409,23478.57,15.65,4.2,1.15,0.0,False,False,0.00415739415604377,0.00414877607055464,0.0712831715692205,0.24066704910151035,0.21418900390049167,-0.08533021624780823,-0.7716938550104916,-0.4818967214269954,-1.3499999999999996,0.010000000000000231,-0.0600000000000005,-0.21999999999999975,-0.1900000000000004,0.1499999999999999,0.00824778021676753
2024-08-30,JPM,222.5,225.47999572753903,221.92999267578125,224.8000030517578,216.70750427246097,8574100,4.38,5.21,3.91,319.75,314.062,145.409,23478.57,15.0,4.2,1.15,0.0,False,False,0.011655720826292626,0.01158831617324711,0.07183186534856666,0.2245637183745935,0.2130647279670743,-0.04153354632587858,-0.7803420615885927,-0.47508768962265224,-1.2999999999999998,0.10000000000000009,-0.040000000000000036,-0.08000000000000007,-0.16000000000000014,0.1499999999999999,0.00824778021676753
2024-09-03,JPM,222.3000030517578,224.1000061035156,219.2400054931641,220.3000030517578,212.36949157714844,8956100,4.35,5.19,3.84,319.75,314.062,145.409,23478.57,20.72,4.2,1.15,0.0,False,False,-0.020017824070635126,-0.020220895310098682,0.14393329661613602,0.17156748582544926,0.21726740675608625,0.3813333333333333,-0.8968557016756634,-0.5076381681377383,-1.3500000000000005,0.020000000000000018,-0.04999999999999982,0.040000000000000036,-0.09999999999999964,0.1499999999999999,0.00824778021676753
2024-09-04,JPM,221.0399932861328,222.07000732421875,217.2100067138672,219.3300018310547,211.43441772460935,7389500,4.23,5.18,3.77,319.75,314.062,145.409,23478.57,21.32,4.2,1.15,0.0,False,False,-0.00440305170763855,-0.0044127736878921565,0.1440446948594568,0.14695506897900087,0.21553961033571503,0.02895752895752901,-0.8646998057891009,-0.5140039540325172,-1.4099999999999997,-0.06000000000000005,-0.05000000000000071,-0.009999999999999787,-0.16999999999999993,0.1499999999999999,0.00824778021676753
2024-09-05,JPM,220.1499938964844,220.8000030517578,216.02999877929688,217.6300048828125,209.7956085205078,8067900,4.21,5.15,3.73,319.75,314.062,145.409,23478.57,19.9,4.2,1.15,0.0,False,False,-0.007750910290471591,-0.00778110471970721,0.1525340443171207,0.13063400891868007,0.21518818546701332,-0.06660412757973744,-0.7375322365500621,-0.5124598916854752,-1.4200000000000004,-0.10999999999999988,-0.05999999999999961,-0.16999999999999993,-0.1899999999999995,0.1499999999999999,0.00824778021676753
2024-09-06,JPM,217.6000061035156,218.7400054931641,211.08999633789065,212.4600067138672,204.8117218017578,7777000,4.1,5.13,3.72,319.75,314.062,145.409,23478.57,22.38,4.2,1.15,0.0,False,False,-0.02375591535922361,-0.02404263711340912,0.19095185341712853,0.16251171670460873,0.2211534936380267,0.12462311557788941,-0.7215709961500913,-0.5219507855561264,-1.4099999999999997,-0.1499999999999999,-0.08999999999999986,-0.23999999999999977,-0.20999999999999996,0.1499999999999999,0.00824778021676753
2024-09-09,JPM,215.19000244140625,218.1499938964844,214.17999267578125,216.80999755859375,209.0051116943359,8935100,4.12,5.11,3.7,319.75,314.062,145.409,23478.57,19.45,4.2,1.15,0.0,False,False,0.020474364727214978,0.020267582645740512,0.2172970801977938,0.16523804817022247,0.22264508473261457,-0.13092046470062557,-0.7164102915219553,-0.5329736790989077,-1.4100000000000001,-0.20999999999999996,-0.09999999999999964,-0.29000000000000004,-0.22999999999999954,0.1499999999999999,0.00824778021676753
2024-09-10,JPM,218.6000061035156,218.63999938964844,200.61000061035156,205.55999755859375,198.1601104736328,28406900,4.07,5.06,3.65,319.75,314.062,145.409,23478.57,19.08,4.2,1.15,0.0,True,True,-0.051888688907109626,-0.05328336685527171,0.3389770493594033,0.2537148536528261,0.24799723209203797,-0.019023136246786643,-0.43474750987379496,-0.4653859898570726,-1.4099999999999997,-0.18999999999999995,-0.13000000000000078,-0.29000000000000004,-0.27000000000000046,0.1499999999999999,0.00824778021676753
2024-09-11,JPM,205.25,207.6999969482422,201.8300018310547,207.22999572753903,199.7699737548828,13658700,4.12,5.1,3.65,319.75,314.062,145.409,23478.57,17.69,4.2,1.15,0.0,False,False,0.00812405320829801,0.008091230735876531,0.34258828009969383,0.2552187108252472,0.24217133456647508,-0.07285115303983214,-0.44459161270058145,-0.4808986254702886,-1.4499999999999997,-0.1200000000000001,-0.08000000000000007,-0.25,-0.23000000000000043,0.1499999999999999,0.00824778021676753
2024-09-12,JPM,207.6499938964844,208.77999877929688,204.88999938964844,206.6000061035156,199.1626739501953,9054400,4.09,5.06,3.68,319.75,314.062,145.409,23478.57,17.07,4.2,1.15,0.0,False,False,-0.0030399954170923227,-0.0030446255893429967,0.3376317761666338,0.2536602644738361,0.24020203928934764,-0.035048049745619037,-0.4270287376811454,-0.49404072649641173,-1.3799999999999994,-0.04999999999999982,-0.09000000000000075,-0.16999999999999993,-0.2600000000000007,0.1499999999999999,0.00824778021676753
2024-09-13,JPM,206.86000061035156,207.8500061035156,203.02000427246097,204.32000732421875,196.9647674560547,10226700,4.0,4.97,3.66,319.75,314.062,145.409,23478.57,16.56,4.2,1.15,0.0,False,False,-0.011035735012727588,-0.011097080482114802,0.33233420779300016,0.25279652040594375,0.24062637108842608,-0.02987697715289994,-0.39003906478020905,-0.486726474746462,-1.3099999999999996,-0.06000000000000005,-0.16000000000000014,-0.16999999999999993,-0.35000000000000053,0.1499999999999999,0.00824778021676753
2024-09-16,JPM,205.8300018310547,208.2100067138672,205.58999633789065,207.86000061035156,200.3773193359375,8634900,3.96,4.96,3.63,319.75,314.062,145.409,23478.57,17.14,4.2,1.15,0.0,False,False,0.017325696996262074,0.017177318496828815,0.34276405758527917,0.2596947600795642,0.2428060806784087,0.035024154589372136,-0.3546275244268536,-0.47937618862470976,-1.33,-0.07000000000000028,-0.15000000000000036,-0.29000000000000004,-0.3799999999999999,0.1499999999999999,0.00824778021676753
2024-09-17,JPM,207.72999572753903,209.92999267578125,207.66000366210935,209.25,201.71728515625,7573300,3.99,4.95,3.65,319.75,314.062,145.409,23478.57,17.61,4.2,1.15,0.0,False,False,0.00668721302766806,0.006664952802766885,0.342131763492152,0.2574066537503668,0.24284896981618934,0.02742123687281217,-0.3413705699625772,-0.47835268120122487,-1.3000000000000003,0.0,-0.10999999999999943,-0.2400000000000002,-0.3799999999999999,0.1499999999999999,0.00824778021676753
2024-09-18,JPM,209.0099945068359,211.33999633789065,206.6999969482422,207.52999877929688,200.05918884277344,8259900,3.95,4.84,3.7,319.75,314.062,145.409,23478.57,18.23,4.2,1.15,0.0,False,False,-0.008219901989024891,-0.008253871663047838,0.342444471896542,0.2568556241536588,0.242859892425762,0.035207268597387875,-0.34049168385490924,-0.476809119237199,-1.1399999999999997,0.050000000000000266,-0.2599999999999998,-0.1599999999999997,-0.46999999999999975,0.1499999999999999,0.00824778021676753
2024-09-19,JPM,209.77999877929688,211.91000366210935,207.33999633789065,210.47999572753903,202.90298461914065,11635200,3.93,4.8,3.73,319.75,314.062,145.409,23478.57,16.33,4.2,1.15,0.0,False,False,0.014214772102280948,0.014114689548079727,0.3557944890148332,0.26243857647967,0.24383765997135373,-0.1042238069116842,-0.37072461531438633,-0.48952232779074456,-1.0699999999999998,0.04999999999999982,-0.2599999999999998,-0.08999999999999986,-0.4900000000000002,0.1499999999999999,0.00824778021676753
2024-09-20,JPM,209.92999267578125,211.4199981689453,209.5,211.08999633789065,203.4910430908203,20885000,3.92,4.75,3.73,319.75,314.062,145.409,23478.57,16.15,4.2,1.15,0.0,False,False,0.0028982248476210337,0.0028940330911361493,0.33711474346679887,0.26273844376185096,0.24242426836401412,-0.01102265768524191,-0.37261585981662354,-0.4944749995495079,-1.02,0.06999999999999984,-0.21999999999999975,-0.06000000000000005,-0.5099999999999998,0.1499999999999999,0.00824778021676753
2024-09-23,JPM,211.0,211.8000030517578,209.9900054931641,211.44000244140625,203.82843017578125,7223500,3.91,4.72,3.75,319.75,314.062,145.409,23478.57,15.89,4.2,1.15,0.0,False,False,0.001657994768891946,0.0016566218129248256,0.31713947016233845,0.260306635813346,0.24123488921662314,-0.01609907120743026,-0.40396943539414715,-0.49684563145265,-0.9699999999999998,0.1200000000000001,-0.2400000000000002,-0.10999999999999988,-0.5600000000000005,0.1499999999999999,0.00824778021676753
2024-09-24,JPM,211.1499938964844,212.9499969482422,210.3699951171875,211.58999633789065,203.97303771972656,7323200,3.88,4.69,3.74,319.75,314.062,145.409,23478.57,15.39,4.2,1.15,0.0,False,False,0.0007094571832819696,0.0007092056375014571,0.14323711125166372,0.25841869933719325,0.24101009934331566,-0.03146633102580243,-0.39075093861762566,-0.4993313854007414,-0.9500000000000002,0.0900000000000003,-0.2599999999999998,-0.06999999999999984,-0.5599999999999996,0.1499999999999999,0.00824778021676753
2024-09-25,JPM,211.67999267578125,212.2400054931641,208.61000061035156,210.19000244140625,202.6234588623047,8976500,3.89,4.69,3.79,319.75,314.062,145.409,23478.57,15.41,4.2,1.15,0.0,False,False,-0.0066164571185937104,-0.006638442903323492,0.14729249013049153,0.2582191249262653,0.2413567400585613,0.001299545159194171,-0.39339630278910165,-0.4994765646995582,-0.9000000000000004,0.08999999999999986,-0.14999999999999947,-0.029999999999999805,-0.5499999999999998,0.1499999999999999,0.00824778021676753
2024-09-26,JPM,211.1300048828125,211.6999969482422,209.0099945068359,209.77999877929688,202.2281951904297,7807500,3.96,4.68,3.79,319.75,314.062,145.409,23478.57,15.37,4.2,1.15,0.0,False,False,-0.0019507300590678733,-0.0019526352109774645,0.14646574346778093,0.25710741732696507,0.24092018268894672,-0.002595717066839809,-0.38770051772575037,-0.4980278236423033,-0.8899999999999997,0.06000000000000005,-0.1200000000000001,-0.040000000000000036,-0.5500000000000007,0.1499999999999999,0.00824778021676753
2024-09-27,JPM,210.6499938964844,212.44000244140625,209.3300018310547,210.5,202.92225646972656,7032500,3.9,4.68,3.75,319.75,314.062,145.409,23478.57,16.96,4.2,1.15,0.0,False,False,0.003432069789493619,0.0034261936789496883,0.12845209133327873,0.2565909493270768,0.23917849071405017,0.10344827586206917,-0.39530329057788915,-0.4983314477353913,-0.9299999999999997,0.020000000000000018,-0.07000000000000028,-0.08999999999999986,-0.5300000000000002,0.1499999999999999,0.00824778021676753
2024-09-30,JPM,206.30999755859375,210.9600067138672,205.2599945068359,210.86000061035156,203.2693328857422,8663800,3.98,4.73,3.81,319.75,314.062,145.409,23478.57,16.73,4.2,1.15,0.0,False,False,0.0017103910731812721,0.0017089300201138388,0.10114970449218688,0.2559470814115496,0.2372596158909932,-0.013561320754717054,-0.3880526019545379,-0.49892506016553984,-0.9200000000000004,0.06000000000000005,0.010000000000000675,-0.06000000000000005,-0.4899999999999993,0.1499999999999999,0.0
2024-10-01,JPM,208.8999938964844,209.08999633789065,206.19000244140625,207.0399932861328,199.58680725097656,8540100,3.96,4.71,3.74,321.731,315.631,146.294,23586.542,19.26,4.1,1.15,0.0,False,False,-0.01811648408781652,-0.018282596897517944,0.136403200006037,0.25615190019005807,0.2379745812074403,0.151225343693963,-0.4114765154806544,-0.5104746487706425,-0.9699999999999998,0.0,0.019999999999999574,-0.16999999999999993,-0.5,0.1499999999999999,0.004598746857240599
2024-10-02,JPM,207.0800018310547,208.9499969482422,205.69000244140625,207.2899932861328,199.82781982421875,5810900,3.97,4.69,3.79,321.731,315.631,146.294,23586.542,18.9,4.1,1.15,0.0,False,False,0.0012075576365080387,0.0012068291252059057,0.13057945689697367,0.24964153488890614,0.2379842693791292,-0.018691588785046842,-0.3758069944619217,-0.5105873386923611,-0.9000000000000004,0.0,0.0,-0.04999999999999982,-0.5,0.1499999999999999,0.004598746857240599
2024-10-03,JPM,206.1699981689453,206.4900054931641,204.33999633789065,205.22999572753903,197.84197998046875,7251300,4.02,4.68,3.85,321.731,315.631,146.294,23586.542,20.49,4.1,1.15,0.0,False,False,-0.009937754640454322,-0.009987463729443664,0.11172711946568263,0.2508117422810735,0.23731525227369552,0.08412698412698405,-0.38701843566279875,-0.5148142001733573,-0.8299999999999996,0.06000000000000005,0.0,0.08000000000000007,-0.5,0.1499999999999999,0.004598746857240599
2024-10-04,JPM,209.3000030517578,211.6699981689453,206.91000366210935,211.22000122070312,204.8641357421875,10211700,4.2,4.73,3.98,321.731,315.631,146.294,23586.542,19.21,4.1,1.25,0.0869565217391306,True,False,0.035493760032183186,0.034878375792064764,0.21902129906307796,0.28245556298766084,0.24732476574696585,-0.06246949731576368,-0.4522722745602235,-0.5131705374541194,-0.7500000000000004,0.22999999999999998,0.05000000000000071,0.25,-0.41999999999999993,0.25,0.004598746857240599
2024-10-07,JPM,211.02999877929688,213.3300018310547,209.69000244140625,210.92999267578125,204.5828399658203,6718900,4.24,4.77,4.03,321.731,315.631,146.294,23586.542,22.64,4.1,1.25,0.0869565217391306,False,False,-0.001373084534040614,-0.0013740280784191217,0.21916835097455964,0.26992639584570394,0.24626966234184175,0.17855283706402902,-0.3351002086683124,-0.5111274283358912,-0.7399999999999993,0.2200000000000002,0.03999999999999915,0.31000000000000005,-0.3600000000000003,0.19047619047619047,0.004598746857240599
2024-10-08,JPM,210.5800018310547,211.3300018310547,208.3800048828125,210.75,204.4082489013672,6021800,4.21,4.75,4.04,321.731,315.631,146.294,23586.542,21.42,4.1,1.25,0.0869565217391306,False,False,-0.0008534003364225606,-0.0008537646897972741,0.21924093555510935,0.2596106175290586,0.24627936760063648,-0.05388692579505294,-0.2496704128717055,-0.5092733892887243,-0.71,0.2999999999999998,0.040000000000000036,0.33999999999999986,-0.3600000000000003,0.19047619047619047,0.004598746857240599
2024-10-09,JPM,209.6999969482422,214.2400054931641,209.3800048828125,213.4199981689453,206.9979248046875,7024000,4.24,4.75,4.06,321.731,315.631,146.294,23586.542,20.86,4.1,1.25,0.0869565217391306,False,False,0.012669135992500413,0.012589553941438935,0.22361990936558937,0.1810422281344866,0.24745873176229288,-0.026143790849673332,-0.4577289245438959,-0.5105961375832455,-0.6900000000000004,0.2699999999999996,0.05999999999999961,0.4099999999999997,-0.3099999999999996,0.19047619047619047,0.004598746857240599
2024-10-10,JPM,214.80999755859375,214.80999755859375,211.47000122070312,212.83999633789065,206.43536376953125,7927100,4.22,4.75,4.09,321.731,315.631,146.294,23586.542,20.93,4.1,1.25,0.0869565217391306,False,False,-0.00271771340551874,-0.002721413093243595,0.22404637259971497,0.18039044146353483,0.24620278493953268,0.003355704697986628,-0.4413295472897006,-0.5186820605612128,-0.6600000000000001,0.23999999999999977,0.07000000000000028,0.43999999999999995,-0.34999999999999964,0.19047619047619047,0.004598746857240599
2024-10-11,JPM,215.6699981689453,224.6300048828125,215.16000366210935,222.2899932861328,215.6009979248047,18320700,4.18,4.73,4.08,321.731,315.631,146.294,23586.542,20.46,4.1,1.25,0.0869565217391306,True,False,0.044399534982320965,0.043442112594098165,0.3059615508161938,0.2303809046734284,0.25630372823935005,-0.022455805064500622,-0.42632544725599536,-0.5162754255757153,-0.6500000000000004,0.10000000000000009,0.0,0.3999999999999999,-0.3299999999999992,0.19047619047619047,0.004598746857240599
2024-10-14,JPM,223.1999969482422,223.6999969482422,218.8800048828125,221.47999572753903,214.81536865234375,9048900,4.18,4.73,4.055,321.731,315.631,146.294,23586.542,19.7,4.1,1.25,0.0869565217391306,False,False,-0.0036439036925745016,-0.0036505588817994958,0.30926106641604034,0.2257203980298655,0.25442129136158875,-0.03714565004887593,-0.44564301561997804,-0.5166059778026253,-0.6750000000000007,0.024999999999999467,-0.03999999999999915,0.3949999999999996,-0.23999999999999932,0.19047619047619047,0.004598746857240599
2024-10-15,JPM,223.66000366210935,225.4499969482422,221.82000732421875,222.38999938964844,215.697998046875,9235800,4.18,4.73,4.03,321.731,315.631,146.294,23586.542,20.64,4.1,1.25,0.0869565217391306,False,False,0.004108781415726792,0.0041003634239465455,0.2800470814775735,0.22068654833426207,0.25283199756237495,0.0477157360406093,-0.47001443739192406,-0.5298306283635554,-0.7000000000000002,-0.009999999999999787,-0.019999999999999574,0.40000000000000036,-0.22999999999999954,0.19047619047619047,0.004598746857240599
2024-10-16,JPM,222.3300018310547,223.67999267578125,221.0399932861328,223.63999938964844,216.9104156494141,6382500,4.17,4.72,4.02,321.731,315.631,146.294,23586.542,19.58,4.1,1.25,0.0869565217391306,False,False,0.0056209033626524185,0.00560516503355534,0.27802705117940707,0.22052603096542414,0.24406882632056232,-0.05135658914728691,-0.4714554942624503,-0.5288574821473554,-0.7000000000000002,-0.040000000000000036,-0.03000000000000025,0.36999999999999966,-0.23000000000000043,0.19047619047619047,0.004598746857240599
2024-10-17,JPM,224.27000427246097,225.8500061035156,223.30999755859375,224.4199981689453,217.6669158935547,6470200,4.21,4.74,4.09,321.731,315.631,146.294,23586.542,19.11,4.1,1.25,0.0869565217391306,False,False,0.003487616036674357,0.0034815484074794,0.2610562812485942,0.21638114319665488,0.2440785557701006,-0.02400408580183855,-0.4616205823962471,-0.5288838858809479,-0.6500000000000004,0.0,-0.009999999999999787,0.3899999999999997,-0.09999999999999964,0.19047619047619047,0.004598746857240599
2024-10-18,JPM,225.0,225.9199981689453,223.1000061035156,225.3699951171875,218.58831787109375,7000500,4.19,4.73,4.08,321.731,315.631,146.294,23586.542,18.03,4.1,1.25,0.0869565217391306,False,False,0.004233082339392569,0.004224148050526088,0.21988698310507357,0.21325538044601464,0.24414362852112825,-0.05651491365777073,-0.42837240033292695,-0.5311367811074653,-0.6500000000000004,0.0,0.0,0.3500000000000001,-0.0699999999999994,0.19047619047619047,0.004598746857240599
2024-10-21,JPM,225.22000122070312,225.6999969482422,222.8999938964844,223.0,216.2896423339844,5870000,4.24,4.73,4.19,321.731,315.631,146.294,23586.542,18.37,4.1,1.25,0.0869565217391306,False,False,-0.010516003597524914,-0.010571687488726084,0.23351598517015285,0.21880342554690643,0.24527082620934942,0.01885745978924014,-0.4269875736655268,-0.529728232067817,-0.54,0.13500000000000068,0.0,0.4600000000000004,-0.019999999999999574,0.19047619047619047,0.004598746857240599
2024-10-22,JPM,223.02000427246097,225.27999877929688,221.1000061035156,224.1199951171875,217.37594604492188,9586800,4.24,4.72,4.2,321.731,315.631,146.294,23586.542,18.2,4.1,1.25,0.0869565217391306,False,False,0.0050224490605059735,0.005009878635201442,0.23084325209877557,0.2188707720130428,0.24465661697155996,-0.009254218835057282,-0.4312238464636786,-0.5267632099714347,-0.5199999999999996,0.16999999999999993,-0.010000000000000675,0.4500000000000002,0.0,0.19047619047619047,0.004598746857240599
2024-10-23,JPM,223.66000366210935,224.8000030517578,222.52999877929688,223.41000366210935,216.6873321533203,6180500,4.27,4.73,4.24,321.731,315.631,146.294,23586.542,19.24,4.1,1.25,0.0869565217391306,False,False,-0.0031678477040842923,-0.0031728759555871497,0.2320911200205725,0.21980822105704267,0.24481037628235114,0.05714285714285716,-0.4489817996058846,-0.5275466854545328,-0.4900000000000002,0.22000000000000064,0.010000000000000675,0.5,0.040000000000000036,0.19047619047619047,0.004598746857240599
2024-10-24,JPM,221.8300018310547,225.05999755859375,221.66000366210935,224.97999572753903,218.2100524902344,6002200,4.25,4.7,4.21,321.731,315.631,146.294,23586.542,19.08,4.1,1.25,0.0869565217391306,False,False,0.007027269761375132,0.007002693569738551,0.2286396183944202,0.2174322786834184,0.2430040469569619,-0.008316008316008316,-0.46314183644208906,-0.5202061285207586,-0.4900000000000002,0.1200000000000001,-0.040000000000000036,0.41999999999999993,0.009999999999999787,0.19047619047619047,0.004598746857240599
2024-10-25,JPM,225.0,225.6199951171875,220.8800048828125,222.30999755859375,215.62039184570312,6369700,4.29,4.73,4.25,321.731,315.631,146.294,23586.542,20.33,4.1,1.25,0.0869565217391306,False,False,-0.011867742182258834,-0.011938726005283002,0.10972932356883631,0.223277647432193,0.24392122620959705,0.06551362683438167,-0.4903452129260823,-0.5232078003194999,-0.4800000000000004,0.16999999999999993,0.0,0.45999999999999996,0.05000000000000071,0.19047619047619047,0.004598746857240599
2024-10-28,JPM,223.3500061035156,225.63999938964844,222.9499969482422,225.5,218.71441650390625,6843000,4.28,4.7,4.28,321.731,315.631,146.294,23586.542,19.8,4.1,1.25,0.0869565217391306,False,False,0.014349406527454978,0.014247428188335768,0.12823851370882294,0.22662687321533054,0.24223880640069298,-0.026069847515986067,-0.52386735475561,-0.5405058848627172,-0.41999999999999993,0.08999999999999986,-0.03000000000000025,0.5300000000000002,0.020000000000000462,0.19047619047619047,0.004598746857240599
2024-10-29,JPM,225.2100067138672,226.75,222.80999755859375,222.8999938964844,216.1926422119141,6580000,4.29,4.7,4.28,321.731,315.631,146.294,23586.542,19.34,4.1,1.25,0.0869565217391306,False,False,-0.011529986602173192,-0.011596972291557586,0.14363620565359125,0.23261109297749477,0.24232662528489674,-0.02323232323232327,-0.4865276150881361,-0.547033906481803,-0.41999999999999993,0.08000000000000007,-0.019999999999999574,0.4700000000000002,-0.03000000000000025,0.19047619047619047,0.004598746857240599
2024-10-30,JPM,222.5399932861328,226.30999755859375,221.5800018310547,224.41000366210935,217.65721130371097,7110900,4.28,4.67,4.29,321.731,315.631,146.294,23586.542,20.35,4.1,1.25,0.0869565217391306,False,False,0.006774370657634643,0.00675152771507437,0.14494689439333103,0.2196428623791636,0.23769183241734712,0.05222337125129273,-0.3807755795015122,-0.5335564832164486,-0.3799999999999999,0.04999999999999982,-0.0600000000000005,0.5499999999999998,-0.040000000000000036,0.19047619047619047,0.004598746857240599
2024-10-31,JPM,224.6999969482422,225.69000244140625,221.82000732421875,221.9199981689453,215.24215698242188,7829900,4.27,4.64,4.28,321.731,315.631,146.294,23586.542,23.16,4.1,1.25,0.0869565217391306,False,False,-0.011095677955366257,-0.011157694157917172,0.15439477213018335,0.22580417340928402,0.22127207690069708,0.1380835380835379,-0.441257132028381,-0.4973429784038926,-0.35999999999999943,0.07000000000000028,-0.0600000000000005,0.4900000000000002,-0.05000000000000071,0.19047619047619047,0.004598746857240599
2024-11-01,JPM,223.55999755859375,226.1499938964844,222.6999969482422,222.94000244140625,216.23146057128903,6923500,4.28,4.61,4.37,322.657,316.528,146.447,23586.542,21.88,4.2,1.25,0.0869565217391306,False,False,0.0045962352484134605,0.004585704813758725,0.15475544715693873,0.22038316681279488,0.21618227415884725,-0.05526770293609673,-0.40060469975350355,-0.48756119742086546,-0.2400000000000002,0.1200000000000001,-0.1200000000000001,0.52,-0.0699999999999994,0.19047619047619047,0.004598746857240599
2024-11-04,JPM,222.6499938964844,223.7599945068359,219.1699981689453,219.77999877929688,213.16653442382812,8229600,4.25,4.65,4.31,322.657,316.528,146.447,23586.542,21.98,4.2,1.25,0.0869565217391306,False,False,-0.014174284072092425,-0.014275698696966363,0.1620584767567374,0.19900150685321713,0.21243353519531988,0.004570383912248621,-0.31533353407204623,-0.43691602106548166,-0.34000000000000075,0.02999999999999936,-0.04999999999999982,0.3299999999999996,-0.08000000000000007,0.19047619047619047,0.004598746857240599
2024-11-05,JPM,220.02999877929688,221.9600067138672,220.0,221.4900054931641,214.82508850097656,5600700,4.27,4.64,4.26,322.657,316.528,146.447,23586.542,20.49,4.2,1.25,0.0869565217391306,False,False,0.007780555618785989,0.0077504431893504555,0.16566325461380343,0.199624021043218,0.21277523668943454,-0.06778889899909013,-0.3666066170466829,-0.43968676862423217,-0.3799999999999999,-0.020000000000000462,-0.0600000000000005,0.22999999999999954,-0.1299999999999999,0.19047619047619047,0.004598746857240599
2024-11-06,JPM,235.0,248.0,234.77000427246097,247.05999755859375,239.62564086914065,23987800,4.31,4.64,4.42,322.657,316.528,146.447,23586.542,16.27,4.2,1.25,0.0869565217391306,True,False,0.1154453259682997,0.10925372066219917,0.5774265763361586,0.4201309858550792,0.301118989026909,-0.2059541239629087,-0.7259416451466525,-0.49058943229946816,-0.21999999999999975,0.1299999999999999,-0.03000000000000025,0.3799999999999999,-0.11000000000000032,0.19047619047619047,0.004598746857240599
2024-11-07,JPM,244.5,244.57000732421875,235.22000122070312,236.3800048828125,229.2670440673828,16451100,4.28,4.63,4.31,322.657,316.528,146.447,23586.542,15.2,4.2,1.25,0.0869565217391306,True,False,-0.0432282487140625,-0.0441904203792903,0.6389328058411662,0.45608617925399114,0.31540302123728836,-0.06576521204671171,-0.5958134256828,-0.4438229632821739,-0.3200000000000003,0.02999999999999936,-0.009999999999999787,0.25,-0.1200000000000001,0.19047619047619047,0.004598746857240599
2024-11-08,JPM,239.33999633789065,239.33999633789065,235.77999877929688,236.97999572753903,229.84896850585935,9502100,4.32,4.63,4.3,322.657,316.528,146.447,23586.542,14.94,4.2,1.25,0.0869565217391306,False,False,0.0025381948846756597,0.0025349791084012105,0.6323220573699382,0.4553473047916031,0.3154023023312313,-0.017105263157894735,-0.5940203547932855,-0.44377102956954567,-0.33000000000000007,-0.07000000000000028,0.019999999999999574,0.20999999999999996,-0.1200000000000001,0.19047619047619047,0.004598746857240599
2024-11-11,JPM,240.0,242.1000061035156,239.0,239.2899932861328,232.08946228027344,9017100,4.35,4.63,4.365,322.657,316.528,146.447,23586.542,14.97,4.2,1.25,0.0869565217391306,False,False,0.009747678177450592,0.00970047605537498,0.6311509595909448,0.4340677665613688,0.3155110946107547,0.002008032128514081,-0.6097220036276151,-0.44413404718521304,-0.2649999999999997,0.055000000000000604,-0.020000000000000462,0.28500000000000014,-0.10000000000000053,0.19047619047619047,0.004598746857240599
2024-11-12,JPM,240.5500030517578,241.4600067138672,238.7599945068359,239.55999755859375,232.3513336181641,6861000,4.38,4.63,4.43,322.657,316.528,146.447,23586.542,14.71,4.2,1.25,0.0869565217391306,False,False,0.0011283206713383898,0.0011276845959893869,0.6244505269839589,0.4333897609650419,0.31502534939475935,-0.01736806947227787,-0.6172545583340564,-0.4414643292611674,-0.20000000000000018,0.16999999999999993,-0.009999999999999787,0.375,-0.10000000000000053,0.19047619047619047,0.004598746857240599
2024-11-13,JPM,240.5800018310547,244.08999633789065,240.30999755859375,241.16000366210935,233.90318298339844,11472600,4.31,4.6,4.44,322.657,316.528,146.447,23586.542,14.02,4.2,1.25,0.0869565217391306,False,False,0.006678891577978074,0.006656686596565244,0.6244526499868137,0.43350723904034794,0.3150498158920953,-0.04690686607749839,-0.6284246018618407,-0.4418791297439974,-0.15999999999999925,0.020000000000000462,-0.040000000000000036,0.41000000000000014,-0.13000000000000078,0.19047619047619047,0.004598746857240599
2024-11-14,JPM,242.4199981689453,244.2899932861328,241.0500030517578,241.8699951171875,234.59182739257812,10172200,4.36,4.61,4.43,322.657,316.528,146.447,23586.542,14.31,4.2,1.25,0.0869565217391306,False,False,0.002944142958621221,0.002939817457590058,0.6168126079226607,0.43347024792392047,0.31450006495868116,0.020684736091298284,-0.6286666878663097,-0.44013680691345525,-0.1800000000000006,0.1200000000000001,-0.019999999999999574,0.41000000000000014,-0.10999999999999943,0.19047619047619047,0.004598746857240599
2024-11-15,JPM,241.4600067138672,246.4199981689453,241.4600067138672,245.30999755859375,237.9282989501953,11518800,4.34,4.6,4.43,322.657,316.528,146.447,23586.542,16.14,4.2,1.25,0.0869565217391306,False,False,0.014222454357004422,0.014122264103134526,0.6169289702817514,0.4349576018814871,0.3152846210920728,0.12788259958071269,-0.5384364727314668,-0.4171738049347155,-0.16999999999999993,0.1299999999999999,-0.03000000000000025,0.33999999999999986,-0.14000000000000057,0.19047619047619047,0.004598746857240599
2024-11-18,JPM,247.7599945068359,247.92999267578125,242.67999267578125,245.02999877929688,237.65675354003903,9051400,4.33,4.63,4.42,322.657,316.528,146.447,23586.542,15.58,4.2,1.25,0.0869565217391306,False,False,-0.0011412909324128861,-0.00114194270086123,0.6061483717761508,0.435356821882497,0.3150827608557318,-0.03469640644361838,-0.5386822453218221,-0.4134391535754754,-0.20999999999999996,0.054999999999999716,0.0,0.33999999999999986,-0.10000000000000053,0.19047619047619047,0.004598746857240599
2024-11-19,JPM,242.25,245.1499938964844,241.5500030517578,243.08999633789065,235.7751312255859,6792700,4.34,4.62,4.39,322.657,316.528,146.447,23586.542,16.35,4.2,1.25,0.0869565217391306,False,False,-0.007917394672885325,-0.007948903665035546,0.6134934408080842,0.4343456556105754,0.31571867092561207,0.04942233632862658,-0.5416836895595576,-0.41588445434225985,-0.23000000000000043,-0.040000000000000036,-0.009999999999999787,0.1999999999999993,-0.11000000000000032,0.19047619047619047,0.004598746857240599
2024-11-20,JPM,244.3999938964844,244.61000061035156,238.63999938964844,240.77999877929688,233.5346221923828,9015300,4.37,4.62,4.41,322.657,316.528,146.447,23586.542,17.16,4.2,1.25,0.0869565217391306,False,False,-0.009502736872869844,-0.009548175969882777,0.25903220552727396,0.4368848676647516,0.31620454183472585,0.04954128440366956,-0.5485640911338346,-0.42714363014674706,-0.20999999999999996,-0.03000000000000025,0.020000000000000462,0.20999999999999996,-0.09999999999999964,0.19047619047619047,0.004598746857240599
2024-11-21,JPM,243.22999572753903,245.4900054931641,242.11000061035156,244.7599945068359,237.39486694335935,8783500,4.39,4.63,4.43,322.657,316.528,146.447,23586.542,16.87,4.2,1.25,0.0869565217391306,False,False,0.016529646502677853,0.01639451893659585,0.13565888715999702,0.4384231027294094,0.3173409739321501,-0.0168997668997668,-0.5491734005330672,-0.42778647571935596,-0.20000000000000018,0.0,0.019999999999999574,0.1899999999999995,-0.10000000000000053,0.19047619047619047,0.004598746857240599
2024-11-22,JPM,243.61000061035156,249.1499938964844,243.02999877929688,248.5500030517578,241.07083129882812,7997300,4.42,4.63,4.41,322.657,316.528,146.447,23586.542,15.24,4.2,1.25,0.0869565217391306,False,False,0.015484599152457035,0.01536593614531654,0.1478863750360033,0.440015927806719,0.31845873988028045,-0.0966212211025489,-0.549273215463898,-0.4342143022699589,-0.21999999999999975,-0.019999999999999574,0.03000000000000025,0.20000000000000018,-0.07000000000000028,0.19047619047619047,0.004598746857240599
2024-11-25,JPM,249.58999633789065,254.30999755859375,249.05999755859375,250.2899932861328,242.7584686279297,10295400,4.37,4.62,4.27,322.657,316.528,146.447,23586.542,14.6,4.2,1.25,0.0869565217391306,False,False,0.007000587005939307,0.006976196661716421,0.14596140708919983,0.435838490264021,0.31857026278278716,-0.04199475065616798,-0.5360270738883326,-0.43512494345971414,-0.35000000000000053,-0.15000000000000036,-0.009999999999999787,0.019999999999999574,-0.11000000000000032,0.19047619047619047,0.004598746857240599
2024-11-26,JPM,250.4900054931641,251.0,248.33999633789065,249.97000122070312,242.44808959960935,6212100,4.37,4.61,4.3,322.657,316.528,146.447,23586.542,14.1,4.2,1.25,0.0869565217391306,False,False,-0.0012785507754872194,-0.001279368818877652,0.148001879295822,0.4352956434023476,0.3185869026402329,-0.03424657534246578,-0.5297135995165699,-0.44186880540554685,-0.3100000000000005,-0.08999999999999986,-0.009999999999999787,0.019999999999999574,-0.08999999999999986,0.19047619047619047,0.004598746857240599
2024-11-27,JPM,249.3500061035156,251.19000244140625,248.77000427246097,249.7899932861328,242.27349853515625,5472300,4.34,4.6,4.25,322.657,316.528,146.447,23586.542,14.1,4.2,1.25,0.0869565217391306,False,False,-0.0007201173032190811,-0.0007203767122283659,0.149275775441424,0.4317159554189075,0.31860420420654734,0.0,-0.5398703472113712,-0.4440597667439949,-0.34999999999999964,-0.16000000000000014,-0.020000000000000462,-0.03000000000000025,-0.10000000000000053,0.19047619047619047,0.004598746857240599
2024-11-29,JPM,249.86000061035156,251.77000427246097,249.4499969482422,249.72000122070312,242.2056121826172,5494800,4.3,4.58,4.18,322.657,316.528,146.447,23586.542,13.51,4.2,1.25,0.0869565217391306,False,False,-0.0002802054411626953,-0.00028024470604231714,0.15049401822244207,0.4321304448275063,0.31802921184344085,-0.04184397163120568,-0.546411109198855,-0.4398901656140869,-0.40000000000000036,-0.25,-0.04999999999999982,-0.11000000000000032,-0.08999999999999986,0.19047619047619047,0.004598746857240599
2024-12-02,JPM,249.5500030517578,250.25,245.02999877929688,246.25,238.84002685546875,8899700,4.3,4.51,4.19,322.657,316.528,146.447,23586.542,13.34,4.2,1.25,0.0869565217391306,False,False,-0.013895571191847034,-0.013993018417601144,0.15925509995609594,0.4335827575359907,0.31651953978403113,-0.012583271650629113,-0.5542987733330906,-0.4447512265578587,-0.3199999999999994,-0.21999999999999975,-0.1200000000000001,-0.08999999999999986,-0.1299999999999999,0.19047619047619047,0.004598746857240599
2024-12-03,JPM,248.22999572753903,249.0399932861328,244.6300048828125,244.82000732421875,237.45306396484375,6657700,4.27,4.49,4.23,322.657,316.528,146.447,23586.542,13.3,4.2,1.25,0.0869565217391306,False,False,-0.00580707894269461,-0.005824005587000969,0.16221684909958736,0.43519066960858505,0.3166458565211574,-0.0029985007496251548,-0.5608582807608773,-0.4430976897453211,-0.2599999999999998,-0.03999999999999915,-0.1299999999999999,-0.13999999999999968,-0.1200000000000001,0.19047619047619047,0.004598746857240599
2024-12-04,JPM,244.6999969482422,245.3500061035156,242.22999572753903,243.3999938964844,236.0757751464844,7346300,4.23,4.47,4.19,322.657,316.528,146.447,23586.542,13.45,4.2,1.25,0.0869565217391306,False,False,-0.005800257092337446,-0.005817143913770303,0.15965629477030518,0.4315741723236209,0.31642754443208576,0.011278195488721776,-0.5599600456913436,-0.4550442471525957,-0.27999999999999936,-0.10999999999999943,-0.14000000000000057,-0.11999999999999922,-0.1800000000000006,0.19047619047619047,0.004598746857240599
2024-12-05,JPM,245.38999938964844,247.17999267578125,244.6199951171875,245.47999572753903,238.0931854248047,6572500,4.23,4.46,4.17,322.657,316.528,146.447,23586.542,13.54,4.2,1.25,0.0869565217391306,False,False,0.008545604804510276,0.008509297820564619,0.15467062447281657,0.43164619014618977,0.3122613252303018,0.006691449814126393,-0.5598935609752804,-0.4325602255552047,-0.29000000000000004,-0.08000000000000007,-0.13999999999999968,-0.08999999999999986,-0.17999999999999972,0.19047619047619047,0.004598746857240599
2024-12-06,JPM,245.6999969482422,247.7400054931641,244.83999633789065,247.36000061035156,239.9166259765625,5519700,4.19,4.42,4.15,322.657,316.528,146.447,23586.542,12.77,4.2,1.25,0.0869565217391306,False,False,0.007658516343105104,0.007629338783340063,0.13696980473687662,0.2073596255327538,0.3103374840449307,-0.05686853766617428,0.1060264000164518,-0.4211117576056026,-0.2699999999999996,-0.02999999999999936,-0.16000000000000014,-0.2699999999999996,-0.21999999999999975,0.19047619047619047,0.004598746857240599
2024-12-09,JPM,247.1300048828125,247.8699951171875,243.7599945068359,243.80999755859375,236.4734649658203,7076500,4.2,4.42,4.2,322.657,316.528,146.447,23586.542,14.19,4.2,1.25,0.0869565217391306,False,False,-0.014351489800788375,-0.014455468461972418,0.131434488939948,0.14301020457267316,0.29125714568030064,0.11119812059514489,-0.32503684012212003,-0.47141994805051407,-0.21999999999999975,0.009999999999999787,-0.08999999999999986,-0.10999999999999943,-0.20999999999999996,0.19047619047619047,0.004598746857240599
2024-12-10,JPM,243.88999938964844,247.9600067138672,242.22000122070312,242.86000061035156,235.55206298828125,9108300,4.22,4.41,4.22,322.657,316.528,146.447,23586.542,14.18,4.2,1.25,0.0869565217391306,False,False,-0.0038964286232802126,-0.0039040394778221336,0.12179679136330408,0.14414315823653087,0.2913603980939065,-0.0007047216349541641,-0.32171585464371055,-0.47107380437090324,-0.1900000000000004,-0.010000000000000675,-0.08000000000000007,-0.08000000000000007,-0.21999999999999975,0.19047619047619047,0.004598746857240599
2024-12-11,JPM,244.0,244.27000427246097,242.17999267578125,243.52999877929688,236.2018585205078,7884400,4.21,4.38,4.26,322.657,316.528,146.447,23586.542,13.58,4.2,1.25,0.0869565217391306,False,False,0.002758606840386202,0.0027548088676753006,0.1250453643141453,0.14093458554311847,0.29113327511722537,-0.042313117066290484,-0.33558850678062235,-0.47352418416952036,-0.1200000000000001,0.0699999999999994,-0.08999999999999986,-0.10500000000000043,-0.25,0.19047619047619047,0.004598746857240599
2024-12-12,JPM,243.0,244.1000061035156,241.0399932861328,241.52999877929688,234.26205444335935,6113800,4.22,4.35,4.32,322.657,316.528,146.447,23586.542,13.92,4.2,1.25,0.0869565217391306,False,False,-0.008212484394910291,-0.008246392619667902,0.12754318307906293,0.14438913399775438,0.29063928543881323,0.025036818851251752,-0.350115454036046,-0.4836855231430851,-0.02999999999999936,0.15000000000000036,-0.11000000000000032,-0.10999999999999943,-0.28000000000000025,0.19047619047619047,0.004598746857240599
2024-12-13,JPM,242.07000732421875,242.72000122070312,239.13999938964844,239.94000244140625,232.71990966796875,10392700,4.24,4.34,4.4,322.657,316.528,146.447,23586.542,13.81,4.2,1.25,0.0869565217391306,False,False,-0.0065829900580994805,-0.006604753502090099,0.12721451383614596,0.14444498892499008,0.28973243736467397,-0.007902298850574696,-0.31943995791582497,-0.49255633375913227,0.0600000000000005,0.25,-0.08000000000000007,-0.040000000000000036,-0.2599999999999998,0.19047619047619047,0.004598746857240599
2024-12-16,JPM,240.61000061035156,240.6699981689453,237.52000427246097,239.5800018310547,232.3707275390625,9032000,4.24,4.37,4.39,322.657,316.528,146.447,23586.542,14.69,4.2,1.25,0.0869565217391306,False,False,-0.0015004394312649882,-0.0015015662177660773,0.11455094270509583,0.14403125524302693,0.2897013460854857,0.06372194062273717,-0.32449123738101443,-0.49433203231074235,0.019999999999999574,0.1899999999999995,-0.04999999999999982,-0.040000000000000036,-0.2400000000000002,0.19047619047619047,0.004598746857240599
2024-12-17,JPM,238.6499938964844,239.02000427246097,236.6300048828125,238.36000061035156,231.18743896484375,8083600,4.25,4.38,4.4,322.657,316.528,146.447,23586.542,15.87,4.2,1.25,0.0869565217391306,False,False,-0.005092244564323778,-0.005105254226054273,0.11406597485307259,0.13460745869325524,0.28930570555835144,0.08032675289312463,-0.6458699635869534,-0.49292654653987067,0.020000000000000462,0.1800000000000006,-0.03000000000000025,-0.02999999999999936,-0.21999999999999975,0.19047619047619047,0.004598746857240599
2024-12-18,JPM,239.0,239.07000732421875,229.52999877929688,230.3699951171875,223.4378662109375,11322400,4.3,4.36,4.5,322.657,316.528,146.447,23586.542,27.62,4.2,1.25,0.0869565217391306,True,False,-0.033520734468124425,-0.03409543371247616,0.19529405568731695,0.1759606145760581,0.29725862371919437,0.7403906742281035,-0.7564030134310767,-0.45989917415518006,0.13999999999999968,0.2400000000000002,-0.019999999999999574,0.08000000000000007,-0.2699999999999996,0.19047619047619047,0.004598746857240599
2024-12-19,JPM,232.27000427246097,236.36000061035156,232.27000427246097,232.9600067138672,225.949951171875,11790800,4.28,4.35,4.57,322.657,316.528,146.447,23586.542,24.09,4.2,1.25,0.0869565217391306,False,False,0.011242879300350728,0.01118014788280713,0.20103521850003211,0.18148712877328213,0.2978744540185329,-0.12780593772628535,-0.7709935482087039,-0.46306495867920366,0.22000000000000064,0.25,0.0,0.1800000000000006,-0.27000000000000046,0.19047619047619047,0.004598746857240599
2024-12-20,JPM,231.9199981689453,239.2100067138672,231.58999633789065,237.6000061035156,230.45030212402344,32348400,4.27,4.34,4.52,322.657,316.528,146.447,23586.542,18.36,4.2,1.25,0.0869565217391306,False,True,0.019917468133131555,0.019721710427529134,0.229807151741216,0.1940891408964329,0.3000563680319921,-0.2378580323785804,-0.8017186234967235,-0.47467108664834684,0.17999999999999972,0.11999999999999922,0.0,0.10999999999999943,-0.28000000000000025,0.19047619047619047,0.004598746857240599
2024-12-23,JPM,236.07000732421875,238.6199951171875,234.8800048828125,238.38999938964844,231.216552734375,8611500,4.26,4.36,4.59,322.657,316.528,146.447,23586.542,16.78,4.2,1.25,0.0869565217391306,False,False,0.003325014561877948,0.0033194989239621092,0.22448030091479645,0.1846933390052874,0.3000579633347744,-0.08605664488017417,-0.8350258626826083,-0.4738638109844844,0.22999999999999954,0.20000000000000018,-0.009999999999999787,0.16000000000000014,-0.2699999999999996,0.19047619047619047,0.004598746857240599
2024-12-24,JPM,239.42999267578125,242.4900054931641,239.07000732421875,242.30999755859375,235.01858520507812,3729100,4.24,4.4,4.59,322.657,316.528,146.447,23586.542,14.27,4.2,1.25,0.0869565217391306,False,False,0.01644359984499455,0.016309867888787646,0.24251540107375633,0.18578940291159884,0.3008848208503753,-0.14958283671036954,-0.8453661677646911,-0.48159881349876776,0.1899999999999995,0.1899999999999995,0.020000000000000462,0.17999999999999972,-0.22999999999999954,0.19047619047619047,0.004598746857240599
2024-12-26,JPM,241.42999267578125,243.2599945068359,240.7899932861328,243.13999938964844,235.82359313964844,4451800,4.23,4.35,4.58,322.657,316.528,146.447,23586.542,14.73,4.2,1.25,0.0869565217391306,False,False,0.0034252947862309924,0.003419441825646865,0.242767013822152,0.18421647193239132,0.30076408238787683,0.03223545900490543,-0.8415528192712545,-0.4816886927696648,0.23000000000000043,0.08000000000000007,-0.010000000000000675,0.3100000000000005,-0.27000000000000046,0.19047619047619047,0.004598746857240599
2024-12-27,JPM,242.72000122070312,243.38999938964844,240.0399932861328,241.1699981689453,233.9128875732422,5730200,4.2,4.31,4.62,322.657,316.528,146.447,23586.542,15.95,4.2,1.25,0.0869565217391306,False,False,-0.008102266363462562,-0.008135268103716306,0.24266399503258498,0.18569420716420423,0.3014978741836444,0.08282416836388307,-0.843596321700853,-0.48782491405638867,0.3100000000000005,0.04999999999999982,-0.040000000000000036,0.3200000000000003,-0.3000000000000007,0.19047619047619047,0.004598746857240599
2024-12-30,JPM,238.77000427246097,240.83999633789065,237.11000061035156,239.32000732421875,232.1185607910156,5723800,4.17,4.37,4.55,322.657,316.528,146.447,23586.542,17.4,4.2,1.25,0.0869565217391306,False,False,-0.007670918865745557,-0.007700491694788829,0.2435409503023769,0.186798085980977,0.30215386723600857,0.09090909090909083,-0.8446945418557552,-0.4908585832208464,0.17999999999999972,0.03000000000000025,0.03000000000000025,0.2999999999999998,-0.22999999999999954,0.19047619047619047,0.004598746857240599
2024-12-31,JPM,240.0500030517578,241.44000244140625,239.02999877929688,239.7100067138672,232.496826171875,4871000,4.16,4.37,4.58,322.657,316.528,146.447,23586.542,17.35,4.2,1.25,0.0869565217391306,False,False,0.0016296214295417055,0.0016282950373557928,0.24360053492450431,0.18714118421958928,0.2993035461752361,-0.002873563218390607,-0.8450723166901689,-0.48023177252233773,0.20999999999999996,-0.009999999999999787,0.009999999999999787,0.40000000000000036,-0.20999999999999996,0.19047619047619047,0.0
